005,0,0,45,11.205682754516602,{'activation': 'tanh', 'alpha': 0.05, 'hidden_layer_sizes': (25, 25), 'learning_rate': 'invscaling', 'max_iter': 50000, 'solver': 'sgd'}
005,1,0,60,11.155470609664917,{'activation': 'relu', 'alpha': 0.05, 'hidden_layer_sizes': (50,), 'learning_rate': 'invscaling', 'max_iter': 50000, 'solver': 'sgd'}
005,2,0,35,11.513691425323486,{'activation': 'logistic', 'alpha': 0.05, 'hidden_layer_sizes': (50, 50), 'learning_rate': 'adaptive', 'max_iter': 20000, 'solver': 'sgd'}
005,3,0,50,10.45388126373291,{'activation': 'logistic', 'alpha': 0.05, 'hidden_layer_sizes': (50, 50), 'learning_rate': 'adaptive', 'max_iter': 20000, 'solver': 'sgd'}
005,4,0,50,11.0698823928833,{'activation': 'logistic', 'alpha': 0.05, 'hidden_layer_sizes': (50,), 'learning_rate': 'invscaling', 'max_iter': 5000, 'solver': 'sgd'}
010,0,0,60,11.936413049697876,{'activation': 'relu', 'alpha': 0.05, 'hidden_layer_sizes': (25, 25), 'learning_rate': 'invscaling', 'max_iter': 20000, 'solver': 'sgd'}
010,1,0,50,12.967596769332886,{'activation': 'tanh', 'alpha': 0.0001, 'hidden_layer_sizes': (50, 25, 50), 'learning_rate': 'invscaling', 'max_iter': 20000, 'solver': 'sgd'}
010,2,0,45,12.26960277557373,{'activation': 'relu', 'alpha': 0.0001, 'hidden_layer_sizes': (25, 25), 'learning_rate': 'invscaling', 'max_iter': 50000, 'solver': 'sgd'}
010,3,0,75,12.155165195465088,{'activation': 'tanh', 'alpha': 0.05, 'hidden_layer_sizes': (50,), 'learning_rate': 'invscaling', 'max_iter': 5000, 'solver': 'sgd'}
010,4,0,80,12.001554012298584,{'activation': 'tanh', 'alpha': 0.0001, 'hidden_layer_sizes': (50,), 'learning_rate': 'constant', 'max_iter': 5000, 'solver': 'sgd'}
015,0,0,65,14.405486583709717,{'activation': 'tanh', 'alpha': 0.0001, 'hidden_layer_sizes': (50, 25, 50), 'learning_rate': 'adaptive', 'max_iter': 5000, 'solver': 'sgd'}
015,1,0,45,13.903822422027588,{'activation': 'tanh', 'alpha': 0.05, 'hidden_layer_sizes': (50, 50), 'learning_rate': 'invscaling', 'max_iter': 50000, 'solver': 'sgd'}
015,2,0,80,13.788980960845947,{'activation': 'logistic', 'alpha': 0.0001, 'hidden_layer_sizes': (50, 25, 50), 'learning_rate': 'invscaling', 'max_iter': 10000, 'solver': 'adam'}
015,3,0,80,14.313761472702026,{'activation': 'tanh', 'alpha': 0.0001, 'hidden_layer_sizes': (25,), 'learning_rate': 'constant', 'max_iter': 10000, 'solver': 'sgd'}
015,4,0,55,14.172166585922241,{'activation': 'tanh', 'alpha': 0.05, 'hidden_layer_sizes': (25,), 'learning_rate': 'invscaling', 'max_iter': 20000, 'solver': 'sgd'}
020,0,0,75,15.400992393493652,{'activation': 'logistic', 'alpha': 0.05, 'hidden_layer_sizes': (25,), 'learning_rate': 'adaptive', 'max_iter': 20000, 'solver': 'adam'}
020,1,0,45,15.198410749435425,{'activation': 'relu', 'alpha': 0.0001, 'hidden_layer_sizes': (50, 50), 'learning_rate': 'invscaling', 'max_iter': 10000, 'solver': 'sgd'}
020,2,0,80,15.814534187316895,{'activation': 'tanh', 'alpha': 0.05, 'hidden_layer_sizes': (50, 25, 50), 'learning_rate': 'constant', 'max_iter': 5000, 'solver': 'sgd'}
020,3,0,75,15.085280656814575,{'activation': 'tanh', 'alpha': 0.0001, 'hidden_layer_sizes': (50, 50), 'learning_rate': 'invscaling', 'max_iter': 50000, 'solver': 'adam'}
020,4,0,50,15.035141229629517,{'activation': 'logistic', 'alpha': 0.05, 'hidden_layer_sizes': (50, 50), 'learning_rate': 'adaptive', 'max_iter': 10000, 'solver': 'sgd'}
005,0,0,60,11.331303834915161,{'activation': 'relu', 'alpha': 0.0001, 'hidden_layer_sizes': (25, 25), 'learning_rate': 'invscaling', 'max_iter': 5000, 'solver': 'sgd'}
005,1,0,75,11.154074907302856,{'activation': 'tanh', 'alpha': 0.05, 'hidden_layer_sizes': (50,), 'learning_rate': 'constant', 'max_iter': 5000, 'solver': 'sgd'}
005,2,0,50,11.571487426757812,{'activation': 'logistic', 'alpha': 0.0001, 'hidden_layer_sizes': (50, 50), 'learning_rate': 'adaptive', 'max_iter': 5000, 'solver': 'sgd'}
005,3,0,50,10.624772310256958,{'activation': 'relu', 'alpha': 0.0001, 'hidden_layer_sizes': (25, 25), 'learning_rate': 'invscaling', 'max_iter': 10000, 'solver': 'sgd'}
005,4,0,50,11.244757413864136,{'activation': 'logistic', 'alpha': 0.0001, 'hidden_layer_sizes': (25,), 'learning_rate': 'invscaling', 'max_iter': 5000, 'solver': 'sgd'}
010,0,0,30,11.931853532791138,{'activation': 'relu', 'alpha': 0.05, 'hidden_layer_sizes': (25, 25), 'learning_rate': 'invscaling', 'max_iter': 5000, 'solver': 'sgd'}
010,1,0,60,12.537433862686157,{'activation': 'relu', 'alpha': 0.05, 'hidden_layer_sizes': (50,), 'learning_rate': 'invscaling', 'max_iter': 10000, 'solver': 'sgd'}
010,2,0,30,12.153784275054932,{'activation': 'tanh', 'alpha': 0.05, 'hidden_layer_sizes': (25,), 'learning_rate': 'invscaling', 'max_iter': 20000, 'solver': 'sgd'}
010,3,0,75,12.051830053329468,{'activation': 'relu', 'alpha': 0.0001, 'hidden_layer_sizes': (50, 25, 50), 'learning_rate': 'invscaling', 'max_iter': 10000, 'solver': 'sgd'}
010,4,0,35,11.835586547851562,{'activation': 'tanh', 'alpha': 0.0001, 'hidden_layer_sizes': (25,), 'learning_rate': 'invscaling', 'max_iter': 50000, 'solver': 'sgd'}
015,0,0,55,13.562159776687622,{'activation': 'tanh', 'alpha': 0.0001, 'hidden_layer_sizes': (25,), 'learning_rate': 'invscaling', 'max_iter': 20000, 'solver': 'sgd'}
015,1,0,50,14.390572547912598,{'activation': 'tanh', 'alpha': 0.05, 'hidden_layer_sizes': (50,), 'learning_rate': 'invscaling', 'max_iter': 50000, 'solver': 'sgd'}
015,2,0,55,13.835128545761108,{'activation': 'tanh', 'alpha': 0.0001, 'hidden_layer_sizes': (50, 25, 50), 'learning_rate': 'invscaling', 'max_iter': 20000, 'solver': 'sgd'}
015,3,0,60,13.882585287094116,{'activation': 'tanh', 'alpha': 0.05, 'hidden_layer_sizes': (50, 25, 50), 'learning_rate': 'invscaling', 'max_iter': 50000, 'solver': 'sgd'}
015,4,0,50,14.144567489624023,{'activation': 'relu', 'alpha': 0.0001, 'hidden_layer_sizes': (25,), 'learning_rate': 'invscaling', 'max_iter': 50000, 'solver': 'sgd'}
020,0,0,65,15.169816970825195,{'activation': 'tanh', 'alpha': 0.05, 'hidden_layer_sizes': (25, 25), 'learning_rate': 'constant', 'max_iter': 50000, 'solver': 'adam'}
020,1,0,75,15.324040412902832,{'activation': 'logistic', 'alpha': 0.0001, 'hidden_layer_sizes': (50,), 'learning_rate': 'adaptive', 'max_iter': 10000, 'solver': 'adam'}
020,2,0,50,15.08837103843689,{'activation': 'tanh', 'alpha': 0.0001, 'hidden_layer_sizes': (25,), 'learning_rate': 'invscaling', 'max_iter': 5000, 'solver': 'sgd'}
020,3,0,75,15.847589015960693,{'activation': 'tanh', 'alpha': 0.0001, 'hidden_layer_sizes': (25,), 'learning_rate': 'adaptive', 'max_iter': 20000, 'solver': 'sgd'}
020,4,0,70,15.712902307510376,{'activation': 'tanh', 'alpha': 0.0001, 'hidden_layer_sizes': (25, 25), 'learning_rate': 'adaptive', 'max_iter': 20000, 'solver': 'sgd'}
005,0,0,50,11.127691745758057,{'activation': 'logistic', 'alpha': 0.0001, 'hidden_layer_sizes': (25,), 'learning_rate': 'invscaling', 'max_iter': 5000, 'solver': 'sgd'}
005,1,0,55,11.244242191314697,{'activation': 'relu', 'alpha': 0.05, 'hidden_layer_sizes': (25, 25), 'learning_rate': 'invscaling', 'max_iter': 10000, 'solver': 'sgd'}
005,2,0,50,11.373295068740845,{'activation': 'logistic', 'alpha': 0.0001, 'hidden_layer_sizes': (25,), 'learning_rate': 'invscaling', 'max_iter': 5000, 'solver': 'sgd'}
005,3,0,60,10.703636407852173,{'activation': 'relu', 'alpha': 0.05, 'hidden_layer_sizes': (25,), 'learning_rate': 'invscaling', 'max_iter': 20000, 'solver': 'sgd'}
005,4,0,35,11.294163465499878,{'activation': 'tanh', 'alpha': 0.0001, 'hidden_layer_sizes': (25, 25), 'learning_rate': 'invscaling', 'max_iter': 50000, 'solver': 'sgd'}
010,0,0,50,11.93798041343689,{'activation': 'tanh', 'alpha': 0.0001, 'hidden_layer_sizes': (50,), 'learning_rate': 'invscaling', 'max_iter': 50000, 'solver': 'sgd'}
010,1,0,50,12.481637001037598,{'activation': 'tanh', 'alpha': 0.05, 'hidden_layer_sizes': (50,), 'learning_rate': 'invscaling', 'max_iter': 50000, 'solver': 'sgd'}
010,2,0,50,12.435639142990112,{'activation': 'tanh', 'alpha': 0.05, 'hidden_layer_sizes': (25, 25), 'learning_rate': 'invscaling', 'max_iter': 50000, 'solver': 'sgd'}
010,3,0,55,12.004095554351807,{'activation': 'tanh', 'alpha': 0.0001, 'hidden_layer_sizes': (25,), 'learning_rate': 'invscaling', 'max_iter': 5000, 'solver': 'sgd'}
010,4,0,70,12.237046480178833,{'activation': 'tanh', 'alpha': 0.0001, 'hidden_layer_sizes': (25,), 'learning_rate': 'constant', 'max_iter': 5000, 'solver': 'sgd'}
015,0,0,75,14.285788774490356,{'activation': 'tanh', 'alpha': 0.0001, 'hidden_layer_sizes': (50,), 'learning_rate': 'constant', 'max_iter': 50000, 'solver': 'sgd'}
015,1,0,45,14.183282852172852,{'activation': 'tanh', 'alpha': 0.0001, 'hidden_layer_sizes': (50,), 'learning_rate': 'invscaling', 'max_iter': 5000, 'solver': 'sgd'}
015,2,0,45,14.165768384933472,{'activation': 'tanh', 'alpha': 0.05, 'hidden_layer_sizes': (25,), 'learning_rate': 'invscaling', 'max_iter': 50000, 'solver': 'sgd'}
015,3,0,75,14.391053199768066,{'activation': 'tanh', 'alpha': 0.0001, 'hidden_layer_sizes': (25,), 'learning_rate': 'constant', 'max_iter': 20000, 'solver': 'sgd'}
015,4,0,60,13.779023885726929,{'activation': 'tanh', 'alpha': 0.05, 'hidden_layer_sizes': (25,), 'learning_rate': 'invscaling', 'max_iter': 50000, 'solver': 'sgd'}
020,0,0,65,14.85686182975769,{'activation': 'tanh', 'alpha': 0.05, 'hidden_layer_sizes': (25,), 'learning_rate': 'invscaling', 'max_iter': 50000, 'solver': 'sgd'}
020,1,0,75,15.925403833389282,{'activation': 'relu', 'alpha': 0.0001, 'hidden_layer_sizes': (25, 25), 'learning_rate': 'adaptive', 'max_iter': 10000, 'solver': 'sgd'}
020,2,0,75,15.988961458206177,{'activation': 'tanh', 'alpha': 0.0001, 'hidden_layer_sizes': (50,), 'learning_rate': 'adaptive', 'max_iter': 10000, 'solver': 'sgd'}
020,3,0,75,15.199182033538818,{'activation': 'tanh', 'alpha': 0.0001, 'hidden_layer_sizes': (50, 25, 50), 'learning_rate': 'invscaling', 'max_iter': 50000, 'solver': 'adam'}
020,4,0,55,14.778741359710693,{'activation': 'relu', 'alpha': 0.0001, 'hidden_layer_sizes': (50,), 'learning_rate': 'invscaling', 'max_iter': 5000, 'solver': 'sgd'}
005,0,0,60,11.568084955215454,{'activation': 'tanh', 'alpha': 0.0001, 'hidden_layer_sizes': (50, 50), 'learning_rate': 'invscaling', 'max_iter': 5000, 'solver': 'sgd'}
005,1,0,65,11.413172960281372,{'activation': 'tanh', 'alpha': 0.05, 'hidden_layer_sizes': (50, 25, 50), 'learning_rate': 'adaptive', 'max_iter': 10000, 'solver': 'sgd'}
005,2,0,55,11.425016641616821,{'activation': 'logistic', 'alpha': 0.0001, 'hidden_layer_sizes': (50,), 'learning_rate': 'invscaling', 'max_iter': 5000, 'solver': 'sgd'}
005,3,0,50,10.545993089675903,{'activation': 'tanh', 'alpha': 0.05, 'hidden_layer_sizes': (25, 25), 'learning_rate': 'invscaling', 'max_iter': 50000, 'solver': 'sgd'}
005,4,0,45,11.550878524780273,{'activation': 'tanh', 'alpha': 0.0001, 'hidden_layer_sizes': (50,), 'learning_rate': 'invscaling', 'max_iter': 10000, 'solver': 'sgd'}
010,0,0,65,11.999725580215454,{'activation': 'relu', 'alpha': 0.05, 'hidden_layer_sizes': (25, 25), 'learning_rate': 'invscaling', 'max_iter': 10000, 'solver': 'sgd'}
010,1,0,55,12.92078685760498,{'activation': 'relu', 'alpha': 0.0001, 'hidden_layer_sizes': (25, 25), 'learning_rate': 'invscaling', 'max_iter': 5000, 'solver': 'sgd'}
010,2,0,45,12.245208978652954,{'activation': 'tanh', 'alpha': 0.0001, 'hidden_layer_sizes': (50, 25, 50), 'learning_rate': 'invscaling', 'max_iter': 5000, 'solver': 'sgd'}
010,3,0,55,12.299272060394287,{'activation': 'tanh', 'alpha': 0.05, 'hidden_layer_sizes': (50,), 'learning_rate': 'invscaling', 'max_iter': 20000, 'solver': 'sgd'}
010,4,0,60,11.743859767913818,{'activation': 'relu', 'alpha': 0.0001, 'hidden_layer_sizes': (50,), 'learning_rate': 'invscaling', 'max_iter': 20000, 'solver': 'sgd'}
015,0,0,65,13.744404554367065,{'activation': 'tanh', 'alpha': 0.0001, 'hidden_layer_sizes': (25,), 'learning_rate': 'invscaling', 'max_iter': 20000, 'solver': 'sgd'}
015,1,0,55,13.92246150970459,{'activation': 'relu', 'alpha': 0.0001, 'hidden_layer_sizes': (25, 25), 'learning_rate': 'invscaling', 'max_iter': 50000, 'solver': 'sgd'}
015,2,0,45,13.819780826568604,{'activation': 'relu', 'alpha': 0.0001, 'hidden_layer_sizes': (25, 25), 'learning_rate': 'invscaling', 'max_iter': 50000, 'solver': 'sgd'}
015,3,0,85,14.954087495803833,{'activation': 'logistic', 'alpha': 0.0001, 'hidden_layer_sizes': (25,), 'learning_rate': 'constant', 'max_iter': 10000, 'solver': 'sgd'}
015,4,0,55,13.721201658248901,{'activation': 'tanh', 'alpha': 0.05, 'hidden_layer_sizes': (25,), 'learning_rate': 'invscaling', 'max_iter': 5000, 'solver': 'sgd'}
020,0,0,80,15.379154920578003,{'activation': 'logistic', 'alpha': 0.0001, 'hidden_layer_sizes': (25,), 'learning_rate': 'adaptive', 'max_iter': 20000, 'solver': 'adam'}
020,1,0,85,15.867379188537598,{'activation': 'tanh', 'alpha': 0.05, 'hidden_layer_sizes': (50,), 'learning_rate': 'constant', 'max_iter': 10000, 'solver': 'sgd'}
020,2,0,45,15.099294185638428,{'activation': 'tanh', 'alpha': 0.05, 'hidden_layer_sizes': (50, 25, 50), 'learning_rate': 'invscaling', 'max_iter': 50000, 'solver': 'sgd'}
020,3,0,85,15.367138385772705,{'activation': 'tanh', 'alpha': 0.0001, 'hidden_layer_sizes': (25,), 'learning_rate': 'adaptive', 'max_iter': 5000, 'solver': 'sgd'}
020,4,0,70,15.942988634109497,{'activation': 'tanh', 'alpha': 0.0001, 'hidden_layer_sizes': (25, 25), 'learning_rate': 'constant', 'max_iter': 50000, 'solver': 'sgd'}
005,0,0,70,11.316280364990234,{'activation': 'tanh', 'alpha': 0.0001, 'hidden_layer_sizes': (50,), 'learning_rate': 'invscaling', 'max_iter': 20000, 'solver': 'sgd'}
005,1,0,55,11.290647268295288,{'activation': 'relu', 'alpha': 0.05, 'hidden_layer_sizes': (50, 50), 'learning_rate': 'invscaling', 'max_iter': 50000, 'solver': 'sgd'}
005,2,0,50,11.382352352142334,{'activation': 'logistic', 'alpha': 0.0001, 'hidden_layer_sizes': (25,), 'learning_rate': 'invscaling', 'max_iter': 20000, 'solver': 'sgd'}
005,3,0,75,11.174045324325562,{'activation': 'logistic', 'alpha': 0.0001, 'hidden_layer_sizes': (25,), 'learning_rate': 'constant', 'max_iter': 20000, 'solver': 'sgd'}
005,4,0,55,11.26670241355896,{'activation': 'tanh', 'alpha': 0.05, 'hidden_layer_sizes': (25, 25), 'learning_rate': 'invscaling', 'max_iter': 10000, 'solver': 'sgd'}
010,0,0,45,11.908897161483765,{'activation': 'tanh', 'alpha': 0.05, 'hidden_layer_sizes': (50,), 'learning_rate': 'invscaling', 'max_iter': 10000, 'solver': 'sgd'}
010,1,0,50,12.357811450958252,{'activation': 'tanh', 'alpha': 0.05, 'hidden_layer_sizes': (25, 25), 'learning_rate': 'invscaling', 'max_iter': 10000, 'solver': 'sgd'}
010,2,0,40,12.23734736442566,{'activation': 'relu', 'alpha': 0.05, 'hidden_layer_sizes': (25, 25), 'learning_rate': 'invscaling', 'max_iter': 5000, 'solver': 'sgd'}
010,3,0,50,11.798141956329346,{'activation': 'logistic', 'alpha': 0.05, 'hidden_layer_sizes': (50, 50), 'learning_rate': 'adaptive', 'max_iter': 10000, 'solver': 'sgd'}
010,4,0,55,11.83551573753357,{'activation': 'tanh', 'alpha': 0.0001, 'hidden_layer_sizes': (50, 25, 50), 'learning_rate': 'invscaling', 'max_iter': 20000, 'solver': 'sgd'}
015,0,0,75,14.430092811584473,{'activation': 'relu', 'alpha': 0.0001, 'hidden_layer_sizes': (50, 25, 50), 'learning_rate': 'adaptive', 'max_iter': 20000, 'solver': 'sgd'}
015,1,0,55,13.982151746749878,{'activation': 'logistic', 'alpha': 0.05, 'hidden_layer_sizes': (50, 50), 'learning_rate': 'adaptive', 'max_iter': 10000, 'solver': 'sgd'}
015,2,0,75,14.669297933578491,{'activation': 'tanh', 'alpha': 0.0001, 'hidden_layer_sizes': (25, 25), 'learning_rate': 'constant', 'max_iter': 5000, 'solver': 'sgd'}
015,3,0,90,14.329427003860474,{'activation': 'tanh', 'alpha': 0.0001, 'hidden_layer_sizes': (25,), 'learning_rate': 'constant', 'max_iter': 50000, 'solver': 'sgd'}
015,4,0,60,13.845173120498657,{'activation': 'tanh', 'alpha': 0.0001, 'hidden_layer_sizes': (25, 25), 'learning_rate': 'invscaling', 'max_iter': 50000, 'solver': 'sgd'}
020,0,0,60,15.615426301956177,{'activation': 'logistic', 'alpha': 0.05, 'hidden_layer_sizes': (25,), 'learning_rate': 'adaptive', 'max_iter': 50000, 'solver': 'sgd'}
020,1,0,80,15.426340579986572,{'activation': 'logistic', 'alpha': 0.0001, 'hidden_layer_sizes': (25,), 'learning_rate': 'constant', 'max_iter': 10000, 'solver': 'adam'}
020,2,0,50,15.181489944458008,{'activation': 'tanh', 'alpha': 0.0001, 'hidden_layer_sizes': (50,), 'learning_rate': 'invscaling', 'max_iter': 50000, 'solver': 'sgd'}
020,3,0,75,16.049992322921753,{'activation': 'tanh', 'alpha': 0.0001, 'hidden_layer_sizes': (50, 50), 'learning_rate': 'adaptive', 'max_iter': 20000, 'solver': 'sgd'}
020,4,0,50,14.832090616226196,{'activation': 'relu', 'alpha': 0.0001, 'hidden_layer_sizes': (50, 25, 50), 'learning_rate': 'invscaling', 'max_iter': 50000, 'solver': 'sgd'}
005,0,0,50,11.295759201049805,{'activation': 'relu', 'alpha': 0.05, 'hidden_layer_sizes': (50,), 'learning_rate': 'invscaling', 'max_iter': 10000, 'solver': 'sgd'}
005,1,0,50,11.15597915649414,{'activation': 'tanh', 'alpha': 0.0001, 'hidden_layer_sizes': (25,), 'learning_rate': 'invscaling', 'max_iter': 10000, 'solver': 'sgd'}
005,2,0,50,11.344356298446655,{'activation': 'logistic', 'alpha': 0.05, 'hidden_layer_sizes': (50, 50), 'learning_rate': 'adaptive', 'max_iter': 10000, 'solver': 'sgd'}
005,3,0,50,10.582484483718872,{'activation': 'logistic', 'alpha': 0.0001, 'hidden_layer_sizes': (25,), 'learning_rate': 'invscaling', 'max_iter': 5000, 'solver': 'sgd'}
005,4,0,55,11.35765027999878,{'activation': 'tanh', 'alpha': 0.05, 'hidden_layer_sizes': (25, 25), 'learning_rate': 'invscaling', 'max_iter': 5000, 'solver': 'sgd'}
010,0,0,50,11.724769115447998,{'activation': 'logistic', 'alpha': 0.0001, 'hidden_layer_sizes': (50, 50), 'learning_rate': 'adaptive', 'max_iter': 5000, 'solver': 'sgd'}
010,1,0,40,12.987972259521484,{'activation': 'tanh', 'alpha': 0.0001, 'hidden_layer_sizes': (25,), 'learning_rate': 'invscaling', 'max_iter': 5000, 'solver': 'sgd'}
010,2,0,50,12.250638961791992,{'activation': 'relu', 'alpha': 0.05, 'hidden_layer_sizes': (50, 50), 'learning_rate': 'invscaling', 'max_iter': 50000, 'solver': 'sgd'}
010,3,0,70,12.397079706192017,{'activation': 'relu', 'alpha': 0.05, 'hidden_layer_sizes': (50, 25, 50), 'learning_rate': 'constant', 'max_iter': 20000, 'solver': 'sgd'}
010,4,0,60,11.704007625579834,{'activation': 'tanh', 'alpha': 0.05, 'hidden_layer_sizes': (50, 25, 50), 'learning_rate': 'invscaling', 'max_iter': 5000, 'solver': 'sgd'}
015,0,0,70,14.435052394866943,{'activation': 'tanh', 'alpha': 0.05, 'hidden_layer_sizes': (50, 50), 'learning_rate': 'constant', 'max_iter': 10000, 'solver': 'sgd'}
015,1,0,75,15.386486291885376,{'activation': 'logistic', 'alpha': 0.05, 'hidden_layer_sizes': (25,), 'learning_rate': 'adaptive', 'max_iter': 50000, 'solver': 'sgd'}
015,2,0,35,13.84124207496643,{'activation': 'tanh', 'alpha': 0.05, 'hidden_layer_sizes': (50, 50), 'learning_rate': 'invscaling', 'max_iter': 10000, 'solver': 'sgd'}
015,3,0,70,14.530292749404907,{'activation': 'relu', 'alpha': 0.0001, 'hidden_layer_sizes': (50, 25, 50), 'learning_rate': 'adaptive', 'max_iter': 50000, 'solver': 'sgd'}
015,4,0,70,14.643691301345825,{'activation': 'tanh', 'alpha': 0.05, 'hidden_layer_sizes': (50, 25, 50), 'learning_rate': 'constant', 'max_iter': 20000, 'solver': 'sgd'}
020,0,0,35,15.068230390548706,{'activation': 'relu', 'alpha': 0.0001, 'hidden_layer_sizes': (50, 25, 50), 'learning_rate': 'invscaling', 'max_iter': 10000, 'solver': 'sgd'}
020,1,0,75,15.393666982650757,{'activation': 'logistic', 'alpha': 0.0001, 'hidden_layer_sizes': (25,), 'learning_rate': 'constant', 'max_iter': 50000, 'solver': 'adam'}
020,2,0,75,15.021893978118896,{'activation': 'logistic', 'alpha': 0.0001, 'hidden_layer_sizes': (25,), 'learning_rate': 'invscaling', 'max_iter': 20000, 'solver': 'adam'}
020,3,0,85,15.977784633636475,{'activation': 'logistic', 'alpha': 0.0001, 'hidden_layer_sizes': (25,), 'learning_rate': 'constant', 'max_iter': 10000, 'solver': 'sgd'}
020,4,0,80,15.309010028839111,{'activation': 'logistic', 'alpha': 0.05, 'hidden_layer_sizes': (25,), 'learning_rate': 'constant', 'max_iter': 20000, 'solver': 'sgd'}
005,0,0,50,10.968703508377075,{'activation': 'logistic', 'alpha': 0.0001, 'hidden_layer_sizes': (50, 50), 'learning_rate': 'invscaling', 'max_iter': 5000, 'solver': 'sgd'}
005,1,0,35,11.094315528869629,{'activation': 'tanh', 'alpha': 0.0001, 'hidden_layer_sizes': (25,), 'learning_rate': 'invscaling', 'max_iter': 10000, 'solver': 'sgd'}
005,2,0,50,11.222872734069824,{'activation': 'logistic', 'alpha': 0.0001, 'hidden_layer_sizes': (25,), 'learning_rate': 'invscaling', 'max_iter': 10000, 'solver': 'sgd'}
005,3,0,45,10.45393419265747,{'activation': 'logistic', 'alpha': 0.0001, 'hidden_layer_sizes': (50,), 'learning_rate': 'invscaling', 'max_iter': 10000, 'solver': 'sgd'}
005,4,0,50,11.30148696899414,{'activation': 'relu', 'alpha': 0.05, 'hidden_layer_sizes': (50, 25, 50), 'learning_rate': 'invscaling', 'max_iter': 10000, 'solver': 'sgd'}
010,0,0,65,11.869069814682007,{'activation': 'tanh', 'alpha': 0.0001, 'hidden_layer_sizes': (25,), 'learning_rate': 'invscaling', 'max_iter': 50000, 'solver': 'sgd'}
010,1,0,60,12.786744356155396,{'activation': 'tanh', 'alpha': 0.0001, 'hidden_layer_sizes': (25, 25), 'learning_rate': 'invscaling', 'max_iter': 5000, 'solver': 'sgd'}
010,2,0,60,12.317863941192627,{'activation': 'tanh', 'alpha': 0.05, 'hidden_layer_sizes': (25, 25), 'learning_rate': 'invscaling', 'max_iter': 10000, 'solver': 'sgd'}
010,3,0,65,12.29072380065918,{'activation': 'tanh', 'alpha': 0.0001, 'hidden_layer_sizes': (50, 25, 50), 'learning_rate': 'invscaling', 'max_iter': 5000, 'solver': 'adam'}
010,4,0,65,11.774529933929443,{'activation': 'relu', 'alpha': 0.0001, 'hidden_layer_sizes': (50,), 'learning_rate': 'invscaling', 'max_iter': 20000, 'solver': 'sgd'}
015,0,0,30,13.62294864654541,{'activation': 'relu', 'alpha': 0.05, 'hidden_layer_sizes': (50,), 'learning_rate': 'invscaling', 'max_iter': 20000, 'solver': 'sgd'}
015,1,0,75,14.352192878723145,{'activation': 'tanh', 'alpha': 0.0001, 'hidden_layer_sizes': (50, 50), 'learning_rate': 'invscaling', 'max_iter': 20000, 'solver': 'sgd'}
015,2,0,50,14.145326375961304,{'activation': 'tanh', 'alpha': 0.05, 'hidden_layer_sizes': (50, 50), 'learning_rate': 'invscaling', 'max_iter': 10000, 'solver': 'sgd'}
015,3,0,50,13.700265407562256,{'activation': 'relu', 'alpha': 0.0001, 'hidden_layer_sizes': (50, 50), 'learning_rate': 'invscaling', 'max_iter': 20000, 'solver': 'sgd'}
015,4,0,80,14.29818344116211,{'activation': 'tanh', 'alpha': 0.05, 'hidden_layer_sizes': (25,), 'learning_rate': 'constant', 'max_iter': 50000, 'solver': 'sgd'}
020,0,0,95,15.638437032699585,{'activation': 'relu', 'alpha': 0.05, 'hidden_layer_sizes': (25,), 'learning_rate': 'constant', 'max_iter': 5000, 'solver': 'sgd'}
020,1,0,50,15.603002786636353,{'activation': 'logistic', 'alpha': 0.0001, 'hidden_layer_sizes': (25,), 'learning_rate': 'adaptive', 'max_iter': 20000, 'solver': 'sgd'}
020,2,0,75,15.679742813110352,{'activation': 'relu', 'alpha': 0.0001, 'hidden_layer_sizes': (50,), 'learning_rate': 'constant', 'max_iter': 5000, 'solver': 'sgd'}
020,3,0,80,15.307487487792969,{'activation': 'tanh', 'alpha': 0.0001, 'hidden_layer_sizes': (50,), 'learning_rate': 'constant', 'max_iter': 10000, 'solver': 'sgd'}
020,4,0,45,15.017956733703613,{'activation': 'logistic', 'alpha': 0.0001, 'hidden_layer_sizes': (50,), 'learning_rate': 'invscaling', 'max_iter': 50000, 'solver': 'sgd'}
005,0,0,50,11.254270315170288,{'activation': 'relu', 'alpha': 0.0001, 'hidden_layer_sizes': (50, 25, 50), 'learning_rate': 'invscaling', 'max_iter': 10000, 'solver': 'sgd'}
005,1,0,75,11.914833307266235,{'activation': 'logistic', 'alpha': 0.0001, 'hidden_layer_sizes': (25,), 'learning_rate': 'constant', 'max_iter': 50000, 'solver': 'sgd'}
005,2,0,60,11.265508651733398,{'activation': 'logistic', 'alpha': 0.0001, 'hidden_layer_sizes': (25,), 'learning_rate': 'invscaling', 'max_iter': 10000, 'solver': 'sgd'}
005,3,0,55,10.584970712661743,{'activation': 'tanh', 'alpha': 0.0001, 'hidden_layer_sizes': (25, 25), 'learning_rate': 'invscaling', 'max_iter': 5000, 'solver': 'sgd'}
005,4,0,50,10.86729621887207,{'activation': 'logistic', 'alpha': 0.0001, 'hidden_layer_sizes': (25,), 'learning_rate': 'invscaling', 'max_iter': 50000, 'solver': 'sgd'}
010,0,0,75,12.318668603897095,{'activation': 'tanh', 'alpha': 0.05, 'hidden_layer_sizes': (50, 25, 50), 'learning_rate': 'constant', 'max_iter': 10000, 'solver': 'adam'}
010,1,0,25,12.482698202133179,{'activation': 'tanh', 'alpha': 0.0001, 'hidden_layer_sizes': (25,), 'learning_rate': 'invscaling', 'max_iter': 10000, 'solver': 'sgd'}
010,2,0,40,12.448975324630737,{'activation': 'tanh', 'alpha': 0.05, 'hidden_layer_sizes': (50,), 'learning_rate': 'invscaling', 'max_iter': 50000, 'solver': 'sgd'}
010,3,0,55,12.288720846176147,{'activation': 'tanh', 'alpha': 0.0001, 'hidden_layer_sizes': (25,), 'learning_rate': 'invscaling', 'max_iter': 5000, 'solver': 'sgd'}
010,4,0,60,11.8753080368042,{'activation': 'tanh', 'alpha': 0.0001, 'hidden_layer_sizes': (25, 25), 'learning_rate': 'invscaling', 'max_iter': 50000, 'solver': 'sgd'}
015,0,0,65,13.411586284637451,{'activation': 'relu', 'alpha': 0.05, 'hidden_layer_sizes': (50, 50), 'learning_rate': 'invscaling', 'max_iter': 20000, 'solver': 'sgd'}
015,1,0,55,14.28303074836731,{'activation': 'tanh', 'alpha': 0.05, 'hidden_layer_sizes': (50, 25, 50), 'learning_rate': 'invscaling', 'max_iter': 10000, 'solver': 'sgd'}
015,2,0,65,14.180243730545044,{'activation': 'tanh', 'alpha': 0.05, 'hidden_layer_sizes': (25,), 'learning_rate': 'invscaling', 'max_iter': 20000, 'solver': 'sgd'}
015,3,0,85,14.209259748458862,{'activation': 'tanh', 'alpha': 0.05, 'hidden_layer_sizes': (50,), 'learning_rate': 'constant', 'max_iter': 50000, 'solver': 'sgd'}
015,4,0,50,14.20842170715332,{'activation': 'relu', 'alpha': 0.05, 'hidden_layer_sizes': (50, 25, 50), 'learning_rate': 'invscaling', 'max_iter': 10000, 'solver': 'sgd'}
020,0,0,75,15.96328067779541,{'activation': 'relu', 'alpha': 0.0001, 'hidden_layer_sizes': (50, 25, 50), 'learning_rate': 'constant', 'max_iter': 50000, 'solver': 'sgd'}
020,1,0,75,15.609689712524414,{'activation': 'logistic', 'alpha': 0.05, 'hidden_layer_sizes': (25,), 'learning_rate': 'adaptive', 'max_iter': 50000, 'solver': 'adam'}
020,2,0,85,15.835656881332397,{'activation': 'tanh', 'alpha': 0.0001, 'hidden_layer_sizes': (50,), 'learning_rate': 'constant', 'max_iter': 5000, 'solver': 'sgd'}
020,3,0,70,14.803917169570923,{'activation': 'tanh', 'alpha': 0.05, 'hidden_layer_sizes': (25,), 'learning_rate': 'invscaling', 'max_iter': 10000, 'solver': 'sgd'}
020,4,0,50,15.057208061218262,{'activation': 'tanh', 'alpha': 0.0001, 'hidden_layer_sizes': (50, 50), 'learning_rate': 'invscaling', 'max_iter': 50000, 'solver': 'sgd'}
005,0,0,50,11.130725145339966,{'activation': 'logistic', 'alpha': 0.0001, 'hidden_layer_sizes': (25, 25), 'learning_rate': 'invscaling', 'max_iter': 20000, 'solver': 'sgd'}
005,1,0,70,11.149821043014526,{'activation': 'tanh', 'alpha': 0.0001, 'hidden_layer_sizes': (25, 25), 'learning_rate': 'constant', 'max_iter': 20000, 'solver': 'sgd'}
005,2,0,50,11.722800016403198,{'activation': 'logistic', 'alpha': 0.0001, 'hidden_layer_sizes': (25,), 'learning_rate': 'invscaling', 'max_iter': 20000, 'solver': 'sgd'}
005,3,0,65,10.616632223129272,{'activation': 'tanh', 'alpha': 0.0001, 'hidden_layer_sizes': (25,), 'learning_rate': 'invscaling', 'max_iter': 5000, 'solver': 'sgd'}
005,4,0,45,11.120404481887817,{'activation': 'logistic', 'alpha': 0.0001, 'hidden_layer_sizes': (50,), 'learning_rate': 'invscaling', 'max_iter': 50000, 'solver': 'sgd'}
010,0,0,75,12.130603551864624,{'activation': 'tanh', 'alpha': 0.0001, 'hidden_layer_sizes': (25, 25), 'learning_rate': 'constant', 'max_iter': 50000, 'solver': 'sgd'}
010,1,0,40,12.764595985412598,{'activation': 'tanh', 'alpha': 0.0001, 'hidden_layer_sizes': (50,), 'learning_rate': 'invscaling', 'max_iter': 10000, 'solver': 'sgd'}
010,2,0,70,12.716691017150879,{'activation': 'tanh', 'alpha': 0.0001, 'hidden_layer_sizes': (50, 25, 50), 'learning_rate': 'constant', 'max_iter': 20000, 'solver': 'sgd'}
010,3,0,55,12.228450536727905,{'activation': 'relu', 'alpha': 0.0001, 'hidden_layer_sizes': (50, 50), 'learning_rate': 'invscaling', 'max_iter': 50000, 'solver': 'sgd'}
010,4,0,60,11.792547225952148,{'activation': 'tanh', 'alpha': 0.0001, 'hidden_layer_sizes': (50, 50), 'learning_rate': 'invscaling', 'max_iter': 10000, 'solver': 'sgd'}
015,0,0,65,14.88647985458374,{'activation': 'logistic', 'alpha': 0.05, 'hidden_layer_sizes': (25,), 'learning_rate': 'adaptive', 'max_iter': 20000, 'solver': 'sgd'}
015,1,0,55,14.293007373809814,{'activation': 'tanh', 'alpha': 0.05, 'hidden_layer_sizes': (50, 50), 'learning_rate': 'invscaling', 'max_iter': 50000, 'solver': 'sgd'}
015,2,0,80,14.467849969863892,{'activation': 'logistic', 'alpha': 0.0001, 'hidden_layer_sizes': (50,), 'learning_rate': 'invscaling', 'max_iter': 5000, 'solver': 'adam'}
015,3,0,30,13.92115831375122,{'activation': 'relu', 'alpha': 0.05, 'hidden_layer_sizes': (50,), 'learning_rate': 'invscaling', 'max_iter': 5000, 'solver': 'sgd'}
015,4,0,55,14.038508415222168,{'activation': 'tanh', 'alpha': 0.05, 'hidden_layer_sizes': (50,), 'learning_rate': 'invscaling', 'max_iter': 20000, 'solver': 'sgd'}
020,0,0,80,16.419323444366455,{'activation': 'logistic', 'alpha': 0.0001, 'hidden_layer_sizes': (50,), 'learning_rate': 'constant', 'max_iter': 50000, 'solver': 'sgd'}
020,1,0,70,15.735556602478027,{'activation': 'tanh', 'alpha': 0.0001, 'hidden_layer_sizes': (25,), 'learning_rate': 'adaptive', 'max_iter': 20000, 'solver': 'sgd'}
020,2,0,55,14.704204797744751,{'activation': 'relu', 'alpha': 0.05, 'hidden_layer_sizes': (25,), 'learning_rate': 'invscaling', 'max_iter': 20000, 'solver': 'sgd'}
020,3,0,55,15.20790719985962,{'activation': 'relu', 'alpha': 0.05, 'hidden_layer_sizes': (50, 50), 'learning_rate': 'invscaling', 'max_iter': 50000, 'solver': 'sgd'}
020,4,0,75,15.868764877319336,{'activation': 'tanh', 'alpha': 0.0001, 'hidden_layer_sizes': (50, 25, 50), 'learning_rate': 'constant', 'max_iter': 10000, 'solver': 'sgd'}
005,0,0,40,11.075114011764526,{'activation': 'logistic', 'alpha': 0.0001, 'hidden_layer_sizes': (25,), 'learning_rate': 'invscaling', 'max_iter': 50000, 'solver': 'sgd'}
005,1,0,40,11.030160665512085,{'activation': 'tanh', 'alpha': 0.05, 'hidden_layer_sizes': (25, 25), 'learning_rate': 'invscaling', 'max_iter': 5000, 'solver': 'sgd'}
005,2,0,50,11.576489925384521,{'activation': 'relu', 'alpha': 0.0001, 'hidden_layer_sizes': (25, 25), 'learning_rate': 'invscaling', 'max_iter': 20000, 'solver': 'sgd'}
005,3,0,50,10.484889507293701,{'activation': 'logistic', 'alpha': 0.05, 'hidden_layer_sizes': (50, 25, 50), 'learning_rate': 'adaptive', 'max_iter': 5000, 'solver': 'sgd'}
005,4,0,50,11.045361280441284,{'activation': 'logistic', 'alpha': 0.0001, 'hidden_layer_sizes': (25, 25), 'learning_rate': 'constant', 'max_iter': 10000, 'solver': 'sgd'}
010,0,0,40,11.704458951950073,{'activation': 'tanh', 'alpha': 0.0001, 'hidden_layer_sizes': (25,), 'learning_rate': 'invscaling', 'max_iter': 10000, 'solver': 'sgd'}
010,1,0,50,12.823219537734985,{'activation': 'tanh', 'alpha': 0.0001, 'hidden_layer_sizes': (50, 50), 'learning_rate': 'invscaling', 'max_iter': 10000, 'solver': 'sgd'}
010,2,0,60,12.242769718170166,{'activation': 'relu', 'alpha': 0.0001, 'hidden_layer_sizes': (50, 25, 50), 'learning_rate': 'invscaling', 'max_iter': 20000, 'solver': 'sgd'}
010,3,0,50,12.23975419998169,{'activation': 'relu', 'alpha': 0.0001, 'hidden_layer_sizes': (25,), 'learning_rate': 'invscaling', 'max_iter': 20000, 'solver': 'sgd'}
010,4,0,55,11.886747360229492,{'activation': 'relu', 'alpha': 0.0001, 'hidden_layer_sizes': (50,), 'learning_rate': 'invscaling', 'max_iter': 10000, 'solver': 'sgd'}
015,0,0,75,14.286539793014526,{'activation': 'tanh', 'alpha': 0.05, 'hidden_layer_sizes': (25,), 'learning_rate': 'adaptive', 'max_iter': 10000, 'solver': 'sgd'}
015,1,0,60,14.02180552482605,{'activation': 'relu', 'alpha': 0.05, 'hidden_layer_sizes': (50,), 'learning_rate': 'invscaling', 'max_iter': 20000, 'solver': 'sgd'}
015,2,0,35,13.775315046310425,{'activation': 'relu', 'alpha': 0.05, 'hidden_layer_sizes': (50,), 'learning_rate': 'invscaling', 'max_iter': 50000, 'solver': 'sgd'}
015,3,0,85,14.825355529785156,{'activation': 'logistic', 'alpha': 0.05, 'hidden_layer_sizes': (25,), 'learning_rate': 'adaptive', 'max_iter': 5000, 'solver': 'sgd'}
015,4,0,80,14.170612812042236,{'activation': 'logistic', 'alpha': 0.0001, 'hidden_layer_sizes': (25,), 'learning_rate': 'adaptive', 'max_iter': 50000, 'solver': 'adam'}
020,0,0,80,15.781161546707153,{'activation': 'logistic', 'alpha': 0.05, 'hidden_layer_sizes': (25,), 'learning_rate': 'constant', 'max_iter': 20000, 'solver': 'sgd'}
020,1,0,50,15.071901559829712,{'activation': 'tanh', 'alpha': 0.05, 'hidden_layer_sizes': (50,), 'learning_rate': 'invscaling', 'max_iter': 20000, 'solver': 'sgd'}
020,2,0,75,15.592544317245483,{'activation': 'tanh', 'alpha': 0.0001, 'hidden_layer_sizes': (25, 25), 'learning_rate': 'adaptive', 'max_iter': 10000, 'solver': 'sgd'}
020,3,0,50,14.861505270004272,{'activation': 'logistic', 'alpha': 0.0001, 'hidden_layer_sizes': (50, 25, 50), 'learning_rate': 'constant', 'max_iter': 20000, 'solver': 'adam'}
020,4,0,80,15.460711240768433,{'activation': 'logistic', 'alpha': 0.05, 'hidden_layer_sizes': (25,), 'learning_rate': 'adaptive', 'max_iter': 10000, 'solver': 'sgd'}
