010,4,0,50,120.09047818183899,{'leaf_size': 5, 'metric': 'manhattan', 'n_neighbors': 12, 'weights': 'uniform'}
015,3,0,65,148.54005694389343,{'leaf_size': 5, 'metric': 'euclidean', 'n_neighbors': 28, 'weights': 'uniform'}
010,2,0,65,217.15901637077332,{'leaf_size': 5, 'metric': 'manhattan', 'n_neighbors': 18, 'weights': 'uniform'}
010,3,0,55,219.71805357933044,{'leaf_size': 5, 'metric': 'euclidean', 'n_neighbors': 12, 'weights': 'uniform'}
010,1,0,60,217.15567755699158,{'leaf_size': 5, 'metric': 'euclidean', 'n_neighbors': 12, 'weights': 'uniform'}
020,1,0,75,228.27745246887207,{'leaf_size': 5, 'metric': 'euclidean', 'n_neighbors': 18, 'weights': 'distance'}
015,0,0,70,225.62986016273499,{'leaf_size': 5, 'metric': 'euclidean', 'n_neighbors': 28, 'weights': 'uniform'}
005,2,0,60,261.87719774246216,{'leaf_size': 5, 'metric': 'euclidean', 'n_neighbors': 14, 'weights': 'uniform'}
005,0,0,60,292.9279429912567,{'leaf_size': 5, 'metric': 'euclidean', 'n_neighbors': 10, 'weights': 'uniform'}
015,2,0,75,297.3123605251312,{'leaf_size': 5, 'metric': 'manhattan', 'n_neighbors': 18, 'weights': 'uniform'}
020,4,0,55,320.90379333496094,{'leaf_size': 5, 'metric': 'euclidean', 'n_neighbors': 28, 'weights': 'uniform'}
005,4,0,60,355.30041456222534,{'leaf_size': 5, 'metric': 'euclidean', 'n_neighbors': 6, 'weights': 'distance'}
005,1,0,50,382.61337304115295,{'leaf_size': 5, 'metric': 'euclidean', 'n_neighbors': 6, 'weights': 'uniform'}
005,3,0,45,390.57030987739563,{'leaf_size': 5, 'metric': 'manhattan', 'n_neighbors': 10, 'weights': 'uniform'}
020,3,0,60,400.60047912597656,{'leaf_size': 5, 'metric': 'euclidean', 'n_neighbors': 12, 'weights': 'uniform'}
020,2,0,65,399.7190566062927,{'leaf_size': 5, 'metric': 'euclidean', 'n_neighbors': 18, 'weights': 'distance'}
020,0,0,75,357.8362317085266,{'leaf_size': 5, 'metric': 'euclidean', 'n_neighbors': 18, 'weights': 'uniform'}
015,1,0,60,410.9013738632202,{'leaf_size': 5, 'metric': 'euclidean', 'n_neighbors': 12, 'weights': 'uniform'}
010,0,0,60,416.3281545639038,{'leaf_size': 5, 'metric': 'manhattan', 'n_neighbors': 12, 'weights': 'distance'}
015,4,0,65,407.6754400730133,{'leaf_size': 5, 'metric': 'euclidean', 'n_neighbors': 12, 'weights': 'uniform'}
020,4,0,65,173.7317988872528,{'leaf_size': 5, 'metric': 'manhattan', 'n_neighbors': 18, 'weights': 'uniform'}
015,2,0,70,227.00408506393433,{'leaf_size': 5, 'metric': 'euclidean', 'n_neighbors': 28, 'weights': 'distance'}
005,0,0,65,272.79281878471375,{'leaf_size': 5, 'metric': 'euclidean', 'n_neighbors': 6, 'weights': 'distance'}
020,0,0,55,236.26954817771912,{'leaf_size': 5, 'metric': 'manhattan', 'n_neighbors': 28, 'weights': 'distance'}
015,4,0,55,279.34287095069885,{'leaf_size': 5, 'metric': 'euclidean', 'n_neighbors': 18, 'weights': 'uniform'}
010,3,0,55,299.09111070632935,{'leaf_size': 5, 'metric': 'euclidean', 'n_neighbors': 12, 'weights': 'uniform'}
005,1,0,50,326.52109360694885,{'leaf_size': 5, 'metric': 'euclidean', 'n_neighbors': 6, 'weights': 'uniform'}
010,4,0,55,312.0489776134491,{'leaf_size': 5, 'metric': 'euclidean', 'n_neighbors': 12, 'weights': 'uniform'}
005,4,0,55,346.9520070552826,{'leaf_size': 5, 'metric': 'euclidean', 'n_neighbors': 6, 'weights': 'uniform'}
005,2,0,55,355.37619519233704,{'leaf_size': 5, 'metric': 'euclidean', 'n_neighbors': 10, 'weights': 'uniform'}
015,3,0,60,327.7857084274292,{'leaf_size': 5, 'metric': 'manhattan', 'n_neighbors': 28, 'weights': 'uniform'}
005,3,0,45,362.28865337371826,{'leaf_size': 5, 'metric': 'manhattan', 'n_neighbors': 10, 'weights': 'uniform'}
010,0,0,60,373.96694779396057,{'leaf_size': 5, 'metric': 'manhattan', 'n_neighbors': 12, 'weights': 'distance'}
020,2,0,60,334.4913065433502,{'leaf_size': 5, 'metric': 'euclidean', 'n_neighbors': 18, 'weights': 'uniform'}
010,2,0,80,377.5822854042053,{'leaf_size': 5, 'metric': 'euclidean', 'n_neighbors': 18, 'weights': 'uniform'}
010,1,0,60,387.9108245372772,{'leaf_size': 5, 'metric': 'manhattan', 'n_neighbors': 12, 'weights': 'uniform'}
020,3,0,55,370.1538579463959,{'leaf_size': 5, 'metric': 'manhattan', 'n_neighbors': 12, 'weights': 'uniform'}
015,1,0,60,401.5818133354187,{'leaf_size': 5, 'metric': 'euclidean', 'n_neighbors': 12, 'weights': 'uniform'}
015,0,0,50,369.1544032096863,{'leaf_size': 5, 'metric': 'euclidean', 'n_neighbors': 12, 'weights': 'uniform'}
020,1,0,60,396.37789702415466,{'leaf_size': 5, 'metric': 'manhattan', 'n_neighbors': 18, 'weights': 'uniform'}
010,1,0,60,189.22795009613037,{'leaf_size': 5, 'metric': 'euclidean', 'n_neighbors': 12, 'weights': 'uniform'}
005,1,0,60,237.4311637878418,{'leaf_size': 5, 'metric': 'manhattan', 'n_neighbors': 6, 'weights': 'uniform'}
020,1,0,75,215.82446360588074,{'leaf_size': 5, 'metric': 'euclidean', 'n_neighbors': 18, 'weights': 'distance'}
005,4,0,55,254.70388531684875,{'leaf_size': 5, 'metric': 'euclidean', 'n_neighbors': 10, 'weights': 'distance'}
010,3,0,55,295.1558382511139,{'leaf_size': 5, 'metric': 'manhattan', 'n_neighbors': 12, 'weights': 'uniform'}
005,0,0,60,308.32030391693115,{'leaf_size': 5, 'metric': 'euclidean', 'n_neighbors': 10, 'weights': 'uniform'}
020,2,0,60,229.72677373886108,{'leaf_size': 5, 'metric': 'euclidean', 'n_neighbors': 18, 'weights': 'uniform'}
020,0,0,75,275.2407166957855,{'leaf_size': 5, 'metric': 'euclidean', 'n_neighbors': 18, 'weights': 'uniform'}
005,2,0,55,338.7219657897949,{'leaf_size': 5, 'metric': 'euclidean', 'n_neighbors': 10, 'weights': 'uniform'}
005,3,0,55,326.8210504055023,{'leaf_size': 5, 'metric': 'euclidean', 'n_neighbors': 6, 'weights': 'uniform'}
020,3,0,60,307.06170129776,{'leaf_size': 5, 'metric': 'euclidean', 'n_neighbors': 12, 'weights': 'uniform'}
015,0,0,70,347.3837809562683,{'leaf_size': 5, 'metric': 'euclidean', 'n_neighbors': 28, 'weights': 'distance'}
015,3,0,60,373.4345157146454,{'leaf_size': 5, 'metric': 'euclidean', 'n_neighbors': 12, 'weights': 'uniform'}
010,4,0,55,376.9398899078369,{'leaf_size': 5, 'metric': 'euclidean', 'n_neighbors': 12, 'weights': 'distance'}
010,0,0,65,350.1287341117859,{'leaf_size': 5, 'metric': 'euclidean', 'n_neighbors': 12, 'weights': 'uniform'}
015,4,0,45,368.1337676048279,{'leaf_size': 5, 'metric': 'manhattan', 'n_neighbors': 28, 'weights': 'distance'}
015,2,0,55,412.6936049461365,{'leaf_size': 5, 'metric': 'manhattan', 'n_neighbors': 12, 'weights': 'uniform'}
020,4,0,60,403.59254360198975,{'leaf_size': 5, 'metric': 'manhattan', 'n_neighbors': 12, 'weights': 'uniform'}
010,2,0,65,420.26211285591125,{'leaf_size': 5, 'metric': 'euclidean', 'n_neighbors': 12, 'weights': 'uniform'}
015,1,0,60,400.74279499053955,{'leaf_size': 5, 'metric': 'euclidean', 'n_neighbors': 18, 'weights': 'uniform'}
005,0,0,60,179.56806802749634,{'leaf_size': 5, 'metric': 'euclidean', 'n_neighbors': 10, 'weights': 'uniform'}
010,1,0,60,188.82487988471985,{'leaf_size': 5, 'metric': 'euclidean', 'n_neighbors': 12, 'weights': 'uniform'}
010,4,0,50,193.82460403442383,{'leaf_size': 5, 'metric': 'manhattan', 'n_neighbors': 12, 'weights': 'distance'}
005,1,0,50,221.03511953353882,{'leaf_size': 5, 'metric': 'euclidean', 'n_neighbors': 6, 'weights': 'uniform'}
005,2,0,45,220.7488203048706,{'leaf_size': 5, 'metric': 'euclidean', 'n_neighbors': 6, 'weights': 'uniform'}
015,3,0,60,196.00114917755127,{'leaf_size': 5, 'metric': 'euclidean', 'n_neighbors': 18, 'weights': 'uniform'}
010,0,0,75,231.96047568321228,{'leaf_size': 5, 'metric': 'euclidean', 'n_neighbors': 12, 'weights': 'distance'}
020,3,0,60,210.7090175151825,{'leaf_size': 5, 'metric': 'euclidean', 'n_neighbors': 12, 'weights': 'uniform'}
005,3,0,60,244.37670278549194,{'leaf_size': 5, 'metric': 'euclidean', 'n_neighbors': 14, 'weights': 'uniform'}
020,4,0,60,178.15446710586548,{'leaf_size': 5, 'metric': 'manhattan', 'n_neighbors': 28, 'weights': 'uniform'}
015,2,0,75,258.61611676216125,{'leaf_size': 5, 'metric': 'euclidean', 'n_neighbors': 18, 'weights': 'uniform'}
005,4,0,45,325.48779034614563,{'leaf_size': 5, 'metric': 'manhattan', 'n_neighbors': 6, 'weights': 'uniform'}
015,1,0,60,308.56941843032837,{'leaf_size': 5, 'metric': 'euclidean', 'n_neighbors': 12, 'weights': 'uniform'}
020,1,0,75,283.1472592353821,{'leaf_size': 5, 'metric': 'euclidean', 'n_neighbors': 18, 'weights': 'uniform'}
020,2,0,60,310.1206257343292,{'leaf_size': 5, 'metric': 'euclidean', 'n_neighbors': 18, 'weights': 'uniform'}
010,2,0,65,358.8685324192047,{'leaf_size': 5, 'metric': 'euclidean', 'n_neighbors': 12, 'weights': 'uniform'}
015,4,0,70,389.352068901062,{'leaf_size': 5, 'metric': 'euclidean', 'n_neighbors': 18, 'weights': 'distance'}
020,0,0,60,297.05425906181335,{'leaf_size': 5, 'metric': 'euclidean', 'n_neighbors': 18, 'weights': 'distance'}
010,3,0,55,386.092835187912,{'leaf_size': 5, 'metric': 'euclidean', 'n_neighbors': 12, 'weights': 'uniform'}
015,0,0,70,416.83590507507324,{'leaf_size': 5, 'metric': 'euclidean', 'n_neighbors': 28, 'weights': 'distance'}
010,1,0,55,125.40043878555298,{'leaf_size': 5, 'metric': 'manhattan', 'n_neighbors': 12, 'weights': 'distance'}
005,4,0,45,140.67316722869873,{'leaf_size': 5, 'metric': 'manhattan', 'n_neighbors': 6, 'weights': 'uniform'}
005,1,0,70,189.35458874702454,{'leaf_size': 5, 'metric': 'euclidean', 'n_neighbors': 6, 'weights': 'distance'}
015,1,0,60,222.17789459228516,{'leaf_size': 5, 'metric': 'euclidean', 'n_neighbors': 12, 'weights': 'uniform'}
010,2,0,55,247.22545790672302,{'leaf_size': 5, 'metric': 'euclidean', 'n_neighbors': 28, 'weights': 'uniform'}
020,3,0,60,219.350656747818,{'leaf_size': 5, 'metric': 'euclidean', 'n_neighbors': 28, 'weights': 'distance'}
015,2,0,60,219.1736979484558,{'leaf_size': 5, 'metric': 'euclidean', 'n_neighbors': 12, 'weights': 'uniform'}
005,3,0,45,301.26492142677307,{'leaf_size': 5, 'metric': 'euclidean', 'n_neighbors': 10, 'weights': 'uniform'}
015,4,0,65,271.742059469223,{'leaf_size': 5, 'metric': 'manhattan', 'n_neighbors': 12, 'weights': 'uniform'}
020,0,0,65,297.8782675266266,{'leaf_size': 5, 'metric': 'euclidean', 'n_neighbors': 12, 'weights': 'uniform'}
010,4,0,50,340.1274747848511,{'leaf_size': 5, 'metric': 'euclidean', 'n_neighbors': 18, 'weights': 'uniform'}
005,2,0,45,352.36210560798645,{'leaf_size': 5, 'metric': 'euclidean', 'n_neighbors': 6, 'weights': 'uniform'}
010,3,0,60,331.9727337360382,{'leaf_size': 5, 'metric': 'manhattan', 'n_neighbors': 18, 'weights': 'uniform'}
005,0,0,60,361.2342689037323,{'leaf_size': 5, 'metric': 'euclidean', 'n_neighbors': 10, 'weights': 'uniform'}
020,1,0,75,336.69173860549927,{'leaf_size': 5, 'metric': 'euclidean', 'n_neighbors': 18, 'weights': 'uniform'}
015,0,0,70,351.77347016334534,{'leaf_size': 5, 'metric': 'euclidean', 'n_neighbors': 28, 'weights': 'uniform'}
015,3,0,45,352.30162262916565,{'leaf_size': 5, 'metric': 'manhattan', 'n_neighbors': 18, 'weights': 'uniform'}
010,0,0,75,358.03915667533875,{'leaf_size': 5, 'metric': 'euclidean', 'n_neighbors': 12, 'weights': 'distance'}
020,2,0,60,342.21255683898926,{'leaf_size': 5, 'metric': 'euclidean', 'n_neighbors': 18, 'weights': 'uniform'}
020,4,0,65,412.69951343536377,{'leaf_size': 5, 'metric': 'euclidean', 'n_neighbors': 12, 'weights': 'uniform'}
010,2,0,80,117.47790575027466,{'leaf_size': 5, 'metric': 'euclidean', 'n_neighbors': 18, 'weights': 'uniform'}
005,4,0,60,167.59454321861267,{'leaf_size': 5, 'metric': 'euclidean', 'n_neighbors': 6, 'weights': 'distance'}
005,1,0,55,172.04040694236755,{'leaf_size': 5, 'metric': 'euclidean', 'n_neighbors': 10, 'weights': 'uniform'}
010,1,0,60,176.7624111175537,{'leaf_size': 5, 'metric': 'manhattan', 'n_neighbors': 12, 'weights': 'uniform'}
015,1,0,60,199.7531816959381,{'leaf_size': 5, 'metric': 'euclidean', 'n_neighbors': 12, 'weights': 'uniform'}
010,3,0,55,204.87406134605408,{'leaf_size': 5, 'metric': 'euclidean', 'n_neighbors': 12, 'weights': 'uniform'}
015,0,0,60,207.03354382514954,{'leaf_size': 5, 'metric': 'euclidean', 'n_neighbors': 12, 'weights': 'distance'}
020,2,0,65,185.62862753868103,{'leaf_size': 5, 'metric': 'manhattan', 'n_neighbors': 18, 'weights': 'distance'}
015,4,0,50,206.6893699169159,{'leaf_size': 5, 'metric': 'euclidean', 'n_neighbors': 28, 'weights': 'distance'}
015,2,0,55,197.3918879032135,{'leaf_size': 5, 'metric': 'manhattan', 'n_neighbors': 12, 'weights': 'uniform'}
005,2,0,55,260.07643151283264,{'leaf_size': 5, 'metric': 'euclidean', 'n_neighbors': 10, 'weights': 'uniform'}
005,0,0,60,277.4789066314697,{'leaf_size': 5, 'metric': 'euclidean', 'n_neighbors': 10, 'weights': 'uniform'}
010,4,0,50,303.54943442344666,{'leaf_size': 5, 'metric': 'euclidean', 'n_neighbors': 18, 'weights': 'uniform'}
005,3,0,45,332.8419773578644,{'leaf_size': 5, 'metric': 'manhattan', 'n_neighbors': 10, 'weights': 'uniform'}
020,0,0,60,256.6546506881714,{'leaf_size': 5, 'metric': 'euclidean', 'n_neighbors': 18, 'weights': 'distance'}
010,0,0,65,355.0547511577606,{'leaf_size': 5, 'metric': 'euclidean', 'n_neighbors': 28, 'weights': 'uniform'}
015,3,0,45,338.8109097480774,{'leaf_size': 5, 'metric': 'manhattan', 'n_neighbors': 18, 'weights': 'uniform'}
020,1,0,65,336.85925555229187,{'leaf_size': 5, 'metric': 'euclidean', 'n_neighbors': 12, 'weights': 'uniform'}
020,3,0,60,356.4771752357483,{'leaf_size': 5, 'metric': 'euclidean', 'n_neighbors': 12, 'weights': 'uniform'}
020,4,0,65,386.4561505317688,{'leaf_size': 5, 'metric': 'euclidean', 'n_neighbors': 12, 'weights': 'uniform'}
005,4,0,60,114.33711624145508,{'leaf_size': 5, 'metric': 'euclidean', 'n_neighbors': 6, 'weights': 'distance'}
010,3,0,55,114.16474986076355,{'leaf_size': 5, 'metric': 'euclidean', 'n_neighbors': 12, 'weights': 'uniform'}
010,1,0,60,204.18156027793884,{'leaf_size': 5, 'metric': 'manhattan', 'n_neighbors': 12, 'weights': 'uniform'}
005,3,0,45,251.52578616142273,{'leaf_size': 5, 'metric': 'euclidean', 'n_neighbors': 10, 'weights': 'uniform'}
010,4,0,55,227.1607654094696,{'leaf_size': 5, 'metric': 'euclidean', 'n_neighbors': 12, 'weights': 'uniform'}
015,0,0,60,261.6478981971741,{'leaf_size': 5, 'metric': 'euclidean', 'n_neighbors': 12, 'weights': 'distance'}
005,0,0,60,290.20110154151917,{'leaf_size': 5, 'metric': 'euclidean', 'n_neighbors': 6, 'weights': 'uniform'}
010,2,0,65,279.44124245643616,{'leaf_size': 5, 'metric': 'euclidean', 'n_neighbors': 12, 'weights': 'uniform'}
015,2,0,70,289.9500730037689,{'leaf_size': 5, 'metric': 'euclidean', 'n_neighbors': 18, 'weights': 'distance'}
010,0,0,60,308.80628967285156,{'leaf_size': 5, 'metric': 'manhattan', 'n_neighbors': 12, 'weights': 'distance'}
020,1,0,75,319.4812593460083,{'leaf_size': 5, 'metric': 'euclidean', 'n_neighbors': 18, 'weights': 'uniform'}
005,1,0,50,354.5740089416504,{'leaf_size': 5, 'metric': 'euclidean', 'n_neighbors': 6, 'weights': 'uniform'}
020,2,0,60,322.03346157073975,{'leaf_size': 5, 'metric': 'manhattan', 'n_neighbors': 28, 'weights': 'uniform'}
015,1,0,70,334.2871015071869,{'leaf_size': 5, 'metric': 'manhattan', 'n_neighbors': 12, 'weights': 'uniform'}
015,3,0,65,359.6052565574646,{'leaf_size': 5, 'metric': 'euclidean', 'n_neighbors': 28, 'weights': 'uniform'}
020,4,0,65,305.1204195022583,{'leaf_size': 5, 'metric': 'manhattan', 'n_neighbors': 18, 'weights': 'uniform'}
015,4,0,65,301.08670592308044,{'leaf_size': 5, 'metric': 'manhattan', 'n_neighbors': 18, 'weights': 'uniform'}
005,2,0,55,379.20354080200195,{'leaf_size': 5, 'metric': 'euclidean', 'n_neighbors': 6, 'weights': 'distance'}
020,3,0,55,378.72164392471313,{'leaf_size': 5, 'metric': 'euclidean', 'n_neighbors': 28, 'weights': 'uniform'}
020,0,0,60,391.01662492752075,{'leaf_size': 5, 'metric': 'euclidean', 'n_neighbors': 18, 'weights': 'distance'}
005,0,0,60,127.11004877090454,{'leaf_size': 5, 'metric': 'euclidean', 'n_neighbors': 6, 'weights': 'uniform'}
010,2,0,65,166.47184371948242,{'leaf_size': 5, 'metric': 'euclidean', 'n_neighbors': 12, 'weights': 'uniform'}
005,2,0,55,185.56078219413757,{'leaf_size': 5, 'metric': 'euclidean', 'n_neighbors': 10, 'weights': 'uniform'}
005,1,0,60,200.76334190368652,{'leaf_size': 5, 'metric': 'manhattan', 'n_neighbors': 6, 'weights': 'uniform'}
020,2,0,70,158.05606484413147,{'leaf_size': 5, 'metric': 'euclidean', 'n_neighbors': 28, 'weights': 'distance'}
020,0,0,60,155.69761633872986,{'leaf_size': 5, 'metric': 'euclidean', 'n_neighbors': 18, 'weights': 'distance'}
020,1,0,60,152.94813203811646,{'leaf_size': 5, 'metric': 'manhattan', 'n_neighbors': 18, 'weights': 'uniform'}
010,4,0,55,184.9745602607727,{'leaf_size': 5, 'metric': 'euclidean', 'n_neighbors': 12, 'weights': 'uniform'}
020,4,0,65,174.6224021911621,{'leaf_size': 5, 'metric': 'euclidean', 'n_neighbors': 12, 'weights': 'uniform'}
015,2,0,75,207.84174966812134,{'leaf_size': 5, 'metric': 'euclidean', 'n_neighbors': 18, 'weights': 'uniform'}
005,4,0,45,234.24991846084595,{'leaf_size': 5, 'metric': 'manhattan', 'n_neighbors': 6, 'weights': 'uniform'}
015,0,0,70,242.87086081504822,{'leaf_size': 5, 'metric': 'euclidean', 'n_neighbors': 28, 'weights': 'distance'}
010,1,0,60,293.23451590538025,{'leaf_size': 5, 'metric': 'manhattan', 'n_neighbors': 18, 'weights': 'uniform'}
010,3,0,55,306.47287011146545,{'leaf_size': 5, 'metric': 'manhattan', 'n_neighbors': 12, 'weights': 'uniform'}
010,0,0,70,306.44555592536926,{'leaf_size': 5, 'metric': 'euclidean', 'n_neighbors': 18, 'weights': 'distance'}
005,3,0,55,390.69798851013184,{'leaf_size': 5, 'metric': 'euclidean', 'n_neighbors': 6, 'weights': 'uniform'}
020,3,0,60,248.61408400535583,{'leaf_size': 5, 'metric': 'euclidean', 'n_neighbors': 12, 'weights': 'uniform'}
015,3,0,65,411.1556375026703,{'leaf_size': 5, 'metric': 'euclidean', 'n_neighbors': 12, 'weights': 'distance'}
015,4,0,65,370.4112102985382,{'leaf_size': 5, 'metric': 'manhattan', 'n_neighbors': 12, 'weights': 'uniform'}
015,1,0,70,393.8713254928589,{'leaf_size': 5, 'metric': 'euclidean', 'n_neighbors': 12, 'weights': 'distance'}
010,2,0,65,108.50935769081116,{'leaf_size': 5, 'metric': 'euclidean', 'n_neighbors': 12, 'weights': 'uniform'}
005,0,0,60,133.02002906799316,{'leaf_size': 5, 'metric': 'euclidean', 'n_neighbors': 6, 'weights': 'uniform'}
010,3,0,55,132.19119119644165,{'leaf_size': 5, 'metric': 'manhattan', 'n_neighbors': 12, 'weights': 'uniform'}
005,2,0,55,192.27987098693848,{'leaf_size': 5, 'metric': 'euclidean', 'n_neighbors': 6, 'weights': 'distance'}
015,3,0,60,169.1012659072876,{'leaf_size': 5, 'metric': 'euclidean', 'n_neighbors': 18, 'weights': 'uniform'}
010,4,0,50,207.73490953445435,{'leaf_size': 5, 'metric': 'euclidean', 'n_neighbors': 18, 'weights': 'uniform'}
010,1,0,60,236.9165871143341,{'leaf_size': 5, 'metric': 'euclidean', 'n_neighbors': 28, 'weights': 'uniform'}
005,1,0,50,253.97800159454346,{'leaf_size': 5, 'metric': 'euclidean', 'n_neighbors': 6, 'weights': 'uniform'}
015,0,0,55,248.97646737098694,{'leaf_size': 5, 'metric': 'manhattan', 'n_neighbors': 18, 'weights': 'uniform'}
015,1,0,60,258.6145164966583,{'leaf_size': 5, 'metric': 'euclidean', 'n_neighbors': 12, 'weights': 'uniform'}
005,3,0,45,274.84817385673523,{'leaf_size': 5, 'metric': 'euclidean', 'n_neighbors': 10, 'weights': 'uniform'}
020,0,0,60,262.0627796649933,{'leaf_size': 5, 'metric': 'euclidean', 'n_neighbors': 18, 'weights': 'distance'}
005,4,0,55,281.33107137680054,{'leaf_size': 5, 'metric': 'euclidean', 'n_neighbors': 6, 'weights': 'uniform'}
010,0,0,60,293.2354199886322,{'leaf_size': 5, 'metric': 'manhattan', 'n_neighbors': 12, 'weights': 'distance'}
015,2,0,55,276.43025827407837,{'leaf_size': 5, 'metric': 'manhattan', 'n_neighbors': 12, 'weights': 'uniform'}
015,4,0,65,279.5956201553345,{'leaf_size': 5, 'metric': 'euclidean', 'n_neighbors': 12, 'weights': 'uniform'}
020,2,0,65,284.0733778476715,{'leaf_size': 5, 'metric': 'euclidean', 'n_neighbors': 28, 'weights': 'uniform'}
020,1,0,75,274.62989926338196,{'leaf_size': 5, 'metric': 'euclidean', 'n_neighbors': 18, 'weights': 'uniform'}
020,3,0,60,314.4011814594269,{'leaf_size': 5, 'metric': 'euclidean', 'n_neighbors': 12, 'weights': 'uniform'}
020,4,0,60,302.2807791233063,{'leaf_size': 5, 'metric': 'manhattan', 'n_neighbors': 12, 'weights': 'uniform'}
005,1,0,60,88.76070237159729,{'leaf_size': 5, 'metric': 'manhattan', 'n_neighbors': 6, 'weights': 'uniform'}
005,4,0,60,133.63092947006226,{'leaf_size': 5, 'metric': 'euclidean', 'n_neighbors': 6, 'weights': 'distance'}
015,2,0,70,123.31716752052307,{'leaf_size': 5, 'metric': 'euclidean', 'n_neighbors': 18, 'weights': 'distance'}
015,1,0,60,132.55836176872253,{'leaf_size': 5, 'metric': 'euclidean', 'n_neighbors': 12, 'weights': 'uniform'}
015,4,0,65,136.24513483047485,{'leaf_size': 5, 'metric': 'manhattan', 'n_neighbors': 12, 'weights': 'uniform'}
010,1,0,45,177.9686462879181,{'leaf_size': 5, 'metric': 'euclidean', 'n_neighbors': 18, 'weights': 'uniform'}
005,3,0,55,183.5300121307373,{'leaf_size': 5, 'metric': 'manhattan', 'n_neighbors': 6, 'weights': 'uniform'}
015,3,0,65,163.23419094085693,{'leaf_size': 5, 'metric': 'euclidean', 'n_neighbors': 28, 'weights': 'uniform'}
015,0,0,55,192.34192490577698,{'leaf_size': 5, 'metric': 'manhattan', 'n_neighbors': 18, 'weights': 'uniform'}
020,2,0,65,177.51395416259766,{'leaf_size': 5, 'metric': 'manhattan', 'n_neighbors': 18, 'weights': 'uniform'}
020,0,0,65,188.73392844200134,{'leaf_size': 5, 'metric': 'euclidean', 'n_neighbors': 12, 'weights': 'uniform'}
020,4,0,60,197.68802690505981,{'leaf_size': 5, 'metric': 'manhattan', 'n_neighbors': 12, 'weights': 'uniform'}
010,4,0,50,282.4620690345764,{'leaf_size': 5, 'metric': 'manhattan', 'n_neighbors': 18, 'weights': 'uniform'}
005,2,0,60,368.7551648616791,{'leaf_size': 5, 'metric': 'euclidean', 'n_neighbors': 14, 'weights': 'uniform'}
005,0,0,65,362.04459619522095,{'leaf_size': 5, 'metric': 'manhattan', 'n_neighbors': 10, 'weights': 'uniform'}
020,1,0,75,333.70303106307983,{'leaf_size': 5, 'metric': 'euclidean', 'n_neighbors': 18, 'weights': 'uniform'}
010,0,0,60,390.6275827884674,{'leaf_size': 5, 'metric': 'manhattan', 'n_neighbors': 12, 'weights': 'uniform'}
010,2,0,65,368.5439612865448,{'leaf_size': 5, 'metric': 'euclidean', 'n_neighbors': 12, 'weights': 'uniform'}
010,3,0,55,392.89276576042175,{'leaf_size': 5, 'metric': 'euclidean', 'n_neighbors': 12, 'weights': 'uniform'}
020,3,0,60,342.543119430542,{'leaf_size': 5, 'metric': 'manhattan', 'n_neighbors': 12, 'weights': 'distance'}
