010,2,0,55,318.794881105423,{'leaf_size': 5, 'metric': 'manhattan', 'n_neighbors': 6, 'weights': 'distance'}
010,1,0,55,329.27362275123596,{'leaf_size': 5, 'metric': 'euclidean', 'n_neighbors': 14, 'weights': 'uniform'}
010,0,0,45,354.43435049057007,{'leaf_size': 5, 'metric': 'euclidean', 'n_neighbors': 14, 'weights': 'uniform'}
020,3,0,50,216.74726843833923,{'leaf_size': 5, 'metric': 'euclidean', 'n_neighbors': 18, 'weights': 'uniform'}
015,3,0,50,327.96846079826355,{'leaf_size': 5, 'metric': 'euclidean', 'n_neighbors': 21, 'weights': 'uniform'}
005,3,0,50,397.42647886276245,{'leaf_size': 5, 'metric': 'euclidean', 'n_neighbors': 7, 'weights': 'uniform'}
015,1,0,50,359.6361665725708,{'leaf_size': 5, 'metric': 'euclidean', 'n_neighbors': 15, 'weights': 'uniform'}
010,4,0,60,354.6620752811432,{'leaf_size': 5, 'metric': 'euclidean', 'n_neighbors': 10, 'weights': 'uniform'}
005,2,0,45,416.26342964172363,{'leaf_size': 5, 'metric': 'euclidean', 'n_neighbors': 7, 'weights': 'uniform'}
005,4,0,55,412.2625379562378,{'leaf_size': 5, 'metric': 'euclidean', 'n_neighbors': 7, 'weights': 'uniform'}
005,1,0,65,434.0885407924652,{'leaf_size': 5, 'metric': 'euclidean', 'n_neighbors': 5, 'weights': 'uniform'}
005,0,0,50,433.7515037059784,{'leaf_size': 5, 'metric': 'euclidean', 'n_neighbors': 7, 'weights': 'uniform'}
010,3,0,50,411.8985984325409,{'leaf_size': 5, 'metric': 'euclidean', 'n_neighbors': 10, 'weights': 'distance'}
020,4,0,50,331.1896622180939,{'leaf_size': 5, 'metric': 'euclidean', 'n_neighbors': 12, 'weights': 'uniform'}
015,2,0,50,381.72715425491333,{'leaf_size': 5, 'metric': 'euclidean', 'n_neighbors': 9, 'weights': 'uniform'}
015,4,0,45,385.1199643611908,{'leaf_size': 5, 'metric': 'euclidean', 'n_neighbors': 15, 'weights': 'uniform'}
015,0,0,55,380.4791097640991,{'leaf_size': 5, 'metric': 'euclidean', 'n_neighbors': 21, 'weights': 'distance'}
020,2,0,50,357.0140027999878,{'leaf_size': 5, 'metric': 'euclidean', 'n_neighbors': 28, 'weights': 'uniform'}
020,0,0,50,341.42918395996094,{'leaf_size': 5, 'metric': 'euclidean', 'n_neighbors': 28, 'weights': 'uniform'}
020,1,0,50,337.1575970649719,{'leaf_size': 5, 'metric': 'euclidean', 'n_neighbors': 18, 'weights': 'uniform'}
005,3,0,50,280.6465322971344,{'leaf_size': 5, 'metric': 'manhattan', 'n_neighbors': 5, 'weights': 'uniform'}
005,2,0,50,313.76302695274353,{'leaf_size': 5, 'metric': 'euclidean', 'n_neighbors': 7, 'weights': 'uniform'}
020,4,0,55,264.7967028617859,{'leaf_size': 5, 'metric': 'manhattan', 'n_neighbors': 18, 'weights': 'distance'}
020,3,0,50,264.07884407043457,{'leaf_size': 5, 'metric': 'manhattan', 'n_neighbors': 12, 'weights': 'uniform'}
010,4,0,50,301.9372386932373,{'leaf_size': 5, 'metric': 'euclidean', 'n_neighbors': 6, 'weights': 'distance'}
010,1,0,50,294.2749025821686,{'leaf_size': 5, 'metric': 'manhattan', 'n_neighbors': 14, 'weights': 'uniform'}
015,2,0,50,296.3019256591797,{'leaf_size': 5, 'metric': 'manhattan', 'n_neighbors': 15, 'weights': 'uniform'}
005,0,0,45,359.3799092769623,{'leaf_size': 5, 'metric': 'euclidean', 'n_neighbors': 7, 'weights': 'uniform'}
015,1,0,50,316.33091950416565,{'leaf_size': 5, 'metric': 'euclidean', 'n_neighbors': 21, 'weights': 'uniform'}
010,0,0,60,364.9144265651703,{'leaf_size': 5, 'metric': 'euclidean', 'n_neighbors': 6, 'weights': 'uniform'}
005,4,0,55,377.4124810695648,{'leaf_size': 5, 'metric': 'euclidean', 'n_neighbors': 5, 'weights': 'uniform'}
005,1,0,55,404.9288442134857,{'leaf_size': 5, 'metric': 'manhattan', 'n_neighbors': 3, 'weights': 'uniform'}
010,3,0,35,390.4379804134369,{'leaf_size': 5, 'metric': 'euclidean', 'n_neighbors': 6, 'weights': 'uniform'}
020,2,0,55,300.4198651313782,{'leaf_size': 5, 'metric': 'euclidean', 'n_neighbors': 28, 'weights': 'distance'}
010,2,0,45,383.44871759414673,{'leaf_size': 5, 'metric': 'manhattan', 'n_neighbors': 6, 'weights': 'distance'}
020,0,0,60,315.56375885009766,{'leaf_size': 5, 'metric': 'manhattan', 'n_neighbors': 12, 'weights': 'uniform'}
015,4,0,50,327.493022441864,{'leaf_size': 5, 'metric': 'euclidean', 'n_neighbors': 15, 'weights': 'uniform'}
015,0,0,45,381.02846813201904,{'leaf_size': 5, 'metric': 'euclidean', 'n_neighbors': 15, 'weights': 'uniform'}
015,3,0,50,361.20216608047485,{'leaf_size': 5, 'metric': 'euclidean', 'n_neighbors': 9, 'weights': 'uniform'}
020,1,0,50,351.9083158969879,{'leaf_size': 5, 'metric': 'euclidean', 'n_neighbors': 28, 'weights': 'uniform'}
005,0,0,45,307.56576108932495,{'leaf_size': 5, 'metric': 'manhattan', 'n_neighbors': 3, 'weights': 'uniform'}
010,2,0,65,281.0834951400757,{'leaf_size': 5, 'metric': 'euclidean', 'n_neighbors': 6, 'weights': 'distance'}
010,1,0,50,281.5450351238251,{'leaf_size': 5, 'metric': 'euclidean', 'n_neighbors': 6, 'weights': 'distance'}
015,1,0,55,260.895911693573,{'leaf_size': 5, 'metric': 'euclidean', 'n_neighbors': 9, 'weights': 'uniform'}
010,3,0,50,300.5586235523224,{'leaf_size': 5, 'metric': 'manhattan', 'n_neighbors': 10, 'weights': 'distance'}
005,4,0,65,334.3090589046478,{'leaf_size': 5, 'metric': 'euclidean', 'n_neighbors': 5, 'weights': 'uniform'}
005,2,0,50,351.1690282821655,{'leaf_size': 5, 'metric': 'manhattan', 'n_neighbors': 3, 'weights': 'uniform'}
010,0,0,60,305.3098735809326,{'leaf_size': 5, 'metric': 'manhattan', 'n_neighbors': 14, 'weights': 'uniform'}
015,2,0,45,271.8048975467682,{'leaf_size': 5, 'metric': 'manhattan', 'n_neighbors': 9, 'weights': 'uniform'}
020,4,0,50,281.04119896888733,{'leaf_size': 5, 'metric': 'euclidean', 'n_neighbors': 18, 'weights': 'distance'}
015,4,0,55,304.78685569763184,{'leaf_size': 5, 'metric': 'manhattan', 'n_neighbors': 21, 'weights': 'uniform'}
020,0,0,50,280.66636323928833,{'leaf_size': 5, 'metric': 'euclidean', 'n_neighbors': 18, 'weights': 'uniform'}
020,3,0,50,274.3757040500641,{'leaf_size': 5, 'metric': 'manhattan', 'n_neighbors': 18, 'weights': 'distance'}
005,1,0,50,391.4259235858917,{'leaf_size': 5, 'metric': 'manhattan', 'n_neighbors': 3, 'weights': 'uniform'}
020,1,0,50,270.2434070110321,{'leaf_size': 5, 'metric': 'euclidean', 'n_neighbors': 18, 'weights': 'distance'}
020,2,0,40,336.9432327747345,{'leaf_size': 5, 'metric': 'euclidean', 'n_neighbors': 28, 'weights': 'uniform'}
015,0,0,50,288.0811243057251,{'leaf_size': 5, 'metric': 'euclidean', 'n_neighbors': 15, 'weights': 'uniform'}
005,3,0,60,400.7250511646271,{'leaf_size': 5, 'metric': 'euclidean', 'n_neighbors': 7, 'weights': 'uniform'}
015,3,0,50,364.21097207069397,{'leaf_size': 5, 'metric': 'euclidean', 'n_neighbors': 15, 'weights': 'uniform'}
010,4,0,55,374.4438760280609,{'leaf_size': 5, 'metric': 'euclidean', 'n_neighbors': 6, 'weights': 'uniform'}
010,3,0,50,239.00941562652588,{'leaf_size': 5, 'metric': 'euclidean', 'n_neighbors': 14, 'weights': 'uniform'}
010,4,0,50,235.90971183776855,{'leaf_size': 5, 'metric': 'euclidean', 'n_neighbors': 6, 'weights': 'distance'}
005,3,0,50,275.7458350658417,{'leaf_size': 5, 'metric': 'manhattan', 'n_neighbors': 5, 'weights': 'uniform'}
005,4,0,65,290.35927057266235,{'leaf_size': 5, 'metric': 'manhattan', 'n_neighbors': 7, 'weights': 'uniform'}
020,1,0,50,232.15304708480835,{'leaf_size': 5, 'metric': 'manhattan', 'n_neighbors': 12, 'weights': 'distance'}
010,2,0,50,251.20703411102295,{'leaf_size': 5, 'metric': 'manhattan', 'n_neighbors': 6, 'weights': 'distance'}
010,1,0,50,279.33561277389526,{'leaf_size': 5, 'metric': 'euclidean', 'n_neighbors': 10, 'weights': 'distance'}
015,2,0,65,287.43321537971497,{'leaf_size': 5, 'metric': 'euclidean', 'n_neighbors': 9, 'weights': 'uniform'}
005,2,0,55,345.54176211357117,{'leaf_size': 5, 'metric': 'manhattan', 'n_neighbors': 5, 'weights': 'uniform'}
015,3,0,50,292.5120153427124,{'leaf_size': 5, 'metric': 'euclidean', 'n_neighbors': 21, 'weights': 'uniform'}
020,2,0,45,265.4570095539093,{'leaf_size': 5, 'metric': 'euclidean', 'n_neighbors': 28, 'weights': 'uniform'}
015,4,0,50,307.08000445365906,{'leaf_size': 5, 'metric': 'euclidean', 'n_neighbors': 15, 'weights': 'uniform'}
020,3,0,50,297.0962929725647,{'leaf_size': 5, 'metric': 'euclidean', 'n_neighbors': 12, 'weights': 'distance'}
015,0,0,50,318.6080639362335,{'leaf_size': 5, 'metric': 'manhattan', 'n_neighbors': 9, 'weights': 'uniform'}
005,0,0,60,405.29654932022095,{'leaf_size': 5, 'metric': 'manhattan', 'n_neighbors': 3, 'weights': 'uniform'}
020,4,0,50,286.21166610717773,{'leaf_size': 5, 'metric': 'euclidean', 'n_neighbors': 18, 'weights': 'distance'}
010,0,0,50,337.38463830947876,{'leaf_size': 5, 'metric': 'euclidean', 'n_neighbors': 14, 'weights': 'distance'}
005,1,0,50,402.7513499259949,{'leaf_size': 5, 'metric': 'euclidean', 'n_neighbors': 5, 'weights': 'uniform'}
020,0,0,50,367.54467964172363,{'leaf_size': 5, 'metric': 'manhattan', 'n_neighbors': 12, 'weights': 'uniform'}
015,1,0,50,329.8117928504944,{'leaf_size': 5, 'metric': 'manhattan', 'n_neighbors': 15, 'weights': 'uniform'}
010,1,0,45,274.27138233184814,{'leaf_size': 5, 'metric': 'euclidean', 'n_neighbors': 6, 'weights': 'uniform'}
005,0,0,50,303.32728457450867,{'leaf_size': 5, 'metric': 'manhattan', 'n_neighbors': 3, 'weights': 'uniform'}
010,0,0,50,280.0061762332916,{'leaf_size': 5, 'metric': 'manhattan', 'n_neighbors': 6, 'weights': 'distance'}
005,3,0,50,308.0828776359558,{'leaf_size': 5, 'metric': 'euclidean', 'n_neighbors': 3, 'weights': 'uniform'}
010,4,0,60,301.3483850955963,{'leaf_size': 5, 'metric': 'manhattan', 'n_neighbors': 6, 'weights': 'uniform'}
005,2,0,50,328.4413032531738,{'leaf_size': 5, 'metric': 'euclidean', 'n_neighbors': 5, 'weights': 'uniform'}
010,2,0,50,301.5699510574341,{'leaf_size': 5, 'metric': 'manhattan', 'n_neighbors': 14, 'weights': 'distance'}
015,3,0,55,267.1660883426666,{'leaf_size': 5, 'metric': 'euclidean', 'n_neighbors': 9, 'weights': 'uniform'}
015,2,0,50,271.4706766605377,{'leaf_size': 5, 'metric': 'euclidean', 'n_neighbors': 15, 'weights': 'uniform'}
005,1,0,40,352.0008134841919,{'leaf_size': 5, 'metric': 'euclidean', 'n_neighbors': 7, 'weights': 'uniform'}
020,0,0,55,253.74525713920593,{'leaf_size': 5, 'metric': 'manhattan', 'n_neighbors': 28, 'weights': 'distance'}
020,2,0,60,271.3714008331299,{'leaf_size': 5, 'metric': 'euclidean', 'n_neighbors': 18, 'weights': 'distance'}
020,4,0,50,268.9702408313751,{'leaf_size': 5, 'metric': 'euclidean', 'n_neighbors': 28, 'weights': 'uniform'}
020,3,0,40,263.915367603302,{'leaf_size': 5, 'metric': 'euclidean', 'n_neighbors': 28, 'weights': 'uniform'}
005,4,0,50,373.7184112071991,{'leaf_size': 5, 'metric': 'manhattan', 'n_neighbors': 3, 'weights': 'uniform'}
015,0,0,45,337.9826183319092,{'leaf_size': 5, 'metric': 'manhattan', 'n_neighbors': 21, 'weights': 'uniform'}
020,1,0,55,312.9954078197479,{'leaf_size': 5, 'metric': 'euclidean', 'n_neighbors': 12, 'weights': 'distance'}
015,1,0,45,381.5509648323059,{'leaf_size': 5, 'metric': 'euclidean', 'n_neighbors': 9, 'weights': 'uniform'}
010,3,0,50,389.74496030807495,{'leaf_size': 5, 'metric': 'euclidean', 'n_neighbors': 6, 'weights': 'uniform'}
015,4,0,55,353.54867362976074,{'leaf_size': 5, 'metric': 'euclidean', 'n_neighbors': 15, 'weights': 'uniform'}
005,0,0,55,236.543710231781,{'leaf_size': 5, 'metric': 'euclidean', 'n_neighbors': 7, 'weights': 'uniform'}
010,0,0,50,229.67527079582214,{'leaf_size': 5, 'metric': 'euclidean', 'n_neighbors': 10, 'weights': 'distance'}
005,1,0,65,277.351722240448,{'leaf_size': 5, 'metric': 'euclidean', 'n_neighbors': 3, 'weights': 'uniform'}
005,2,0,60,291.2180714607239,{'leaf_size': 5, 'metric': 'euclidean', 'n_neighbors': 7, 'weights': 'uniform'}
010,2,0,50,264.33766746520996,{'leaf_size': 5, 'metric': 'euclidean', 'n_neighbors': 10, 'weights': 'distance'}
010,4,0,50,261.9988751411438,{'leaf_size': 5, 'metric': 'euclidean', 'n_neighbors': 6, 'weights': 'distance'}
005,4,0,55,323.23751425743103,{'leaf_size': 5, 'metric': 'euclidean', 'n_neighbors': 5, 'weights': 'uniform'}
020,1,0,55,223.97465801239014,{'leaf_size': 5, 'metric': 'euclidean', 'n_neighbors': 28, 'weights': 'distance'}
010,1,0,50,296.78457856178284,{'leaf_size': 5, 'metric': 'euclidean', 'n_neighbors': 6, 'weights': 'distance'}
005,3,0,45,332.8785185813904,{'leaf_size': 5, 'metric': 'manhattan', 'n_neighbors': 7, 'weights': 'uniform'}
020,4,0,50,219.5666925907135,{'leaf_size': 5, 'metric': 'manhattan', 'n_neighbors': 18, 'weights': 'uniform'}
015,1,0,50,233.4902925491333,{'leaf_size': 5, 'metric': 'manhattan', 'n_neighbors': 21, 'weights': 'uniform'}
020,0,0,50,206.69501566886902,{'leaf_size': 5, 'metric': 'euclidean', 'n_neighbors': 28, 'weights': 'distance'}
010,3,0,40,302.8221101760864,{'leaf_size': 5, 'metric': 'euclidean', 'n_neighbors': 10, 'weights': 'uniform'}
015,3,0,50,246.41128087043762,{'leaf_size': 5, 'metric': 'euclidean', 'n_neighbors': 21, 'weights': 'uniform'}
015,4,0,45,253.42983222007751,{'leaf_size': 5, 'metric': 'manhattan', 'n_neighbors': 21, 'weights': 'uniform'}
015,0,0,50,288.56057834625244,{'leaf_size': 5, 'metric': 'manhattan', 'n_neighbors': 21, 'weights': 'uniform'}
020,2,0,75,234.74528694152832,{'leaf_size': 5, 'metric': 'euclidean', 'n_neighbors': 28, 'weights': 'uniform'}
015,2,0,60,285.6018741130829,{'leaf_size': 5, 'metric': 'euclidean', 'n_neighbors': 15, 'weights': 'distance'}
020,3,0,50,301.8462495803833,{'leaf_size': 5, 'metric': 'manhattan', 'n_neighbors': 28, 'weights': 'distance'}
005,2,0,50,231.71281170845032,{'leaf_size': 5, 'metric': 'euclidean', 'n_neighbors': 5, 'weights': 'uniform'}
010,4,0,50,213.00608468055725,{'leaf_size': 5, 'metric': 'euclidean', 'n_neighbors': 14, 'weights': 'uniform'}
005,0,0,50,294.3758108615875,{'leaf_size': 5, 'metric': 'manhattan', 'n_neighbors': 7, 'weights': 'uniform'}
005,1,0,70,290.4642834663391,{'leaf_size': 5, 'metric': 'euclidean', 'n_neighbors': 5, 'weights': 'uniform'}
005,4,0,50,283.5664517879486,{'leaf_size': 5, 'metric': 'euclidean', 'n_neighbors': 3, 'weights': 'uniform'}
015,4,0,55,237.0629165172577,{'leaf_size': 5, 'metric': 'euclidean', 'n_neighbors': 21, 'weights': 'uniform'}
010,0,0,55,279.8696014881134,{'leaf_size': 5, 'metric': 'euclidean', 'n_neighbors': 14, 'weights': 'distance'}
015,2,0,50,275.4787528514862,{'leaf_size': 5, 'metric': 'euclidean', 'n_neighbors': 9, 'weights': 'uniform'}
005,3,0,50,341.03310227394104,{'leaf_size': 5, 'metric': 'euclidean', 'n_neighbors': 3, 'weights': 'uniform'}
010,2,0,55,306.91110396385193,{'leaf_size': 5, 'metric': 'euclidean', 'n_neighbors': 6, 'weights': 'distance'}
010,1,0,50,296.5627646446228,{'leaf_size': 5, 'metric': 'euclidean', 'n_neighbors': 6, 'weights': 'uniform'}
015,0,0,50,322.88982796669006,{'leaf_size': 5, 'metric': 'euclidean', 'n_neighbors': 15, 'weights': 'uniform'}
015,1,0,50,261.87136483192444,{'leaf_size': 5, 'metric': 'euclidean', 'n_neighbors': 21, 'weights': 'uniform'}
015,3,0,55,265.45606112480164,{'leaf_size': 5, 'metric': 'manhattan', 'n_neighbors': 15, 'weights': 'uniform'}
020,2,0,50,228.03368496894836,{'leaf_size': 5, 'metric': 'euclidean', 'n_neighbors': 28, 'weights': 'distance'}
020,0,0,50,282.149537563324,{'leaf_size': 5, 'metric': 'euclidean', 'n_neighbors': 18, 'weights': 'uniform'}
020,4,0,45,231.34625673294067,{'leaf_size': 5, 'metric': 'manhattan', 'n_neighbors': 28, 'weights': 'uniform'}
020,1,0,55,236.89224410057068,{'leaf_size': 5, 'metric': 'euclidean', 'n_neighbors': 18, 'weights': 'uniform'}
010,3,0,40,362.76798844337463,{'leaf_size': 5, 'metric': 'euclidean', 'n_neighbors': 10, 'weights': 'uniform'}
020,3,0,65,279.9487009048462,{'leaf_size': 5, 'metric': 'manhattan', 'n_neighbors': 28, 'weights': 'uniform'}
010,1,0,55,263.2360351085663,{'leaf_size': 5, 'metric': 'euclidean', 'n_neighbors': 6, 'weights': 'uniform'}
010,3,0,35,246.43399238586426,{'leaf_size': 5, 'metric': 'euclidean', 'n_neighbors': 14, 'weights': 'uniform'}
005,3,0,50,324.80689454078674,{'leaf_size': 5, 'metric': 'euclidean', 'n_neighbors': 7, 'weights': 'uniform'}
010,2,0,60,275.75498366355896,{'leaf_size': 5, 'metric': 'euclidean', 'n_neighbors': 14, 'weights': 'uniform'}
015,3,0,50,274.74142050743103,{'leaf_size': 5, 'metric': 'manhattan', 'n_neighbors': 21, 'weights': 'uniform'}
020,2,0,40,229.54025530815125,{'leaf_size': 5, 'metric': 'euclidean', 'n_neighbors': 12, 'weights': 'distance'}
010,4,0,50,310.3482418060303,{'leaf_size': 5, 'metric': 'manhattan', 'n_neighbors': 6, 'weights': 'uniform'}
010,0,0,50,337.2950129508972,{'leaf_size': 5, 'metric': 'euclidean', 'n_neighbors': 10, 'weights': 'distance'}
015,0,0,50,280.2990617752075,{'leaf_size': 5, 'metric': 'manhattan', 'n_neighbors': 15, 'weights': 'uniform'}
020,1,0,45,290.0915093421936,{'leaf_size': 5, 'metric': 'euclidean', 'n_neighbors': 12, 'weights': 'distance'}
005,2,0,35,344.79112362861633,{'leaf_size': 5, 'metric': 'euclidean', 'n_neighbors': 3, 'weights': 'uniform'}
005,1,0,50,370.3921205997467,{'leaf_size': 5, 'metric': 'euclidean', 'n_neighbors': 5, 'weights': 'uniform'}
005,0,0,55,372.2764160633087,{'leaf_size': 5, 'metric': 'euclidean', 'n_neighbors': 3, 'weights': 'uniform'}
020,4,0,40,277.54783606529236,{'leaf_size': 5, 'metric': 'manhattan', 'n_neighbors': 28, 'weights': 'distance'}
005,4,0,60,374.6234414577484,{'leaf_size': 5, 'metric': 'euclidean', 'n_neighbors': 5, 'weights': 'uniform'}
015,4,0,50,283.0373706817627,{'leaf_size': 5, 'metric': 'euclidean', 'n_neighbors': 21, 'weights': 'uniform'}
020,0,0,50,270.1118893623352,{'leaf_size': 5, 'metric': 'euclidean', 'n_neighbors': 12, 'weights': 'uniform'}
015,2,0,50,303.80008935928345,{'leaf_size': 5, 'metric': 'manhattan', 'n_neighbors': 21, 'weights': 'uniform'}
015,1,0,45,349.0944311618805,{'leaf_size': 5, 'metric': 'euclidean', 'n_neighbors': 15, 'weights': 'uniform'}
020,3,0,55,277.032484292984,{'leaf_size': 5, 'metric': 'manhattan', 'n_neighbors': 18, 'weights': 'uniform'}
005,3,0,50,292.9080214500427,{'leaf_size': 5, 'metric': 'manhattan', 'n_neighbors': 3, 'weights': 'uniform'}
005,1,0,60,305.59312558174133,{'leaf_size': 5, 'metric': 'euclidean', 'n_neighbors': 3, 'weights': 'uniform'}
015,3,0,50,262.24029088020325,{'leaf_size': 5, 'metric': 'euclidean', 'n_neighbors': 15, 'weights': 'uniform'}
010,1,0,50,295.70905566215515,{'leaf_size': 5, 'metric': 'euclidean', 'n_neighbors': 10, 'weights': 'distance'}
005,0,0,50,328.96202301979065,{'leaf_size': 5, 'metric': 'euclidean', 'n_neighbors': 3, 'weights': 'uniform'}
020,4,0,55,225.84280037879944,{'leaf_size': 5, 'metric': 'euclidean', 'n_neighbors': 12, 'weights': 'uniform'}
020,1,0,50,284.65296459198,{'leaf_size': 5, 'metric': 'manhattan', 'n_neighbors': 12, 'weights': 'distance'}
010,4,0,55,323.20786690711975,{'leaf_size': 5, 'metric': 'euclidean', 'n_neighbors': 6, 'weights': 'distance'}
015,0,0,40,346.6290626525879,{'leaf_size': 5, 'metric': 'euclidean', 'n_neighbors': 15, 'weights': 'uniform'}
010,3,0,55,303.03115487098694,{'leaf_size': 5, 'metric': 'manhattan', 'n_neighbors': 6, 'weights': 'distance'}
015,4,0,55,303.3113350868225,{'leaf_size': 5, 'metric': 'manhattan', 'n_neighbors': 15, 'weights': 'uniform'}
015,1,0,30,260.4879832267761,{'leaf_size': 5, 'metric': 'manhattan', 'n_neighbors': 21, 'weights': 'uniform'}
020,3,0,50,273.92780923843384,{'leaf_size': 5, 'metric': 'manhattan', 'n_neighbors': 28, 'weights': 'uniform'}
005,2,0,60,382.9182221889496,{'leaf_size': 5, 'metric': 'euclidean', 'n_neighbors': 7, 'weights': 'uniform'}
010,2,0,40,344.9427115917206,{'leaf_size': 5, 'metric': 'euclidean', 'n_neighbors': 14, 'weights': 'uniform'}
015,2,0,50,292.3089861869812,{'leaf_size': 5, 'metric': 'manhattan', 'n_neighbors': 9, 'weights': 'uniform'}
020,2,0,45,318.4508385658264,{'leaf_size': 5, 'metric': 'manhattan', 'n_neighbors': 28, 'weights': 'distance'}
010,0,0,50,369.45934438705444,{'leaf_size': 5, 'metric': 'euclidean', 'n_neighbors': 10, 'weights': 'uniform'}
005,4,0,50,396.86956810951233,{'leaf_size': 5, 'metric': 'manhattan', 'n_neighbors': 5, 'weights': 'uniform'}
020,0,0,50,267.9768497943878,{'leaf_size': 5, 'metric': 'manhattan', 'n_neighbors': 12, 'weights': 'distance'}
005,2,0,50,248.76895689964294,{'leaf_size': 5, 'metric': 'manhattan', 'n_neighbors': 3, 'weights': 'uniform'}
010,2,0,55,254.84396815299988,{'leaf_size': 5, 'metric': 'manhattan', 'n_neighbors': 10, 'weights': 'uniform'}
015,1,0,45,224.61969590187073,{'leaf_size': 5, 'metric': 'euclidean', 'n_neighbors': 9, 'weights': 'uniform'}
010,4,0,50,232.66391396522522,{'leaf_size': 5, 'metric': 'manhattan', 'n_neighbors': 6, 'weights': 'uniform'}
015,2,0,50,196.97044944763184,{'leaf_size': 5, 'metric': 'euclidean', 'n_neighbors': 9, 'weights': 'uniform'}
010,0,0,55,277.34162640571594,{'leaf_size': 5, 'metric': 'manhattan', 'n_neighbors': 6, 'weights': 'uniform'}
005,3,0,60,309.15426993370056,{'leaf_size': 5, 'metric': 'euclidean', 'n_neighbors': 3, 'weights': 'uniform'}
010,1,0,50,292.49609112739563,{'leaf_size': 5, 'metric': 'euclidean', 'n_neighbors': 10, 'weights': 'uniform'}
005,0,0,50,353.1683347225189,{'leaf_size': 5, 'metric': 'manhattan', 'n_neighbors': 7, 'weights': 'uniform'}
020,3,0,60,233.80891394615173,{'leaf_size': 5, 'metric': 'manhattan', 'n_neighbors': 28, 'weights': 'distance'}
015,0,0,45,255.3448805809021,{'leaf_size': 5, 'metric': 'euclidean', 'n_neighbors': 21, 'weights': 'uniform'}
005,1,0,60,367.4695475101471,{'leaf_size': 5, 'metric': 'euclidean', 'n_neighbors': 5, 'weights': 'uniform'}
010,3,0,40,301.3028917312622,{'leaf_size': 5, 'metric': 'euclidean', 'n_neighbors': 14, 'weights': 'distance'}
015,3,0,50,327.57597613334656,{'leaf_size': 5, 'metric': 'euclidean', 'n_neighbors': 9, 'weights': 'uniform'}
005,4,0,50,378.06070733070374,{'leaf_size': 5, 'metric': 'euclidean', 'n_neighbors': 3, 'weights': 'uniform'}
020,2,0,15,252.10183191299438,{'leaf_size': 5, 'metric': 'euclidean', 'n_neighbors': 28, 'weights': 'uniform'}
020,1,0,50,218.26656579971313,{'leaf_size': 5, 'metric': 'euclidean', 'n_neighbors': 12, 'weights': 'uniform'}
020,4,0,50,274.1577022075653,{'leaf_size': 5, 'metric': 'euclidean', 'n_neighbors': 12, 'weights': 'distance'}
020,0,0,55,255.28601813316345,{'leaf_size': 5, 'metric': 'manhattan', 'n_neighbors': 12, 'weights': 'uniform'}
015,4,0,75,282.9107201099396,{'leaf_size': 5, 'metric': 'euclidean', 'n_neighbors': 9, 'weights': 'uniform'}
