015,1,0,62,387.6046652793884,{'leaf_size': 5, 'metric': 'euclidean', 'n_neighbors': 15, 'weights': 'uniform'}
010,0,0,55,476.50665402412415,{'leaf_size': 5, 'metric': 'euclidean', 'n_neighbors': 10, 'weights': 'uniform'}
005,2,0,55,505.0988965034485,{'leaf_size': 5, 'metric': 'euclidean', 'n_neighbors': 5, 'weights': 'uniform'}
020,4,0,67,419.7783968448639,{'leaf_size': 5, 'metric': 'manhattan', 'n_neighbors': 28, 'weights': 'distance'}
005,4,0,64,506.6113386154175,{'leaf_size': 5, 'metric': 'manhattan', 'n_neighbors': 7, 'weights': 'uniform'}
005,3,0,56,506.594514131546,{'leaf_size': 5, 'metric': 'manhattan', 'n_neighbors': 7, 'weights': 'uniform'}
020,3,0,64,428.6790153980255,{'leaf_size': 5, 'metric': 'manhattan', 'n_neighbors': 28, 'weights': 'distance'}
020,0,0,61,443.40556263923645,{'leaf_size': 5, 'metric': 'euclidean', 'n_neighbors': 12, 'weights': 'uniform'}
005,1,0,64,546.1415076255798,{'leaf_size': 5, 'metric': 'euclidean', 'n_neighbors': 3, 'weights': 'uniform'}
030,2,0,62,443.7166574001312,{'leaf_size': 5, 'metric': 'euclidean', 'n_neighbors': 18, 'weights': 'uniform'}
005,0,0,62,571.6511743068695,{'leaf_size': 5, 'metric': 'euclidean', 'n_neighbors': 5, 'weights': 'uniform'}
030,4,0,68,437.9240505695343,{'leaf_size': 5, 'metric': 'euclidean', 'n_neighbors': 12, 'weights': 'distance'}
010,4,0,65,537.9136025905609,{'leaf_size': 5, 'metric': 'euclidean', 'n_neighbors': 10, 'weights': 'uniform'}
015,3,0,60,502.0479152202606,{'leaf_size': 5, 'metric': 'euclidean', 'n_neighbors': 9, 'weights': 'uniform'}
010,3,0,55,557.7089581489563,{'leaf_size': 5, 'metric': 'manhattan', 'n_neighbors': 14, 'weights': 'uniform'}
030,0,0,67,500.13710045814514,{'leaf_size': 5, 'metric': 'manhattan', 'n_neighbors': 28, 'weights': 'distance'}
060,4,0,68,401.75307631492615,{'leaf_size': 5, 'metric': 'euclidean', 'n_neighbors': 18, 'weights': 'uniform'}
010,2,0,56,562.3191421031952,{'leaf_size': 5, 'metric': 'euclidean', 'n_neighbors': 6, 'weights': 'uniform'}
010,1,0,60,581.1996228694916,{'leaf_size': 5, 'metric': 'euclidean', 'n_neighbors': 10, 'weights': 'uniform'}
015,0,0,66,555.3506889343262,{'leaf_size': 5, 'metric': 'euclidean', 'n_neighbors': 15, 'weights': 'uniform'}
020,1,0,66,537.4860758781433,{'leaf_size': 5, 'metric': 'euclidean', 'n_neighbors': 18, 'weights': 'uniform'}
020,2,0,66,536.2638227939606,{'leaf_size': 5, 'metric': 'euclidean', 'n_neighbors': 18, 'weights': 'distance'}
015,2,0,64,564.1104552745819,{'leaf_size': 5, 'metric': 'euclidean', 'n_neighbors': 21, 'weights': 'uniform'}
100,0,0,72,442.8996891975403,{'leaf_size': 5, 'metric': 'euclidean', 'n_neighbors': 12, 'weights': 'distance'}
100,1,0,72,440.5388321876526,{'leaf_size': 5, 'metric': 'euclidean', 'n_neighbors': 28, 'weights': 'distance'}
060,0,0,69,460.33177971839905,{'leaf_size': 5, 'metric': 'euclidean', 'n_neighbors': 28, 'weights': 'uniform'}
015,4,0,62,586.469507932663,{'leaf_size': 5, 'metric': 'euclidean', 'n_neighbors': 21, 'weights': 'uniform'}
030,3,0,68,593.0256805419922,{'leaf_size': 5, 'metric': 'euclidean', 'n_neighbors': 18, 'weights': 'distance'}
060,2,0,70,536.9665548801422,{'leaf_size': 5, 'metric': 'manhattan', 'n_neighbors': 28, 'weights': 'distance'}
030,1,0,68,604.2385003566742,{'leaf_size': 5, 'metric': 'euclidean', 'n_neighbors': 28, 'weights': 'distance'}
060,1,0,69,576.9841418266296,{'leaf_size': 5, 'metric': 'euclidean', 'n_neighbors': 18, 'weights': 'uniform'}
100,3,0,72,509.81137013435364,{'leaf_size': 5, 'metric': 'euclidean', 'n_neighbors': 28, 'weights': 'uniform'}
060,3,0,69,591.722713470459,{'leaf_size': 5, 'metric': 'euclidean', 'n_neighbors': 12, 'weights': 'uniform'}
100,2,0,70,569.1855571269989,{'leaf_size': 5, 'metric': 'euclidean', 'n_neighbors': 12, 'weights': 'uniform'}
100,4,0,71,574.4129900932312,{'leaf_size': 5, 'metric': 'euclidean', 'n_neighbors': 18, 'weights': 'uniform'}
030,4,0,66,256.53091740608215,{'leaf_size': 5, 'metric': 'euclidean', 'n_neighbors': 28, 'weights': 'distance'}
020,0,0,67,306.3724715709686,{'leaf_size': 5, 'metric': 'euclidean', 'n_neighbors': 28, 'weights': 'uniform'}
060,0,0,71,258.3216760158539,{'leaf_size': 5, 'metric': 'euclidean', 'n_neighbors': 18, 'weights': 'uniform'}
010,1,0,60,348.22285175323486,{'leaf_size': 5, 'metric': 'euclidean', 'n_neighbors': 10, 'weights': 'uniform'}
060,1,0,68,253.7620508670807,{'leaf_size': 5, 'metric': 'manhattan', 'n_neighbors': 18, 'weights': 'distance'}
005,3,0,58,386.293470621109,{'leaf_size': 5, 'metric': 'euclidean', 'n_neighbors': 7, 'weights': 'uniform'}
010,3,0,58,372.6726734638214,{'leaf_size': 5, 'metric': 'euclidean', 'n_neighbors': 6, 'weights': 'uniform'}
030,0,0,66,311.6247091293335,{'leaf_size': 5, 'metric': 'euclidean', 'n_neighbors': 28, 'weights': 'uniform'}
005,4,0,63,403.24861240386963,{'leaf_size': 5, 'metric': 'euclidean', 'n_neighbors': 3, 'weights': 'uniform'}
010,2,0,56,389.26490473747253,{'leaf_size': 5, 'metric': 'euclidean', 'n_neighbors': 6, 'weights': 'uniform'}
030,1,0,65,331.3355643749237,{'leaf_size': 5, 'metric': 'euclidean', 'n_neighbors': 28, 'weights': 'uniform'}
010,0,0,54,412.696138381958,{'leaf_size': 5, 'metric': 'euclidean', 'n_neighbors': 10, 'weights': 'uniform'}
015,0,0,66,395.55289244651794,{'leaf_size': 5, 'metric': 'euclidean', 'n_neighbors': 15, 'weights': 'uniform'}
005,0,0,63,486.40537452697754,{'leaf_size': 5, 'metric': 'euclidean', 'n_neighbors': 7, 'weights': 'uniform'}
060,4,0,71,324.63341641426086,{'leaf_size': 5, 'metric': 'euclidean', 'n_neighbors': 18, 'weights': 'distance'}
015,1,0,60,522.2142868041992,{'leaf_size': 5, 'metric': 'manhattan', 'n_neighbors': 15, 'weights': 'uniform'}
060,2,0,70,430.8357403278351,{'leaf_size': 5, 'metric': 'manhattan', 'n_neighbors': 28, 'weights': 'distance'}
010,4,0,65,577.8886995315552,{'leaf_size': 5, 'metric': 'euclidean', 'n_neighbors': 10, 'weights': 'uniform'}
015,2,0,60,596.8467681407928,{'leaf_size': 5, 'metric': 'manhattan', 'n_neighbors': 15, 'weights': 'uniform'}
005,2,0,55,638.3148040771484,{'leaf_size': 5, 'metric': 'euclidean', 'n_neighbors': 5, 'weights': 'uniform'}
005,1,0,64,648.5721571445465,{'leaf_size': 5, 'metric': 'euclidean', 'n_neighbors': 3, 'weights': 'uniform'}
020,1,0,68,596.151246547699,{'leaf_size': 5, 'metric': 'euclidean', 'n_neighbors': 18, 'weights': 'distance'}
020,4,0,64,578.9204413890839,{'leaf_size': 5, 'metric': 'manhattan', 'n_neighbors': 12, 'weights': 'uniform'}
030,2,0,65,579.4632453918457,{'leaf_size': 5, 'metric': 'euclidean', 'n_neighbors': 12, 'weights': 'distance'}
100,0,0,72,502.91137194633484,{'leaf_size': 5, 'metric': 'euclidean', 'n_neighbors': 12, 'weights': 'distance'}
100,1,0,72,510.7677743434906,{'leaf_size': 5, 'metric': 'euclidean', 'n_neighbors': 12, 'weights': 'distance'}
015,4,0,67,638.7910871505737,{'leaf_size': 5, 'metric': 'euclidean', 'n_neighbors': 9, 'weights': 'uniform'}
020,3,0,64,621.6667144298553,{'leaf_size': 5, 'metric': 'euclidean', 'n_neighbors': 28, 'weights': 'distance'}
100,3,0,72,522.5205676555634,{'leaf_size': 5, 'metric': 'euclidean', 'n_neighbors': 12, 'weights': 'distance'}
015,3,0,62,676.6509063243866,{'leaf_size': 5, 'metric': 'euclidean', 'n_neighbors': 15, 'weights': 'distance'}
030,3,0,63,613.2994270324707,{'leaf_size': 5, 'metric': 'euclidean', 'n_neighbors': 18, 'weights': 'uniform'}
100,4,0,72,536.8281674385071,{'leaf_size': 5, 'metric': 'euclidean', 'n_neighbors': 12, 'weights': 'distance'}
020,2,0,62,660.2896308898926,{'leaf_size': 5, 'metric': 'euclidean', 'n_neighbors': 18, 'weights': 'uniform'}
060,3,0,70,590.4723913669586,{'leaf_size': 5, 'metric': 'euclidean', 'n_neighbors': 18, 'weights': 'uniform'}
100,2,0,66,580.7696380615234,{'leaf_size': 5, 'metric': 'manhattan', 'n_neighbors': 12, 'weights': 'uniform'}
010,2,0,56,299.5936493873596,{'leaf_size': 5, 'metric': 'euclidean', 'n_neighbors': 14, 'weights': 'uniform'}
005,4,0,63,352.48469853401184,{'leaf_size': 5, 'metric': 'euclidean', 'n_neighbors': 3, 'weights': 'uniform'}
010,4,0,68,330.8040499687195,{'leaf_size': 5, 'metric': 'euclidean', 'n_neighbors': 6, 'weights': 'distance'}
005,0,0,62,386.90019512176514,{'leaf_size': 5, 'metric': 'euclidean', 'n_neighbors': 5, 'weights': 'uniform'}
010,0,0,54,380.9690749645233,{'leaf_size': 5, 'metric': 'euclidean', 'n_neighbors': 10, 'weights': 'uniform'}
015,3,0,60,357.8784062862396,{'leaf_size': 5, 'metric': 'euclidean', 'n_neighbors': 9, 'weights': 'uniform'}
010,1,0,60,395.44876194000244,{'leaf_size': 5, 'metric': 'euclidean', 'n_neighbors': 14, 'weights': 'distance'}
020,2,0,61,352.3005347251892,{'leaf_size': 5, 'metric': 'manhattan', 'n_neighbors': 18, 'weights': 'uniform'}
015,0,0,66,400.5497796535492,{'leaf_size': 5, 'metric': 'euclidean', 'n_neighbors': 15, 'weights': 'uniform'}
015,2,0,64,396.13584899902344,{'leaf_size': 5, 'metric': 'euclidean', 'n_neighbors': 21, 'weights': 'uniform'}
060,3,0,71,312.2653274536133,{'leaf_size': 5, 'metric': 'euclidean', 'n_neighbors': 18, 'weights': 'distance'}
020,3,0,63,373.09651255607605,{'leaf_size': 5, 'metric': 'euclidean', 'n_neighbors': 12, 'weights': 'uniform'}
005,1,0,64,459.211709022522,{'leaf_size': 5, 'metric': 'euclidean', 'n_neighbors': 3, 'weights': 'uniform'}
030,4,0,63,339.76920104026794,{'leaf_size': 5, 'metric': 'euclidean', 'n_neighbors': 28, 'weights': 'uniform'}
005,2,0,46,457.944304227829,{'leaf_size': 5, 'metric': 'euclidean', 'n_neighbors': 3, 'weights': 'uniform'}
020,4,0,69,383.39581966400146,{'leaf_size': 5, 'metric': 'euclidean', 'n_neighbors': 18, 'weights': 'distance'}
005,3,0,58,477.87534165382385,{'leaf_size': 5, 'metric': 'euclidean', 'n_neighbors': 7, 'weights': 'uniform'}
015,1,0,62,459.630695104599,{'leaf_size': 5, 'metric': 'euclidean', 'n_neighbors': 15, 'weights': 'uniform'}
030,1,0,64,393.71366834640503,{'leaf_size': 5, 'metric': 'manhattan', 'n_neighbors': 28, 'weights': 'uniform'}
015,4,0,66,485.6644914150238,{'leaf_size': 5, 'metric': 'euclidean', 'n_neighbors': 15, 'weights': 'uniform'}
020,0,0,65,479.2500808238983,{'leaf_size': 5, 'metric': 'euclidean', 'n_neighbors': 12, 'weights': 'distance'}
030,2,0,67,448.5563917160034,{'leaf_size': 5, 'metric': 'euclidean', 'n_neighbors': 28, 'weights': 'distance'}
030,0,0,67,463.2939398288727,{'leaf_size': 5, 'metric': 'euclidean', 'n_neighbors': 28, 'weights': 'uniform'}
060,1,0,69,412.1844320297241,{'leaf_size': 5, 'metric': 'euclidean', 'n_neighbors': 18, 'weights': 'distance'}
060,2,0,73,423.7854926586151,{'leaf_size': 5, 'metric': 'euclidean', 'n_neighbors': 18, 'weights': 'distance'}
020,1,0,68,492.53952288627625,{'leaf_size': 5, 'metric': 'euclidean', 'n_neighbors': 18, 'weights': 'distance'}
010,3,0,57,535.9703323841095,{'leaf_size': 5, 'metric': 'euclidean', 'n_neighbors': 14, 'weights': 'uniform'}
100,2,0,72,435.13062834739685,{'leaf_size': 5, 'metric': 'euclidean', 'n_neighbors': 12, 'weights': 'distance'}
030,3,0,66,513.2139005661011,{'leaf_size': 5, 'metric': 'euclidean', 'n_neighbors': 28, 'weights': 'distance'}
100,3,0,73,417.95907759666443,{'leaf_size': 5, 'metric': 'euclidean', 'n_neighbors': 28, 'weights': 'distance'}
060,4,0,71,459.91753911972046,{'leaf_size': 5, 'metric': 'euclidean', 'n_neighbors': 28, 'weights': 'distance'}
100,1,0,72,428.08267283439636,{'leaf_size': 5, 'metric': 'euclidean', 'n_neighbors': 28, 'weights': 'uniform'}
060,0,0,71,511.47765254974365,{'leaf_size': 5, 'metric': 'euclidean', 'n_neighbors': 18, 'weights': 'uniform'}
100,0,0,72,463.95782947540283,{'leaf_size': 5, 'metric': 'euclidean', 'n_neighbors': 12, 'weights': 'distance'}
100,4,0,71,501.4934787750244,{'leaf_size': 5, 'metric': 'euclidean', 'n_neighbors': 18, 'weights': 'uniform'}
005,0,0,62,290.7569947242737,{'leaf_size': 5, 'metric': 'euclidean', 'n_neighbors': 5, 'weights': 'uniform'}
010,0,0,55,260.8508942127228,{'leaf_size': 5, 'metric': 'euclidean', 'n_neighbors': 14, 'weights': 'uniform'}
005,2,0,55,299.1449680328369,{'leaf_size': 5, 'metric': 'euclidean', 'n_neighbors': 7, 'weights': 'uniform'}
010,2,0,55,273.15940952301025,{'leaf_size': 5, 'metric': 'manhattan', 'n_neighbors': 6, 'weights': 'uniform'}
010,1,0,61,278.8388352394104,{'leaf_size': 5, 'metric': 'euclidean', 'n_neighbors': 10, 'weights': 'distance'}
010,3,0,57,258.81792855262756,{'leaf_size': 5, 'metric': 'euclidean', 'n_neighbors': 14, 'weights': 'uniform'}
010,4,0,62,277.7414014339447,{'leaf_size': 5, 'metric': 'manhattan', 'n_neighbors': 14, 'weights': 'distance'}
015,2,0,62,280.57591104507446,{'leaf_size': 5, 'metric': 'euclidean', 'n_neighbors': 15, 'weights': 'uniform'}
005,1,0,64,370.7988498210907,{'leaf_size': 5, 'metric': 'euclidean', 'n_neighbors': 3, 'weights': 'uniform'}
005,3,0,55,368.05622458457947,{'leaf_size': 5, 'metric': 'manhattan', 'n_neighbors': 5, 'weights': 'uniform'}
020,0,0,65,291.4012358188629,{'leaf_size': 5, 'metric': 'euclidean', 'n_neighbors': 12, 'weights': 'distance'}
015,0,0,62,316.61685824394226,{'leaf_size': 5, 'metric': 'manhattan', 'n_neighbors': 9, 'weights': 'uniform'}
015,3,0,60,317.23138332366943,{'leaf_size': 5, 'metric': 'euclidean', 'n_neighbors': 9, 'weights': 'uniform'}
020,1,0,68,325.3285274505615,{'leaf_size': 5, 'metric': 'euclidean', 'n_neighbors': 18, 'weights': 'distance'}
015,4,0,67,351.63904070854187,{'leaf_size': 5, 'metric': 'euclidean', 'n_neighbors': 9, 'weights': 'uniform'}
060,2,0,68,293.3619031906128,{'leaf_size': 5, 'metric': 'manhattan', 'n_neighbors': 28, 'weights': 'uniform'}
030,3,0,68,352.7437536716461,{'leaf_size': 5, 'metric': 'euclidean', 'n_neighbors': 18, 'weights': 'distance'}
020,3,0,63,361.2950313091278,{'leaf_size': 5, 'metric': 'euclidean', 'n_neighbors': 12, 'weights': 'uniform'}
015,1,0,58,428.0830590724945,{'leaf_size': 5, 'metric': 'manhattan', 'n_neighbors': 21, 'weights': 'uniform'}
030,4,0,66,372.0458607673645,{'leaf_size': 5, 'metric': 'euclidean', 'n_neighbors': 28, 'weights': 'distance'}
005,4,0,63,502.79679012298584,{'leaf_size': 5, 'metric': 'euclidean', 'n_neighbors': 3, 'weights': 'uniform'}
020,4,0,64,416.0546793937683,{'leaf_size': 5, 'metric': 'manhattan', 'n_neighbors': 12, 'weights': 'uniform'}
060,0,0,72,366.3644495010376,{'leaf_size': 5, 'metric': 'euclidean', 'n_neighbors': 18, 'weights': 'distance'}
100,3,0,72,359.1101107597351,{'leaf_size': 5, 'metric': 'euclidean', 'n_neighbors': 28, 'weights': 'distance'}
030,0,0,66,421.23132157325745,{'leaf_size': 5, 'metric': 'manhattan', 'n_neighbors': 28, 'weights': 'distance'}
030,2,0,64,447.43312764167786,{'leaf_size': 5, 'metric': 'manhattan', 'n_neighbors': 12, 'weights': 'distance'}
030,1,0,71,449.7509505748749,{'leaf_size': 5, 'metric': 'euclidean', 'n_neighbors': 12, 'weights': 'distance'}
060,3,0,71,415.24970531463623,{'leaf_size': 5, 'metric': 'euclidean', 'n_neighbors': 28, 'weights': 'uniform'}
060,4,0,71,392.0431079864502,{'leaf_size': 5, 'metric': 'euclidean', 'n_neighbors': 18, 'weights': 'distance'}
060,1,0,68,416.08693265914917,{'leaf_size': 5, 'metric': 'euclidean', 'n_neighbors': 28, 'weights': 'distance'}
100,0,0,72,407.11678314208984,{'leaf_size': 5, 'metric': 'euclidean', 'n_neighbors': 28, 'weights': 'distance'}
020,2,0,66,506.4264039993286,{'leaf_size': 5, 'metric': 'euclidean', 'n_neighbors': 18, 'weights': 'distance'}
100,1,0,70,428.5357344150543,{'leaf_size': 5, 'metric': 'manhattan', 'n_neighbors': 12, 'weights': 'distance'}
100,2,0,71,446.98234128952026,{'leaf_size': 5, 'metric': 'euclidean', 'n_neighbors': 18, 'weights': 'uniform'}
100,4,0,72,467.6377863883972,{'leaf_size': 5, 'metric': 'euclidean', 'n_neighbors': 12, 'weights': 'distance'}
005,3,0,57,292.4170095920563,{'leaf_size': 5, 'metric': 'euclidean', 'n_neighbors': 7, 'weights': 'uniform'}
015,3,0,62,280.7159230709076,{'leaf_size': 5, 'metric': 'manhattan', 'n_neighbors': 9, 'weights': 'uniform'}
010,4,0,66,291.8871097564697,{'leaf_size': 5, 'metric': 'euclidean', 'n_neighbors': 6, 'weights': 'uniform'}
005,0,0,63,328.2686860561371,{'leaf_size': 5, 'metric': 'euclidean', 'n_neighbors': 7, 'weights': 'uniform'}
010,3,0,58,338.3500385284424,{'leaf_size': 5, 'metric': 'euclidean', 'n_neighbors': 14, 'weights': 'uniform'}
020,0,0,61,307.1305685043335,{'leaf_size': 5, 'metric': 'euclidean', 'n_neighbors': 12, 'weights': 'uniform'}
005,2,0,55,355.9237132072449,{'leaf_size': 5, 'metric': 'euclidean', 'n_neighbors': 7, 'weights': 'uniform'}
005,1,0,64,355.8674211502075,{'leaf_size': 5, 'metric': 'euclidean', 'n_neighbors': 3, 'weights': 'uniform'}
010,1,0,62,373.22999238967896,{'leaf_size': 5, 'metric': 'euclidean', 'n_neighbors': 6, 'weights': 'distance'}
030,2,0,67,301.53879475593567,{'leaf_size': 5, 'metric': 'euclidean', 'n_neighbors': 28, 'weights': 'distance'}
030,1,0,70,309.4071819782257,{'leaf_size': 5, 'metric': 'euclidean', 'n_neighbors': 12, 'weights': 'uniform'}
060,2,0,68,287.59888672828674,{'leaf_size': 5, 'metric': 'manhattan', 'n_neighbors': 28, 'weights': 'uniform'}
020,3,0,64,381.86748456954956,{'leaf_size': 5, 'metric': 'euclidean', 'n_neighbors': 12, 'weights': 'uniform'}
020,4,0,68,408.2130012512207,{'leaf_size': 5, 'metric': 'euclidean', 'n_neighbors': 12, 'weights': 'uniform'}
010,0,0,54,458.0639007091522,{'leaf_size': 5, 'metric': 'euclidean', 'n_neighbors': 10, 'weights': 'uniform'}
020,2,0,68,429.2116949558258,{'leaf_size': 5, 'metric': 'euclidean', 'n_neighbors': 12, 'weights': 'distance'}
015,1,0,62,453.40490555763245,{'leaf_size': 5, 'metric': 'euclidean', 'n_neighbors': 21, 'weights': 'uniform'}
020,1,0,65,444.50332379341125,{'leaf_size': 5, 'metric': 'euclidean', 'n_neighbors': 28, 'weights': 'uniform'}
030,4,0,66,385.624657869339,{'leaf_size': 5, 'metric': 'euclidean', 'n_neighbors': 28, 'weights': 'distance'}
015,0,0,62,468.4658591747284,{'leaf_size': 5, 'metric': 'manhattan', 'n_neighbors': 9, 'weights': 'uniform'}
015,2,0,65,476.64537048339844,{'leaf_size': 5, 'metric': 'euclidean', 'n_neighbors': 21, 'weights': 'uniform'}
005,4,0,63,503.70525598526,{'leaf_size': 5, 'metric': 'euclidean', 'n_neighbors': 3, 'weights': 'uniform'}
100,3,0,72,360.19088315963745,{'leaf_size': 5, 'metric': 'euclidean', 'n_neighbors': 28, 'weights': 'uniform'}
010,2,0,53,540.3958320617676,{'leaf_size': 5, 'metric': 'manhattan', 'n_neighbors': 10, 'weights': 'uniform'}
030,0,0,67,488.65981364250183,{'leaf_size': 5, 'metric': 'euclidean', 'n_neighbors': 28, 'weights': 'uniform'}
015,4,0,65,545.7163097858429,{'leaf_size': 5, 'metric': 'euclidean', 'n_neighbors': 21, 'weights': 'distance'}
030,3,0,66,528.5796566009521,{'leaf_size': 5, 'metric': 'euclidean', 'n_neighbors': 28, 'weights': 'distance'}
060,3,0,69,510.8955852985382,{'leaf_size': 5, 'metric': 'manhattan', 'n_neighbors': 18, 'weights': 'distance'}
100,0,0,72,416.36047410964966,{'leaf_size': 5, 'metric': 'euclidean', 'n_neighbors': 28, 'weights': 'distance'}
060,0,0,69,485.8714392185211,{'leaf_size': 5, 'metric': 'euclidean', 'n_neighbors': 28, 'weights': 'uniform'}
060,4,0,71,494.2074463367462,{'leaf_size': 5, 'metric': 'euclidean', 'n_neighbors': 18, 'weights': 'distance'}
100,1,0,70,497.0139009952545,{'leaf_size': 5, 'metric': 'euclidean', 'n_neighbors': 12, 'weights': 'uniform'}
100,2,0,70,490.64024686813354,{'leaf_size': 5, 'metric': 'euclidean', 'n_neighbors': 12, 'weights': 'uniform'}
060,1,0,69,528.1753866672516,{'leaf_size': 5, 'metric': 'euclidean', 'n_neighbors': 18, 'weights': 'uniform'}
100,4,0,70,468.63463830947876,{'leaf_size': 5, 'metric': 'euclidean', 'n_neighbors': 12, 'weights': 'uniform'}
005,1,0,64,351.90844225883484,{'leaf_size': 5, 'metric': 'euclidean', 'n_neighbors': 3, 'weights': 'uniform'}
005,4,0,63,376.53913950920105,{'leaf_size': 5, 'metric': 'euclidean', 'n_neighbors': 3, 'weights': 'uniform'}
015,4,0,67,320.88514614105225,{'leaf_size': 5, 'metric': 'euclidean', 'n_neighbors': 9, 'weights': 'uniform'}
010,3,0,58,342.52367401123047,{'leaf_size': 5, 'metric': 'euclidean', 'n_neighbors': 6, 'weights': 'uniform'}
005,2,0,47,397.7933738231659,{'leaf_size': 5, 'metric': 'euclidean', 'n_neighbors': 3, 'weights': 'uniform'}
015,0,0,66,327.68469643592834,{'leaf_size': 5, 'metric': 'euclidean', 'n_neighbors': 15, 'weights': 'uniform'}
015,1,0,63,344.31973147392273,{'leaf_size': 5, 'metric': 'euclidean', 'n_neighbors': 21, 'weights': 'distance'}
020,0,0,58,346.13743019104004,{'leaf_size': 5, 'metric': 'manhattan', 'n_neighbors': 18, 'weights': 'uniform'}
010,0,0,58,412.59298753738403,{'leaf_size': 5, 'metric': 'euclidean', 'n_neighbors': 10, 'weights': 'distance'}
005,0,0,62,441.9590268135071,{'leaf_size': 5, 'metric': 'euclidean', 'n_neighbors': 5, 'weights': 'uniform'}
010,1,0,60,409.1099679470062,{'leaf_size': 5, 'metric': 'euclidean', 'n_neighbors': 10, 'weights': 'uniform'}
010,4,0,66,379.24344968795776,{'leaf_size': 5, 'metric': 'euclidean', 'n_neighbors': 6, 'weights': 'uniform'}
030,2,0,63,342.17167115211487,{'leaf_size': 5, 'metric': 'manhattan', 'n_neighbors': 28, 'weights': 'uniform'}
005,3,0,58,458.23700618743896,{'leaf_size': 5, 'metric': 'euclidean', 'n_neighbors': 7, 'weights': 'uniform'}
020,1,0,68,366.6816041469574,{'leaf_size': 5, 'metric': 'euclidean', 'n_neighbors': 18, 'weights': 'distance'}
030,3,0,69,342.24178314208984,{'leaf_size': 5, 'metric': 'euclidean', 'n_neighbors': 18, 'weights': 'distance'}
020,3,0,64,363.1768319606781,{'leaf_size': 5, 'metric': 'manhattan', 'n_neighbors': 12, 'weights': 'uniform'}
010,2,0,59,419.5172915458679,{'leaf_size': 5, 'metric': 'manhattan', 'n_neighbors': 6, 'weights': 'distance'}
030,0,0,66,353.46077823638916,{'leaf_size': 5, 'metric': 'manhattan', 'n_neighbors': 28, 'weights': 'uniform'}
030,4,0,66,325.3434245586395,{'leaf_size': 5, 'metric': 'euclidean', 'n_neighbors': 28, 'weights': 'distance'}
060,2,0,70,337.85132908821106,{'leaf_size': 5, 'metric': 'euclidean', 'n_neighbors': 28, 'weights': 'distance'}
030,1,0,68,366.5528280735016,{'leaf_size': 5, 'metric': 'euclidean', 'n_neighbors': 28, 'weights': 'distance'}
015,2,0,64,445.3131191730499,{'leaf_size': 5, 'metric': 'euclidean', 'n_neighbors': 21, 'weights': 'uniform'}
015,3,0,60,458.52647161483765,{'leaf_size': 5, 'metric': 'euclidean', 'n_neighbors': 9, 'weights': 'uniform'}
020,4,0,69,452.9696283340454,{'leaf_size': 5, 'metric': 'euclidean', 'n_neighbors': 12, 'weights': 'distance'}
060,3,0,69,406.9003436565399,{'leaf_size': 5, 'metric': 'euclidean', 'n_neighbors': 12, 'weights': 'uniform'}
060,4,0,68,364.71457695961,{'leaf_size': 5, 'metric': 'euclidean', 'n_neighbors': 18, 'weights': 'uniform'}
100,2,0,72,366.9969971179962,{'leaf_size': 5, 'metric': 'euclidean', 'n_neighbors': 12, 'weights': 'distance'}
020,2,0,66,472.1816716194153,{'leaf_size': 5, 'metric': 'euclidean', 'n_neighbors': 18, 'weights': 'distance'}
060,1,0,69,420.1959002017975,{'leaf_size': 5, 'metric': 'euclidean', 'n_neighbors': 18, 'weights': 'distance'}
060,0,0,70,442.35789585113525,{'leaf_size': 5, 'metric': 'euclidean', 'n_neighbors': 28, 'weights': 'uniform'}
100,3,0,72,413.35637974739075,{'leaf_size': 5, 'metric': 'euclidean', 'n_neighbors': 12, 'weights': 'distance'}
100,0,0,72,374.25323939323425,{'leaf_size': 5, 'metric': 'euclidean', 'n_neighbors': 28, 'weights': 'uniform'}
100,4,0,70,437.82627964019775,{'leaf_size': 5, 'metric': 'euclidean', 'n_neighbors': 12, 'weights': 'uniform'}
100,1,0,72,452.54039216041565,{'leaf_size': 5, 'metric': 'euclidean', 'n_neighbors': 28, 'weights': 'uniform'}
005,4,0,63,270.4881007671356,{'leaf_size': 5, 'metric': 'euclidean', 'n_neighbors': 3, 'weights': 'uniform'}
005,2,0,46,282.141859292984,{'leaf_size': 5, 'metric': 'euclidean', 'n_neighbors': 3, 'weights': 'uniform'}
005,0,0,63,305.8897831439972,{'leaf_size': 5, 'metric': 'euclidean', 'n_neighbors': 7, 'weights': 'uniform'}
010,1,0,60,262.7248306274414,{'leaf_size': 5, 'metric': 'euclidean', 'n_neighbors': 6, 'weights': 'uniform'}
010,3,0,58,272.8067502975464,{'leaf_size': 5, 'metric': 'euclidean', 'n_neighbors': 14, 'weights': 'uniform'}
010,0,0,58,284.0703692436218,{'leaf_size': 5, 'metric': 'euclidean', 'n_neighbors': 6, 'weights': 'uniform'}
010,4,0,66,275.0262784957886,{'leaf_size': 5, 'metric': 'euclidean', 'n_neighbors': 6, 'weights': 'uniform'}
015,1,0,62,306.9502639770508,{'leaf_size': 5, 'metric': 'euclidean', 'n_neighbors': 15, 'weights': 'distance'}
005,1,0,64,374.4349069595337,{'leaf_size': 5, 'metric': 'euclidean', 'n_neighbors': 3, 'weights': 'uniform'}
030,3,0,63,280.7556354999542,{'leaf_size': 5, 'metric': 'euclidean', 'n_neighbors': 18, 'weights': 'uniform'}
030,4,0,63,294.3107113838196,{'leaf_size': 5, 'metric': 'euclidean', 'n_neighbors': 28, 'weights': 'uniform'}
015,3,0,62,376.5754668712616,{'leaf_size': 5, 'metric': 'euclidean', 'n_neighbors': 15, 'weights': 'distance'}
005,3,0,55,430.1848886013031,{'leaf_size': 5, 'metric': 'manhattan', 'n_neighbors': 5, 'weights': 'uniform'}
015,4,0,67,381.8934419155121,{'leaf_size': 5, 'metric': 'euclidean', 'n_neighbors': 9, 'weights': 'uniform'}
020,3,0,63,374.8896851539612,{'leaf_size': 5, 'metric': 'euclidean', 'n_neighbors': 12, 'weights': 'uniform'}
030,0,0,66,368.7371280193329,{'leaf_size': 5, 'metric': 'euclidean', 'n_neighbors': 28, 'weights': 'uniform'}
020,4,0,68,375.3730056285858,{'leaf_size': 5, 'metric': 'euclidean', 'n_neighbors': 12, 'weights': 'uniform'}
015,0,0,64,413.6326186656952,{'leaf_size': 5, 'metric': 'manhattan', 'n_neighbors': 15, 'weights': 'uniform'}
060,1,0,68,324.1857912540436,{'leaf_size': 5, 'metric': 'euclidean', 'n_neighbors': 28, 'weights': 'distance'}
030,2,0,65,391.3571388721466,{'leaf_size': 5, 'metric': 'euclidean', 'n_neighbors': 12, 'weights': 'distance'}
010,2,0,56,475.76449942588806,{'leaf_size': 5, 'metric': 'euclidean', 'n_neighbors': 6, 'weights': 'uniform'}
020,0,0,64,468.6752324104309,{'leaf_size': 5, 'metric': 'euclidean', 'n_neighbors': 12, 'weights': 'distance'}
020,1,0,65,478.2531933784485,{'leaf_size': 5, 'metric': 'euclidean', 'n_neighbors': 28, 'weights': 'uniform'}
020,2,0,66,478.006947517395,{'leaf_size': 5, 'metric': 'euclidean', 'n_neighbors': 18, 'weights': 'distance'}
100,1,0,72,383.3707618713379,{'leaf_size': 5, 'metric': 'euclidean', 'n_neighbors': 28, 'weights': 'distance'}
030,1,0,70,482.06448674201965,{'leaf_size': 5, 'metric': 'euclidean', 'n_neighbors': 12, 'weights': 'uniform'}
015,2,0,62,549.975715637207,{'leaf_size': 5, 'metric': 'euclidean', 'n_neighbors': 15, 'weights': 'uniform'}
060,3,0,69,447.7288291454315,{'leaf_size': 5, 'metric': 'euclidean', 'n_neighbors': 12, 'weights': 'distance'}
060,4,0,68,434.7004282474518,{'leaf_size': 5, 'metric': 'euclidean', 'n_neighbors': 18, 'weights': 'uniform'}
060,0,0,69,462.19026017189026,{'leaf_size': 5, 'metric': 'euclidean', 'n_neighbors': 28, 'weights': 'uniform'}
100,3,0,70,431.26029324531555,{'leaf_size': 5, 'metric': 'euclidean', 'n_neighbors': 12, 'weights': 'uniform'}
100,0,0,72,429.0915160179138,{'leaf_size': 5, 'metric': 'euclidean', 'n_neighbors': 28, 'weights': 'distance'}
100,4,0,72,414.48439931869507,{'leaf_size': 5, 'metric': 'euclidean', 'n_neighbors': 12, 'weights': 'distance'}
100,2,0,72,435.0502746105194,{'leaf_size': 5, 'metric': 'euclidean', 'n_neighbors': 12, 'weights': 'distance'}
060,2,0,70,512.0880620479584,{'leaf_size': 5, 'metric': 'manhattan', 'n_neighbors': 28, 'weights': 'distance'}
005,1,0,64,266.1317641735077,{'leaf_size': 5, 'metric': 'euclidean', 'n_neighbors': 3, 'weights': 'uniform'}
005,4,0,63,274.19893646240234,{'leaf_size': 5, 'metric': 'euclidean', 'n_neighbors': 3, 'weights': 'uniform'}
010,2,0,56,281.60190439224243,{'leaf_size': 5, 'metric': 'euclidean', 'n_neighbors': 6, 'weights': 'uniform'}
005,0,0,63,334.03887152671814,{'leaf_size': 5, 'metric': 'euclidean', 'n_neighbors': 7, 'weights': 'uniform'}
010,4,0,66,306.7991735935211,{'leaf_size': 5, 'metric': 'euclidean', 'n_neighbors': 6, 'weights': 'uniform'}
005,3,0,55,324.50608682632446,{'leaf_size': 5, 'metric': 'manhattan', 'n_neighbors': 5, 'weights': 'uniform'}
010,0,0,54,330.2809534072876,{'leaf_size': 5, 'metric': 'euclidean', 'n_neighbors': 10, 'weights': 'uniform'}
010,3,0,57,319.79704308509827,{'leaf_size': 5, 'metric': 'euclidean', 'n_neighbors': 14, 'weights': 'uniform'}
015,0,0,66,320.52579712867737,{'leaf_size': 5, 'metric': 'euclidean', 'n_neighbors': 15, 'weights': 'uniform'}
015,2,0,62,320.2067005634308,{'leaf_size': 5, 'metric': 'euclidean', 'n_neighbors': 15, 'weights': 'uniform'}
015,4,0,66,323.3587021827698,{'leaf_size': 5, 'metric': 'euclidean', 'n_neighbors': 15, 'weights': 'uniform'}
005,2,0,55,430.1978440284729,{'leaf_size': 5, 'metric': 'euclidean', 'n_neighbors': 5, 'weights': 'uniform'}
020,3,0,64,335.23981761932373,{'leaf_size': 5, 'metric': 'euclidean', 'n_neighbors': 28, 'weights': 'distance'}
010,1,0,60,425.1597559452057,{'leaf_size': 5, 'metric': 'euclidean', 'n_neighbors': 6, 'weights': 'uniform'}
020,4,0,69,343.27421379089355,{'leaf_size': 5, 'metric': 'euclidean', 'n_neighbors': 28, 'weights': 'distance'}
060,3,0,69,302.5540945529938,{'leaf_size': 5, 'metric': 'euclidean', 'n_neighbors': 12, 'weights': 'uniform'}
060,2,0,70,306.2605938911438,{'leaf_size': 5, 'metric': 'manhattan', 'n_neighbors': 28, 'weights': 'distance'}
030,1,0,65,343.0253176689148,{'leaf_size': 5, 'metric': 'euclidean', 'n_neighbors': 28, 'weights': 'uniform'}
030,0,0,67,347.7305784225464,{'leaf_size': 5, 'metric': 'euclidean', 'n_neighbors': 28, 'weights': 'uniform'}
030,4,0,62,345.25710940361023,{'leaf_size': 5, 'metric': 'manhattan', 'n_neighbors': 18, 'weights': 'uniform'}
030,2,0,65,386.8106496334076,{'leaf_size': 5, 'metric': 'euclidean', 'n_neighbors': 12, 'weights': 'distance'}
015,3,0,60,451.35708022117615,{'leaf_size': 5, 'metric': 'euclidean', 'n_neighbors': 9, 'weights': 'uniform'}
020,0,0,64,428.76398515701294,{'leaf_size': 5, 'metric': 'euclidean', 'n_neighbors': 12, 'weights': 'distance'}
020,2,0,66,435.62410259246826,{'leaf_size': 5, 'metric': 'euclidean', 'n_neighbors': 18, 'weights': 'distance'}
020,1,0,66,441.4535632133484,{'leaf_size': 5, 'metric': 'manhattan', 'n_neighbors': 18, 'weights': 'distance'}
100,4,0,72,333.90370416641235,{'leaf_size': 5, 'metric': 'euclidean', 'n_neighbors': 28, 'weights': 'uniform'}
100,3,0,72,371.5461263656616,{'leaf_size': 5, 'metric': 'euclidean', 'n_neighbors': 28, 'weights': 'uniform'}
015,1,0,62,498.66826009750366,{'leaf_size': 5, 'metric': 'euclidean', 'n_neighbors': 15, 'weights': 'uniform'}
060,0,0,70,403.4070987701416,{'leaf_size': 5, 'metric': 'euclidean', 'n_neighbors': 28, 'weights': 'distance'}
100,1,0,72,381.84541273117065,{'leaf_size': 5, 'metric': 'euclidean', 'n_neighbors': 28, 'weights': 'uniform'}
060,1,0,68,414.56494402885437,{'leaf_size': 5, 'metric': 'euclidean', 'n_neighbors': 12, 'weights': 'distance'}
030,3,0,69,464.4349343776703,{'leaf_size': 5, 'metric': 'euclidean', 'n_neighbors': 18, 'weights': 'distance'}
100,2,0,72,357.5633828639984,{'leaf_size': 5, 'metric': 'euclidean', 'n_neighbors': 12, 'weights': 'distance'}
060,4,0,71,485.56555461883545,{'leaf_size': 5, 'metric': 'euclidean', 'n_neighbors': 18, 'weights': 'distance'}
100,0,0,72,493.27087354660034,{'leaf_size': 5, 'metric': 'euclidean', 'n_neighbors': 28, 'weights': 'distance'}
005,3,0,54,266.73239636421204,{'leaf_size': 5, 'metric': 'euclidean', 'n_neighbors': 5, 'weights': 'uniform'}
010,1,0,60,252.26950860023499,{'leaf_size': 5, 'metric': 'manhattan', 'n_neighbors': 6, 'weights': 'uniform'}
005,2,0,55,303.1957333087921,{'leaf_size': 5, 'metric': 'euclidean', 'n_neighbors': 7, 'weights': 'uniform'}
015,4,0,66,282.0962188243866,{'leaf_size': 5, 'metric': 'euclidean', 'n_neighbors': 15, 'weights': 'uniform'}
020,4,0,69,268.53847908973694,{'leaf_size': 5, 'metric': 'euclidean', 'n_neighbors': 18, 'weights': 'distance'}
020,2,0,68,282.50350880622864,{'leaf_size': 5, 'metric': 'euclidean', 'n_neighbors': 12, 'weights': 'distance'}
030,4,0,63,263.56258273124695,{'leaf_size': 5, 'metric': 'manhattan', 'n_neighbors': 28, 'weights': 'uniform'}
060,1,0,68,286.09359669685364,{'leaf_size': 5, 'metric': 'manhattan', 'n_neighbors': 18, 'weights': 'distance'}
060,0,0,70,274.4021942615509,{'leaf_size': 5, 'metric': 'euclidean', 'n_neighbors': 28, 'weights': 'uniform'}
005,4,0,63,398.87632870674133,{'leaf_size': 5, 'metric': 'euclidean', 'n_neighbors': 3, 'weights': 'uniform'}
015,1,0,62,359.4547140598297,{'leaf_size': 5, 'metric': 'euclidean', 'n_neighbors': 21, 'weights': 'uniform'}
020,1,0,64,358.18705892562866,{'leaf_size': 5, 'metric': 'manhattan', 'n_neighbors': 18, 'weights': 'uniform'}
010,0,0,58,416.29680156707764,{'leaf_size': 5, 'metric': 'euclidean', 'n_neighbors': 6, 'weights': 'uniform'}
010,2,0,56,405.50065565109253,{'leaf_size': 5, 'metric': 'euclidean', 'n_neighbors': 14, 'weights': 'uniform'}
005,0,0,62,466.4071435928345,{'leaf_size': 5, 'metric': 'euclidean', 'n_neighbors': 5, 'weights': 'uniform'}
015,0,0,67,405.03446078300476,{'leaf_size': 5, 'metric': 'euclidean', 'n_neighbors': 15, 'weights': 'uniform'}
005,1,0,62,482.6634216308594,{'leaf_size': 5, 'metric': 'manhattan', 'n_neighbors': 5, 'weights': 'uniform'}
100,2,0,70,288.8643388748169,{'leaf_size': 5, 'metric': 'euclidean', 'n_neighbors': 12, 'weights': 'uniform'}
100,3,0,72,293.982976436615,{'leaf_size': 5, 'metric': 'euclidean', 'n_neighbors': 12, 'weights': 'distance'}
020,3,0,64,395.41877365112305,{'leaf_size': 5, 'metric': 'euclidean', 'n_neighbors': 28, 'weights': 'distance'}
060,3,0,69,337.2158691883087,{'leaf_size': 5, 'metric': 'euclidean', 'n_neighbors': 12, 'weights': 'uniform'}
100,4,0,72,308.8044421672821,{'leaf_size': 5, 'metric': 'euclidean', 'n_neighbors': 12, 'weights': 'distance'}
030,0,0,67,441.4916021823883,{'leaf_size': 5, 'metric': 'euclidean', 'n_neighbors': 28, 'weights': 'uniform'}
015,3,0,60,494.37436032295227,{'leaf_size': 5, 'metric': 'euclidean', 'n_neighbors': 9, 'weights': 'uniform'}
030,2,0,66,459.98873019218445,{'leaf_size': 5, 'metric': 'euclidean', 'n_neighbors': 18, 'weights': 'distance'}
010,3,0,58,538.2025096416473,{'leaf_size': 5, 'metric': 'euclidean', 'n_neighbors': 14, 'weights': 'uniform'}
030,1,0,65,491.5919601917267,{'leaf_size': 5, 'metric': 'euclidean', 'n_neighbors': 28, 'weights': 'uniform'}
015,2,0,62,525.6620571613312,{'leaf_size': 5, 'metric': 'euclidean', 'n_neighbors': 15, 'weights': 'uniform'}
030,3,0,62,484.4608955383301,{'leaf_size': 5, 'metric': 'euclidean', 'n_neighbors': 28, 'weights': 'uniform'}
010,4,0,66,552.646210193634,{'leaf_size': 5, 'metric': 'euclidean', 'n_neighbors': 6, 'weights': 'uniform'}
020,0,0,64,541.2018609046936,{'leaf_size': 5, 'metric': 'euclidean', 'n_neighbors': 18, 'weights': 'distance'}
100,0,0,70,426.3020603656769,{'leaf_size': 5, 'metric': 'euclidean', 'n_neighbors': 12, 'weights': 'uniform'}
100,1,0,72,418.5542392730713,{'leaf_size': 5, 'metric': 'euclidean', 'n_neighbors': 28, 'weights': 'uniform'}
060,4,0,71,472.40265417099,{'leaf_size': 5, 'metric': 'euclidean', 'n_neighbors': 12, 'weights': 'distance'}
060,2,0,75,525.1183211803436,{'leaf_size': 5, 'metric': 'euclidean', 'n_neighbors': 12, 'weights': 'uniform'}
005,0,0,62,284.734938621521,{'leaf_size': 5, 'metric': 'euclidean', 'n_neighbors': 5, 'weights': 'uniform'}
005,1,0,64,318.4070920944214,{'leaf_size': 5, 'metric': 'euclidean', 'n_neighbors': 3, 'weights': 'uniform'}
005,4,0,63,328.3588168621063,{'leaf_size': 5, 'metric': 'euclidean', 'n_neighbors': 3, 'weights': 'uniform'}
010,2,0,56,295.52612042427063,{'leaf_size': 5, 'metric': 'euclidean', 'n_neighbors': 6, 'weights': 'uniform'}
010,4,0,66,334.2239351272583,{'leaf_size': 5, 'metric': 'euclidean', 'n_neighbors': 6, 'weights': 'uniform'}
020,4,0,67,328.2148938179016,{'leaf_size': 5, 'metric': 'manhattan', 'n_neighbors': 28, 'weights': 'distance'}
010,1,0,60,389.96381187438965,{'leaf_size': 5, 'metric': 'euclidean', 'n_neighbors': 6, 'weights': 'uniform'}
005,2,0,55,424.27732729911804,{'leaf_size': 5, 'metric': 'euclidean', 'n_neighbors': 5, 'weights': 'uniform'}
015,0,0,66,364.3055489063263,{'leaf_size': 5, 'metric': 'euclidean', 'n_neighbors': 15, 'weights': 'uniform'}
020,0,0,61,365.25152945518494,{'leaf_size': 5, 'metric': 'euclidean', 'n_neighbors': 12, 'weights': 'uniform'}
005,3,0,55,439.7948729991913,{'leaf_size': 5, 'metric': 'manhattan', 'n_neighbors': 5, 'weights': 'uniform'}
015,2,0,64,430.30521416664124,{'leaf_size': 5, 'metric': 'euclidean', 'n_neighbors': 21, 'weights': 'uniform'}
030,2,0,66,370.3751652240753,{'leaf_size': 5, 'metric': 'euclidean', 'n_neighbors': 18, 'weights': 'distance'}
010,0,0,54,513.2259423732758,{'leaf_size': 5, 'metric': 'euclidean', 'n_neighbors': 10, 'weights': 'uniform'}
015,3,0,60,461.23668098449707,{'leaf_size': 5, 'metric': 'euclidean', 'n_neighbors': 9, 'weights': 'uniform'}
060,3,0,69,358.13892436027527,{'leaf_size': 5, 'metric': 'manhattan', 'n_neighbors': 18, 'weights': 'uniform'}
010,3,0,58,489.1115629673004,{'leaf_size': 5, 'metric': 'euclidean', 'n_neighbors': 10, 'weights': 'uniform'}
030,0,0,67,450.1487205028534,{'leaf_size': 5, 'metric': 'euclidean', 'n_neighbors': 28, 'weights': 'uniform'}
020,3,0,64,481.6037595272064,{'leaf_size': 5, 'metric': 'manhattan', 'n_neighbors': 28, 'weights': 'distance'}
020,1,0,64,493.03497409820557,{'leaf_size': 5, 'metric': 'manhattan', 'n_neighbors': 18, 'weights': 'uniform'}
015,4,0,66,495.0933482646942,{'leaf_size': 5, 'metric': 'euclidean', 'n_neighbors': 15, 'weights': 'uniform'}
020,2,0,66,503.79249334335327,{'leaf_size': 5, 'metric': 'euclidean', 'n_neighbors': 18, 'weights': 'distance'}
015,1,0,62,515.0372862815857,{'leaf_size': 5, 'metric': 'euclidean', 'n_neighbors': 21, 'weights': 'uniform'}
060,0,0,71,437.9822118282318,{'leaf_size': 5, 'metric': 'euclidean', 'n_neighbors': 18, 'weights': 'uniform'}
030,4,0,63,457.4660243988037,{'leaf_size': 5, 'metric': 'euclidean', 'n_neighbors': 28, 'weights': 'uniform'}
030,1,0,71,479.54489612579346,{'leaf_size': 5, 'metric': 'euclidean', 'n_neighbors': 12, 'weights': 'distance'}
060,1,0,68,435.556357383728,{'leaf_size': 5, 'metric': 'euclidean', 'n_neighbors': 28, 'weights': 'distance'}
030,3,0,66,512.600480556488,{'leaf_size': 5, 'metric': 'euclidean', 'n_neighbors': 28, 'weights': 'distance'}
100,2,0,72,461.38689827919006,{'leaf_size': 5, 'metric': 'euclidean', 'n_neighbors': 12, 'weights': 'distance'}
100,3,0,66,484.0655484199524,{'leaf_size': 5, 'metric': 'manhattan', 'n_neighbors': 12, 'weights': 'uniform'}
100,0,0,72,448.53104043006897,{'leaf_size': 5, 'metric': 'euclidean', 'n_neighbors': 28, 'weights': 'uniform'}
060,2,0,72,494.2839915752411,{'leaf_size': 5, 'metric': 'euclidean', 'n_neighbors': 18, 'weights': 'distance'}
060,4,0,68,525.1670272350311,{'leaf_size': 5, 'metric': 'euclidean', 'n_neighbors': 18, 'weights': 'uniform'}
100,1,0,72,493.26065039634705,{'leaf_size': 5, 'metric': 'euclidean', 'n_neighbors': 12, 'weights': 'distance'}
100,4,0,72,480.88806414604187,{'leaf_size': 5, 'metric': 'euclidean', 'n_neighbors': 28, 'weights': 'distance'}
