ParticipantID,Condition,Trial,Electrode,Time1,Time2,Time3,Time4,Time5,Time6,Time7,Time8,Time9,Time10,Time11,Time12,Time13,Time14,Time15,Time16,Time17,Time18,Time19,Time20,Time21,Time22,Time23,Time24,Time25,Time26,Time27,Time28,Time29,Time30,Time31,Time32,Time33,Time34,Time35,Time36,Time37,Time38,Time39,Time40,Time41,Time42,Time43,Time44,Time45,Time46,Time47,Time48,Time49,Time50,Time51,Time52,Time53,Time54,Time55,Time56,Time57,Time58,Time59,Time60,Time61,Time62,Time63,Time64,Time65,Time66,Time67,Time68,Time69,Time70,Time71,Time72,Time73,Time74,Time75,Time76,Time77,Time78,Time79,Time80,Time81,Time82,Time83,Time84,Time85,Time86,Time87,Time88,Time89,Time90,Time91,Time92,Time93,Time94,Time95,Time96,Time97,Time98,Time99,Time100
1,0,1,1,-4.33759724825621,-5.15708005160093,-5.06165158480406,-4.3086780282855,-1.16096341341734,-0.594413158595562,-4.65851628512144,-4.74962842196226,2.02313173085451,7.98415577679873,4.65619439154863,-0.755353805720806,-1.2209700319171,6.48414838582277,9.11992657452822,-0.757344600856304,-0.152065155208111,6.01072311669588,4.30121791630983,3.93852950155735,7.648071410954,15.6860414770246,16.7846170690656,14.3806949880719,18.8762508657575,19.1188646581769,16.6898361471295,17.0588909414411,11.7287274625897,7.61586678296328,0.770874860584736,-4.09934079378843,1.54952824383974,7.24408233433962,6.80567658215761,11.4809752729535,22.9112793233991,22.2299801138043,8.97960913449526,-0.0206164094805716,9.59431183606386,20.31849062711,12.9647079733014,6.98152148991823,12.4471336629987,8.99721539288759,0.332210185825825,3.09294271737337,12.8880411413312,8.38131296902895,2.17901838093996,6.81887090474367,12.7681309011579,4.54824954539537,-4.6974776956439,-0.143859264552593,4.25409522920847,2.50111854344606,6.92336380749941,4.00287338986993,-1.04037749499083,1.77661407262087,0.725361707508564,-3.66769396990538,-1.07464396685362,-1.57118546694517,4.69426149398088,11.6677929189801,8.44137251645327,4.54122615128756,0.470380428135395,-1.83002268999815,-0.772596714198589,1.73377526074648,1.1868361261487,-0.379917976558208,-3.90686642855406,-4.47712552279234,-0.681398269832134,-0.285166141688824,1.84944784909487,0.567596557438374,-1.34660374850035,1.86946332722902,-4.8681319925189,-4.46613347262144,4.04502855090424,9.44487726956606,8.45743906766176,6.64318573743105,3.98267936602235,1.4078689840436,4.38628801971674,2.79411185055971,0.638066413700581,10.3302971151471,13.6432310369611,5.39183163911104,0.33510124951601,-4.19988190859556
1,0,1,2,-14.8858023560513,-8.51858243112452,-2.10056957368739,-2.84854992990382,-2.43256625299342,0.0453175627719611,2.31499293680303,6.02983036871068,4.40345874662511,1.72874754901044,4.48492709035985,4.86776724691503,-0.817266551302746,2.33942356939428,3.89172879095189,-5.50240430002101,-0.408908096598461,8.66363612051122,3.66941300268285,-2.10523304109462,0.319937499715015,12.6267184340488,14.511792095853,2.9635219895374,5.51197186346166,19.0243157469761,21.4827317320835,13.6653269850742,2.44632867212407,0.226429971409962,-6.55707511072047,-15.5695391571987,-12.048920718478,-5.73048123483546,0.10529163713567,10.6493138396274,22.1816376769077,19.0066804015171,3.28351536626928,-6.58016451959498,5.04806557531469,16.9473103606235,11.1755436980259,9.20489064092748,16.7254675948154,11.0870789610874,-1.79818972711451,-2.62155374650843,3.92297163839452,-1.33431157235987,-4.47045859460719,-1.22459229593165,-3.8051410592068,-12.0103302872647,-16.4807082093228,-11.1143437302578,-3.83406361703761,-4.46132668619044,-0.284899679468945,0.525417658044025,-2.0481499112118,0.30808738107793,-0.426820603655651,-5.04498824243434,-8.01821526651271,-10.4801674759854,-0.711223212527111,8.88255825872533,2.17069891328923,-2.5465219891537,-3.28181084756739,-8.35884102945216,-7.35311230783351,-1.44781860475428,-4.32514533166774,-7.15849980478175,-11.6068402207363,-13.780347911166,-7.84292420511134,-10.480434504794,-9.96084031228907,-5.68412646417506,-3.263701049136,-0.380315390871838,-7.90212926034816,-8.5424195206631,-1.45455488328822,4.49018255109899,5.76491204137914,1.02128485078923,-5.32394656305201,-5.31013116006739,0.57828089828603,-5.2669158852566,-8.72173127298243,8.059869679166,10.7035550200474,-0.618791309641674,-5.34657916192897,-14.0912838852871
1,0,1,3,-12.5374638640881,-7.05577154994011,-3.05000182032585,-3.10953255534172,-2.01918860316277,1.3346296942234,4.52235881447792,6.93930129170418,3.84121946454048,0.907395402193069,4.58817378640175,4.59817031979561,-0.422876080274582,4.09824363350868,3.84008047938347,-8.73933192133904,-4.00999947428703,6.02168373227119,1.41426483750343,-2.48282070994377,2.37008533835411,13.598745623827,13.7731860077381,2.56778232216835,5.85482672810554,17.9992497360706,20.5089686310291,14.2390959656239,1.00622610211372,-2.74407120585442,-7.74881716609001,-15.5771748626232,-11.1122843825817,-1.96100779414177,3.96295503735542,11.4766266739368,21.865850726366,19.9743216431141,5.35264948964119,-4.18200178980827,7.00805930256844,17.5770361816883,9.72821883320808,8.26449231266975,16.3323147690296,9.5526883995533,-3.82639141917229,-3.27576752543449,4.96447877049446,-0.0978884303569796,-3.35167332530022,0.947203675508499,-2.25815125346184,-13.4633996093273,-16.1787011229992,-8.11956377863884,-2.07005949854851,-3.37767525553703,1.73131350636482,0.0229192173480985,-3.16701813578606,0.62493256688118,-1.60903521418571,-6.04660864710808,-7.98638125300407,-13.1312272155285,-5.46840639948845,5.54844597935677,2.26591143965721,-4.10023041605949,-7.23553629755974,-10.0592743957043,-7.77227087855339,-3.69487305521965,-6.81003733515739,-11.2832915389538,-16.3302437865734,-16.4367673003674,-9.1576182448864,-11.0028578841686,-9.82673521876335,-6.41777392268181,-4.63894911646843,-0.494368513822556,-7.65452452540398,-7.82563563227654,-0.0166432464122774,4.88200298905373,4.60240463376045,1.48125378251076,-1.65514202952385,-0.223080595731735,4.38952688336372,-3.02645035624504,-5.18671580195427,10.535745421648,11.6347687637806,1.74202982544899,-2.11362715601921,-10.8565527999401
1,0,1,4,-5.92313569260295,-2.90838139725383,-6.48993676376995,-6.76943677139934,-0.99550336075481,1.85911804961506,2.90234095382039,4.85668978618924,2.10520083236042,-0.614205295569263,1.5711696796352,2.54692632483784,1.47874266433064,7.33321220206562,5.99031514453236,-6.46118634415325,-3.86198991013225,2.60316521453205,-1.21323674393352,1.35587412642781,10.8627687148983,19.9008541755611,16.2818289451534,6.73453146743122,13.3910160713131,23.2288380317623,21.9755020790035,18.6058540992672,11.0466361694271,4.94183373975102,-2.3704213447636,-8.61566441727336,-3.96787732315715,8.25943881797139,15.4437504463131,20.3846865348751,23.9213333778316,19.0329628639156,7.27367145346943,-0.191026622778736,11.824464862817,22.5200482063228,14.1280270271236,10.6107435874874,15.1034136466915,11.5727596931392,1.18070322799031,-2.13909953308757,6.50258178042714,4.10814187454525,-2.1440562553471,0.841688220971264,2.97804397868458,-5.18197148514446,-10.9880027122563,-3.74292367172893,1.10671860503498,-1.35634082031902,3.24505216407124,4.24282584118191,1.4297872238094,4.59049761074129,2.91187614726368,-1.71142237854656,-1.54821770859417,-8.14916794968303,-1.47657817078289,9.23903424071614,5.50593472050969,1.29635602759663,-1.17564004135784,-4.20697110367473,-2.59213917923626,-1.65057223511394,-6.54747479630169,-9.68816178513225,-13.3477973289555,-12.9945792503422,-7.37856381607708,-7.71047681046184,-4.33004277420696,-3.66903393936809,-4.93935387802776,-0.00223916245158762,-5.16055100632366,-6.5067214317387,1.97353917884175,7.70846516417805,6.85891038703267,3.97091216372792,2.05454689788166,1.05206710624043,4.37649290787522,1.0238190345699,-0.716773921973072,11.5960660629207,14.8683539085323,5.865983193391,-0.0329799003666267,-5.23659985733684
1,0,1,5,-12.4546611367026,-5.68726993186865,-3.19205356223974,-4.14444566352759,-0.910187011794187,-1.36678886993323,-0.392976409033872,6.80542301551904,4.57304596321192,-0.820222025946714,0.304257923527621,4.09383487121668,3.12484669105615,5.31180214302149,2.72442829029169,-7.14818549735937,2.03721939937677,12.467067951127,7.5649883689126,0.523661369248293,1.96072637455072,17.5657198371133,20.3876821936807,5.21159243003931,8.72319673912134,25.0827543677529,26.9273683966836,18.4021685065469,5.29754280464258,2.24632501022425,-5.46806979759131,-14.8961789665977,-11.5393159447471,-6.7741377411643,0.777297036512755,14.9922592581948,29.3104612769326,23.5057585181436,4.32561134712305,-5.96412397010718,7.47828220741358,19.5543119849404,14.2323877753457,10.1598598899087,16.0766155661782,12.3726141394814,-1.9812443314353,-6.24178290946875,0.0143694223603233,-3.29955268485937,-7.25180221183691,-7.43461299522314,-10.8498103676597,-14.5738742409507,-16.7536103783408,-13.1132295189658,-3.45567584617529,-4.52363420112524,-4.00133681877051,-1.81387544258032,-0.805068975524046,3.05124472992029,2.47479307071771,-4.218659645156,-11.0544936714927,-12.822844272689,3.03435253517237,15.5749971808633,4.63073205368128,-3.09531689269934,-3.22564578636084,-9.12433410270605,-3.92692065818701,4.91593050376978,-1.58670783622656,-4.04779077155981,-8.42257476432715,-13.8939244805137,-7.44129729850683,-10.1306731758872,-6.09613776786719,1.20792388336267,0.497634107037447,1.89757215396967,-4.8594124375144,-5.69620776756201,1.51834427730646,9.51368069068994,16.4340612830361,10.7000286521157,-2.2281491814414,-5.76480889900122,2.25161098854151,-0.866995936469175,-2.46763873680029,18.8348543585977,21.7914030493936,8.18118118660059,1.40627866403665,-13.0010926781455
1,0,1,6,-3.78788106560707,1.73672659277916,-3.17455690026283,-10.1085855257511,-3.51732080101967,0.952368806600571,-1.75122182488441,1.30004627585411,-0.454031158685684,-3.15317647576332,-0.293551136255264,3.18183691382408,5.67648513197899,8.82209260344505,4.71797723650932,-4.53485696434975,1.30469972968102,6.71104009032249,0.460678886175156,3.5933483350277,12.691581081152,17.3202808606625,17.1743257749081,15.0481184232235,17.2186983335018,21.4214437711239,24.0851858365536,24.3908651578426,19.681447814703,13.043149780035,8.20438368201256,4.64673550009728,3.06506974577904,10.0987532842159,15.9313743817806,16.7130020368099,13.749038528204,8.94891245245934,11.592770408392,14.9001854169369,18.0273092496395,20.8346517789364,7.80731661200523,-0.92963140130043,7.79264671683312,10.0088880765438,4.89655230522156,6.9054375398159,10.3502085912228,6.31589300513268,3.80796534895897,5.62692255854607,7.24257500052452,0.575796912908555,-3.62742250084877,0.89280683875084,2.69757325530052,1.19053776144981,6.80461962103844,6.11820561766624,7.23210651755333,9.3987043607235,3.71538181185722,0.546638797521592,5.18850476622582,2.40493638396263,6.30435020804405,11.0124924886227,9.64889223456383,7.52732713103294,6.22182018637657,7.34043438315392,7.17700941443443,4.10683978676796,-2.16599195122719,-2.93257253289223,-3.48058335900307,-3.55283277153969,-1.45058887124062,-3.65998952507973,1.0446513402462,0.270485709905625,-1.48194663643837,2.90592296004295,-3.35113542199135,-2.00074689507484,8.89369566321373,12.9718111264706,9.37860662817955,9.16958219885826,10.3571713674068,9.02417261481285,10.7489760625362,10.5181205976009,11.1752360570431,14.6924837338924,17.1362856137753,12.2947300183773,9.33209783911705,6.28842432379723
1,0,1,7,-11.0345280832052,2.57401006758213,-0.883666819930077,-14.8994258111715,-8.79915935456753,-0.00938684403896328,-2.38904935777187,1.23908179342747,-3.3827789491415,-7.30521327912807,2.7808282905817,9.89770334303379,10.2838403517008,8.88492792189121,2.46893315851688,-3.47116310060024,7.05734222471714,11.1678573423624,1.99316757261753,7.87132709562778,12.482173615098,11.3314143949747,18.7433993154764,19.7947718435526,14.3461653524637,17.8330885702372,25.4516312414408,26.3070771032572,21.9399811559916,13.3693100744486,10.6997124487162,7.01643293440342,-0.688044852614403,8.90810554563999,17.3105561071634,10.9920546346903,2.1067320638895,-2.06655342042446,8.44736116468906,18.1291367346048,16.6620346838236,19.1070830160379,4.10057065725327,-9.83640224397183,2.1864759260416,7.68260233938694,3.68543052017689,10.5972530180216,9.91038101255894,5.64445667803288,7.22301738798618,4.44619483590126,1.3497797781229,-1.27364856660366,-1.60301000535488,-0.198432750105858,1.14037912428379,-0.523405856490135,5.3173262411356,6.45596473753452,8.32473819792271,7.72840040266514,1.25511305868626,-0.643112487196922,5.31748216688633,4.08021026194096,8.34969156324863,8.63049285948276,8.05573885977268,6.75077813208103,7.44755786001682,9.59731739103794,6.86467307150364,3.15609221994877,-2.83027345597744,-2.5082467263937,-1.61335308015347,-2.91092521607876,-2.61115152299404,-4.96794063508511,1.21466033995152,-2.2681024736166,-1.3175032800436,3.59205418169498,-4.76631195008755,-2.03888303697109,8.6194798284769,11.4779521757364,7.6431729131937,6.96299427092075,7.77190392553806,9.43147199690342,11.7748901182413,13.5338360601664,17.05530136168,14.3186880880594,14.6325203710794,10.3245961004496,10.374582939744,10.0648934179544
1,0,1,8,3.8346283460781,1.90322220575064,-7.18035506952554,-7.39397716272622,5.48075723897666,11.0639381433651,5.06260824453086,3.56182074796408,2.62694657098502,-3.56713485468179,-6.76127052057534,-2.46482896555215,1.32578903686255,5.8679146791622,2.78556323301047,-8.15306663263589,-6.71156978357583,-1.83119320619851,-5.41033696878701,-5.64570188272744,3.96586323034018,14.556692125909,10.5251007105038,-1.73282122362405,1.73277557145804,14.6225318933651,18.4948549295589,16.0058240915462,10.4839115167782,6.29440737020224,-3.80383777368814,-6.78281879175454,2.26293874036521,8.57314491521567,12.5371713663265,20.634238245599,19.9931383157894,10.2859334970638,7.24244499456137,7.11955213796347,12.8693408991024,18.2773542429134,11.1287689233944,7.27824116002768,13.2480688120052,11.6787385965511,1.26952415954322,-4.19257020700723,2.93228817235678,3.98838091146201,1.32781988631934,2.97882247220725,3.74438596021384,-5.15572738397866,-10.7632083867863,-3.87493896234781,-2.5074355577305,-3.66227102030069,6.11249971639365,6.51464176427573,5.3146076227352,8.10871649038047,3.15538859616965,-2.00547384966165,-0.567296144850552,-2.98754167307168,0.987423362843692,8.43296194326133,5.89939832936972,3.04635095845908,1.07417696963996,-1.49941658724099,-1.69580316293985,1.66935277234763,-3.633791921027,-7.28457689035684,-7.83787822473794,-9.84263515222818,-7.98332977045327,-7.99779128778726,-6.41360950220376,-5.92662667978555,-6.09444236505777,0.0693322445079684,-5.74143790949136,-6.87996005762368,1.29294651996344,5.2495350862667,3.92193389188498,3.51902961980551,4.35682702314109,5.35055828344077,6.89922762166709,0.219634833447635,-1.20850109804422,10.4117002512142,11.5074205423519,5.65374851476401,1.26553190004081,-5.81036567438394
1,0,2,1,3.86709161288105,7.78127666003071,12.6020891237911,7.07707865721546,-0.185240549976006,-2.85269765370525,0.978893475597724,-1.26906947606243,-6.66619615071453,-3.68602590077557,1.60011930949055,3.7399428654369,4.99547238833271,3.77808518893085,-7.64293031209148,-13.7520602177922,-8.15090875142254,-3.10087708943523,-3.97506265156902,-8.81379441731609,-8.63128404133953,-2.56810883992352,0.0428807306941597,3.33415337092243,-0.765571398669854,-12.5439951848332,-11.4797881078068,-8.22012166493572,-4.62196950429119,-6.44658212178387,-12.7092268895451,-5.38754300587811,3.74234862810932,-1.41710214131512,-1.14741305821575,1.76301069743,-3.01404885762371,-3.72502545827068,-0.0181534718815239,4.94155259615742,6.91619117743336,4.35144265181385,5.44585605896078,9.60977287775837,8.72199197298847,2.88262649065815,0.68279190546833,-0.892100138599053,0.725711064403876,4.06306250578724,-0.374377531940118,-6.92850427144207,-7.7550671529118,-1.61923770421185,6.13763399607502,5.05261714941822,4.12189682013355,3.9946590233501,1.44320841318928,-2.07491282933392,-8.27832631581463,-8.80286530965008,-6.89225797169842,-3.10729627125897,3.93755944258533,6.61902983671986,4.90236945635639,0.0587503481563179,-5.5370848607365,-8.86414460652508,-4.37673596852459,-2.63888673298992,-8.84447984212078,-9.92950658314861,1.67149110323749,1.7224251795467,-4.60815076344647,-2.93336610310711,0.673867898052558,-0.411437792712823,-3.29385022633709,-5.87337522023357,-0.592740340167657,6.84132571703754,2.86081095225178,-1.34850959294476,3.18876429087482,3.24942965990864,-1.43954066746868,-0.314304156238213,1.14016314036213,-6.33497170918621,-7.48916844838299,1.9872595835384,9.89129038340412,4.52507002837025,-7.95164899342693,-15.5762522649113,-12.3047430943791,-2.91483144276775
1,0,2,2,10.8972478495166,10.7168717966601,13.5511127100512,4.72124022107571,2.30432933431119,8.18763261895627,6.03083497148007,-6.10341400045901,-16.252755583711,-6.61349338430911,4.32444976132363,-1.34221643347293,0.228237448744476,7.02677875619382,-3.82544511694461,-15.3221887959912,-12.690894545503,-7.1939367665723,-8.70071071524173,-14.6954779042676,-14.4433035268262,-7.56516593832523,-4.75210327047855,1.01593690972775,-1.01874774832278,-12.8804907216504,-14.3391718282178,-16.8093618764356,-12.3537744893506,-12.0202421559766,-17.9061788930371,-8.94694084066898,2.24583977323026,-2.32075256247073,-9.80676883596927,-10.2890667333081,-9.38038867849857,-4.11576122183353,0.131626425795258,3.94354061644524,8.03314334016293,10.968399582915,12.5095649347827,9.12010818582028,8.51708274941891,9.87149435143918,9.58027559380978,1.16774684052914,-5.3500008000806,-3.06674999136478,-8.44737666983157,-18.1256765737012,-17.5171160115674,-6.95414012808353,7.50475603204221,9.49278455834836,2.55252033334225,0.457772790007294,4.34776444595307,-0.452041567750275,-16.6205725087598,-17.3702902211621,-9.28188175100833,-4.63296741385013,-4.16641467947513,-1.18090289968997,1.87909608941525,0.389309464506805,0.32098346810788,-2.16253084082156,-3.10847515005618,-3.99839061636478,-6.72838348288089,-9.5518764867261,-2.94849962133914,-4.29169315237552,-9.06906646627933,-6.23855537313968,-0.0217556371167298,-0.237576903291046,-0.909497679658234,-1.93282932180911,0.357139168791473,4.48760259013623,0.327303467802704,-3.80291551489383,-0.631625594086945,1.91841512780637,-1.94846528906375,-5.03265613455325,-4.22001785177737,-13.8377394093946,-15.7239508046582,-6.57204955954105,0.410652934126556,-2.26387542624026,-9.3158563985303,-15.696732939668,-16.7475218190625,-8.61298030752689
1,0,2,3,10.6858246847987,11.5834867283702,15.0604886338115,6.28104393929243,3.40169661492109,8.53810124844313,5.64378445595503,-6.75712353736162,-17.0961318686604,-8.38129193335772,3.76278202980757,0.916238240897655,0.461743764579296,4.73738282173872,-4.30886036902666,-15.1067558005452,-13.7272315695882,-7.40325886756182,-8.06915242224932,-13.7334323599935,-12.5328937247396,-4.81532723456621,-1.58579880744219,3.58105080574751,-0.31657750159502,-11.9675861075521,-13.7754188254476,-15.0122447684407,-7.92891270667315,-10.4709563925862,-19.1452365592122,-8.03046757727861,3.37159102410078,-1.28035790473223,-7.20023686438799,-8.89836651831865,-6.42148739844561,-1.11037213355303,2.73206036537886,7.00225155800581,11.4701211974025,14.0658215805888,16.9366268441081,14.9801000878215,12.9426428601146,11.1163145825267,10.4217954203486,2.72666447609663,-2.63841683417559,-1.24438530951738,-7.9340949729085,-17.0872741416097,-16.200444765389,-2.6431842520833,11.610850982368,10.953797750175,4.85439818352461,4.50928061455488,8.20678263157606,2.96902935951948,-12.3053546622396,-13.5942893698812,-5.20633561164141,-0.109662599861622,1.78910677880049,3.92919247597456,4.07952683418989,2.13300412148237,0.841037206351757,-2.80325562506914,-2.67071492224932,-2.53639370948076,-5.50975663214922,-7.59652859717607,-0.533949442207813,-1.67226655036211,-5.05674416571856,-0.291391916573048,3.31922286003828,2.22927754372358,2.43892806023359,0.571004323661327,2.60105317085981,7.34089582413435,1.81384366005659,-0.728653497993946,4.19163077324629,5.48192542046309,0.551316671073437,-0.873818941414356,1.59996455162764,-5.45625741034746,-7.43666607886553,-0.941831178963184,6.8495747372508,3.1881555840373,-6.03497559577227,-10.959155626595,-11.3063998892903,-4.58347279578447
1,0,2,4,5.2097984778136,6.38837196700275,9.64125707022846,3.90752857200801,4.23061426751316,5.89440252654254,0.421071551963687,-7.69555208809674,-13.4174625647813,-4.38505528099835,4.747444056198,2.73188080660999,2.05370321147144,4.15101441018283,-1.77580616600812,-9.46252272255719,-9.40820524819195,-5.56245920784771,-6.60330221779645,-11.7527048362046,-11.9070627463609,-5.99847815163434,-3.31278250344098,1.8892041670531,-0.500935531929136,-12.3707048667222,-11.41791079171,-9.23596594460309,-5.93236086495221,-6.98660967476666,-14.4747497809678,-8.99763510353863,2.20822920672595,-1.29918501503766,-7.09379217751324,-9.02759955056012,-10.1105482352525,-7.26338408119977,-4.37117312081158,1.78201379649341,11.0864351021498,14.4534642922133,13.4812782036513,10.0552447067946,7.98903205268085,9.19318988196552,7.36833121649921,0.93291404120624,-2.64827082283795,-3.41678450234234,-9.87785933144391,-16.3883526099473,-14.60980532296,-6.10858843453228,4.98628296725452,6.97944857947528,2.89668401353061,0.972258828803897,3.58616030983627,-3.13961479790509,-17.0827858222276,-13.1309749854356,-4.80006430275738,-2.88777611382306,1.09202315680683,4.3955500947684,3.2241942512244,-2.22871325142682,-11.2791874182969,-15.4198715461046,-5.14065573342145,1.10848524443805,-3.9470641387254,-7.14938948281109,-3.8857528937608,-8.51763079293072,-12.2000276816636,-9.69756052620709,-5.51407644875348,-3.18173859246075,-2.29821560509503,-5.61073706276715,-5.26435969002545,-0.713617540672422,-4.22889588005841,-8.808348871544,-5.33003161080182,0.371721290275454,-1.0190479529649,-6.31135866768658,-8.63939402230084,-13.068774439171,-11.9554426444322,-3.42417500145733,4.84860398642719,-0.118879534080625,-12.6292965186387,-20.2577011359483,-19.5901062262803,-12.3539011252671
1,0,2,5,7.75578095890582,8.04846479870379,16.9240538118035,7.26228454090655,1.49762358643115,9.147378609851,8.44889476276934,-6.02049384139478,-20.6851666929573,-7.10909590743482,8.49214174725115,-0.69335112594068,-0.305461263880133,8.38116356112063,-4.50190291427076,-18.6658833982795,-13.2495645048469,-5.96467719100416,-11.4129746916145,-17.0665277006477,-13.1009610655159,-6.68426833175123,-5.44726691268384,1.51136603333056,0.874992036595941,-11.268508291468,-13.7220529081672,-17.2405942442268,-9.93157324813306,-10.5708936216682,-20.0388482572883,-6.81740221999586,8.92863405622542,0.472046518102289,-11.7495149137825,-12.5318749906868,-7.76392493270338,0.740043306127191,0.797512674108148,1.44848074890673,10.5683031318337,17.2469021318108,15.7120191095024,10.1555353639275,12.4996499059349,18.1719128129631,18.6868578431755,5.64678564049304,-2.84860072158277,2.0050932405144,-3.40944991134107,-16.5594476225227,-16.9648450376838,-7.30480322860181,7.95945253349841,13.9125582215935,8.86024608589709,4.01047482468188,5.03095068909228,-0.12925086043775,-15.1217683317512,-10.1978810789436,0.0655972001701599,1.9735032556206,1.21386446930468,7.41448774315417,11.0119463441521,3.92206969238818,3.10562911011279,4.13178124405444,2.6235276696831,0.520783090367914,0.300772332921625,0.144885682836176,7.55923225857318,0.207908296361566,-3.8193582060188,6.43808712936938,15.0483051774651,8.38282796122134,2.26696457840502,5.41862788178027,11.9132622716576,14.6521665094048,8.39287116505206,2.08171095825732,8.15049591042101,16.3592282769829,13.4344803331047,8.9269087997824,9.08807455129921,-6.87282118819654,-12.2757638456672,0.614111566320062,11.2548111913353,9.51167627550662,0.685218477025629,-9.30160079024732,-11.9363702299446,1.59044566132128
1,0,2,6,-3.27351001903415,1.61023135975003,6.8437180121243,4.62744638815522,6.74435945346951,3.35459359481931,-1.15132097408175,-1.69160179302096,-10.0273137490451,-8.13242677852512,4.37124099329114,6.21337862804532,0.619090755730867,2.56110330417752,-0.394493619650603,-6.8882909218967,-5.9931435982883,-4.65747408077121,-3.28837446376681,-4.9833083550632,-8.98102811977267,-4.99276117488742,-4.13928846523166,-1.61149791881442,-1.32026724025607,-11.205053846091,-7.64355711147189,-2.0209527413547,-2.22587160274386,-6.12474874660373,-12.8422799508274,-8.89367155238986,2.98218687370419,3.77065940693021,-0.634644548147917,-4.79271940395236,-8.04434160396457,-5.64397291347384,-5.64983038112521,-0.822110215872526,10.4159907896817,13.4171003897488,9.32002588108182,11.785912950784,13.4906525214016,6.97034068897366,2.3168408472836,0.588043649941683,5.63560005024075,8.75748773410916,1.5701105196774,-4.58269552394748,-5.72030309841037,-2.59618715450168,5.18178673580289,6.69216342762113,4.26463519528508,3.41900833442807,3.04045458629727,-1.93050245448947,-11.511715451926,-13.9285035531223,-11.6401353280246,-9.19514803096652,-1.08195165798068,8.52435060337186,7.46852346256375,-2.5723295609653,-14.5278535287082,-20.406002561301,-10.7314935128391,-2.10804800197482,-5.65765432521701,-8.86402944728732,-2.3354869286716,-3.98572401210666,-13.62676290676,-15.4079900185764,-7.16792921230197,-2.34168342754245,0.812189777642488,-2.5395188729465,-3.70221761867404,2.36867519214749,-3.58192876979709,-8.77710489436984,-1.77692846462131,6.5552339155972,6.45533605411649,-1.29826883479953,-6.51407102748752,-9.73179487392306,-10.3026023308933,-3.6366229455173,6.62410875156522,2.63218005493283,-4.57448534175754,-6.94150404140353,-7.19471792384982,-6.8197169701755
1,0,2,7,-6.77806630369043,-1.03432169195032,3.93199453119421,1.51867718960391,8.55478653673315,5.03040966753149,-4.01962628599023,0.677470657865051,-9.83563199277734,-13.7703596615396,3.30289516214514,9.49634537462378,0.284325931111816,4.68983421091223,4.10494932893896,-4.05526366468286,-4.0893436932168,-4.90526643033838,0.666092071572784,0.498821351567749,-8.80688252683496,-1.1045168900094,-2.01866474386072,-4.98269572492456,-0.258733775576111,-8.64817013975,-6.56260648008203,-0.159217383821961,-2.00544562574243,-5.10625186200952,-11.2255531811318,-8.43626466031885,4.95504936937476,7.0292709803977,1.40074527625227,-3.93771662946558,-7.9103828930459,-2.17676129575586,-0.596426155527588,3.26808819536353,14.301142070333,17.4954484439292,8.55721363786841,10.9304307437339,19.1190761065879,10.1824544406333,-2.33884706731653,-4.63258137937402,7.47958645586157,12.3492454028525,6.55093083147192,1.34439167741919,-4.81101908918237,-4.38516011472559,5.15966973070288,6.77958760027075,2.85530230764532,4.20555815462256,6.29962334398413,2.77890012029791,-5.38582291837549,-11.4371153378091,-15.1376759075723,-16.6821972393594,-7.04723038907861,9.47582087282324,11.5769351458945,-2.53756442304468,-18.3006016277871,-25.9464546703896,-18.4960114025674,-10.3354460262856,-11.0296446346841,-9.57649770017481,2.88198861841345,1.16798302892828,-18.2419449352822,-21.3230225109658,-5.44641652341699,-1.64849438901758,2.20863411192084,-1.36514487501001,-5.15283599134302,3.28478035692358,-3.3481852078042,-10.2441231274209,-2.67740025754785,6.88574681047583,9.06418928865576,1.5282690025703,-3.81671872373438,-7.71501412626123,-11.6691147350869,-6.57455792661523,5.16170654062415,2.21181306604529,-0.304806973894592,2.34039262298727,2.60628924135352,-3.28073802228784
1,0,2,8,5.13882079482079,7.68324759364128,12.1949218785763,7.2755821621418,4.705473331213,3.99931302428246,2.8661588704586,-2.83458099007607,-13.7861553156376,-7.08687553048134,5.40771129488945,1.23983087897301,-3.74977264046669,1.055091766119,-1.37557277321816,-8.90044364571571,-10.5747810328007,-8.30190715432167,-6.6658063852787,-5.73857459664345,-4.42458209633827,-5.16003188729286,-4.70191917061806,2.48511686682701,0.426906493902206,-10.6679607355595,-8.80111369729042,-4.64766082406044,-2.73294410347939,-7.17462024331093,-13.3096042597294,-8.05545673012734,1.58559408545494,1.58690824866295,-3.57370051980019,-6.36558971047401,-6.37836894631386,-4.50607356667519,-3.62468967080116,1.63525333762169,9.16137996077537,13.0997408902645,13.974233058691,12.8283347165585,9.09333935141563,5.97689351201057,9.16453376173973,6.9245245321095,3.67569508910179,5.09094944357872,-0.325457187891007,-6.35239562630653,-4.71682128548622,2.62344255805016,12.2832659757137,9.78692331671715,2.38750830054283,1.40648355841637,5.2690502679348,2.27546491980553,-10.4709564173222,-12.5481334650517,-7.52561435341835,-2.31550464272499,0.471282867193222,1.3130697286129,0.903232482671737,-1.10053405404091,-3.23412952065468,-4.95021209359169,-2.01801452279091,-0.596840950250626,-3.5561176264286,-9.02224979043007,-9.73633536934853,-7.82466563820839,-5.11712703347206,-3.80403003334999,-2.22164115548134,-1.32210025429726,-0.0123897516727451,-1.76070842385292,-1.66669711709023,2.72424068808556,-0.528912636041642,-2.75345954537392,2.13022842764854,5.49703159689903,0.461718944311142,-8.44678744912148,-10.5569396936893,-12.0451847040653,-10.3165508234501,-3.33211097359657,4.48416939139366,1.73120632529259,-5.98579463601112,-10.402473064661,-10.3859954798222,-3.94124755501747
1,0,3,1,5.38049333499745,-12.7904189307801,-4.04832298351452,10.731108255256,5.6435930054076,-4.65664798809215,-5.00759441448375,-4.27478534771129,-1.60693199230358,1.75800674365833,3.93030279086903,-1.01258403850719,-0.578111000787466,3.70690792011097,-0.204436608087271,-0.997268982660025,7.66611020969227,7.56805842326954,2.43691509174183,0.854813269842417,-2.66010410381481,-0.786039658319204,2.74590700076893,2.86278360294178,2.35377567218617,3.26221244739369,2.57923429416493,-2.48700935436413,-3.84699089122936,6.81539099620655,14.1354507725127,11.737573317755,10.4660166572221,13.5232035438903,12.176536492575,9.29804330276325,12.2949867765792,11.0415722350962,11.137744478453,15.6457578461058,15.644197158087,9.2697794954665,7.28966396259144,13.6666387836821,20.1530739586242,18.8483816902526,12.8580471794494,7.86423962520436,3.98833053516224,4.64811485217884,11.8451766292937,11.6027222196944,8.74439530776814,11.0380979697593,6.2835723678954,-0.424422570001333,2.06429260181263,1.4322516243346,-2.61060745311901,-3.31087143016979,2.48184841083363,-0.497518845330923,-1.99673397136852,9.07506459163502,10.6029819804616,3.71552818225697,2.7846218864806,5.77127998279408,8.42552941249684,7.66200440334156,6.05214231418446,4.59877174304798,0.77434413837269,-2.21727974010631,3.4096104423888,12.068884066809,13.6831423561461,9.15057008670643,6.85603564189747,8.25617211269215,11.5873072664626,17.5179268638976,14.866970710028,0.329779319036753,-2.79166538311168,7.52329509662464,11.9884629766829,11.6815298120864,13.1787540237792,7.9413658897765,11.0091121117957,18.8313452522643,15.6328999321349,12.3977009575255,0.70791404651478,-7.8718550880067,-0.704604454766958,4.66273038791493,8.19694536136463,15.8892528335936
1,0,3,2,2.49535820603371,-2.99909617781639,6.06629297852516,8.75994680047035,-5.58378531813621,-16.8735535371304,-5.55916144728661,6.45638153672218,6.14817497849464,0.49008724808693,-2.90493609786034,-7.17161300063133,-3.04759528517723,4.03963158249855,2.34823677659035,2.16488335251808,7.21541473984718,1.63749001145363,-2.14015128493309,0.840696073770523,0.0478179228305819,1.09174606919289,2.02397511124611,1.79107353806496,1.0119130384922,4.20521805405617,4.80001375794411,-1.67606570601463,-3.58660437941551,7.63022587418556,10.7901543971896,7.66870925545692,15.8070008528233,24.9613158476353,18.3667804968357,5.9012272131443,6.15842268586159,6.07902977585793,6.28841326355934,15.4841925871372,20.0058619749546,11.4924102795124,5.53575775742531,13.255016065836,20.6222884428501,12.8092467558384,3.65273735642433,2.75764725327492,0.397630430459976,1.47271893143654,13.0908741724491,11.4622905623913,0.351187444925309,1.11494515061379,1.27524635910988,-8.40786101698875,-8.38855292677879,-3.78321578383446,-3.89150168776512,-5.86707618117332,-0.724812768697738,0.0476596128940585,-2.30715491652489,8.05975697159767,16.8730675947666,10.2024298679829,0.68799755692482,0.993133283853531,5.59103033661842,7.48676393151283,5.78784010529518,-0.469898484945297,-2.72151496291161,-0.62752749800682,6.4520723593235,13.4587206614017,11.007993362546,9.67380426049233,17.2043664228916,20.780367590189,15.6859829199314,16.5269863379002,18.4366423857212,7.46217272400856,0.620717741250992,9.49056754231453,13.16285774827,12.1335932981968,21.8169648420811,20.1056935560703,15.4732215178013,20.4251925718784,16.7718660604954,8.03829405426979,-5.7828171479702,-9.98087623000145,-0.943218492269516,7.23096630692482,19.0778481733799,25.2492511045933
1,0,3,3,1.41270420789719,-2.6355593419075,6.31100270986557,8.37679807186127,-6.07960917711258,-18.9025318837166,-9.15756346940994,6.35921499967575,8.80507975161076,1.58849928617477,-1.61569907426834,-5.89633300065994,-2.87889506578446,4.9794947886467,4.49573633909225,1.42109415769577,4.68028972387314,2.63070366621017,-0.820912621021272,-0.727444908618928,-2.90067603349686,-0.163726112842561,0.985370376110076,-0.815356514453889,-1.62632395982742,2.63023588895798,3.88780091047287,-3.29239203691483,-5.56320121049881,5.68546602964401,10.8514747405052,9.17439059257507,15.4517643237114,23.2881209635735,16.4051162981987,4.1533548617363,4.19331238508224,4.48405573606491,5.94002435445785,13.957776286602,17.6869418406487,10.220519759655,2.86458847761154,9.53029392004013,17.1348721766472,10.8208668017387,4.83599064588547,1.89557907819748,-2.68798091173172,0.656991221904754,13.2587997698784,8.65753053963184,-1.64797713518143,3.6517827296257,3.16778061628342,-9.87654616594315,-10.7921345448494,-4.99134471178055,-4.16752841234207,-6.97369029283524,-1.45578219652176,-1.49381186723709,-4.18344046831131,7.57158444166183,14.7971727633476,6.14741084814072,-3.48983123064041,-0.454656860828401,6.74999842882156,5.45866987943649,2.23995230436325,-1.59391715288162,-5.91480185747147,-6.25642707109451,4.45574543714523,13.9213254237175,8.0981257045269,2.72680018186569,12.4369883322716,17.6939713740349,10.9527399325371,11.6918332362175,14.9173981928825,4.43428490400314,-1.5625784611702,7.77514330387115,9.56731239795685,6.19863674879074,15.7057697558403,13.9457437777519,8.94674510598183,14.6881925845146,12.4878275179863,3.46665499448776,-10.8216812825203,-13.3161175465584,-6.35903861284256,-0.139420769214631,14.7238819384575,24.2105023646355
1,0,3,4,1.22216664403677,-2.29834641367197,6.97938762754202,9.54689879864454,-6.88328350931406,-18.4097641840577,-8.58824242502451,5.49286638349295,9.54701830595732,1.12553940862417,0.173251257836819,-1.02942360788584,-2.46168602854013,1.50018416494131,2.7463008031249,-0.0713652506470677,2.09358082860708,6.16425620168448,4.75159512609243,-3.54434098154306,-7.10231865793467,1.85898219197989,5.23962961286306,-1.44154919534922,-2.09799851328135,5.56073318570852,5.13896404355764,-6.87618435770273,-6.11807240396738,5.01157723516226,6.95076881498098,6.51629863828421,9.43586830943823,15.7830248937011,13.1314664945006,4.25557528585196,6.38007603734732,8.73983831852675,11.8418310746551,18.9008217915893,19.5069113835692,8.41077564805746,2.7775097951293,8.02196930497885,14.4123693570495,13.0099152192473,8.31316535323858,4.21264659017324,-3.21602906137705,-0.558092011511325,13.2753716573119,8.77106152623892,-3.16337860971689,1.68319426625967,3.38544188588858,-9.30487526804209,-11.2319592371583,-3.07227696329355,-2.32421578317881,-6.96287621408701,-1.65076054483652,0.675553427636624,-4.6017798319459,0.237394438683987,7.87331472486258,1.99265204519033,-9.38453949838877,-5.07786549478769,7.53333245366812,7.13909219354391,-4.38010205179453,-8.76442231088877,-11.0178746119142,-13.649098290503,-1.70073975473642,12.7483953103423,6.83262549489737,-2.85866917520761,4.82461653798819,9.03536211103201,1.46273671239615,3.94965849965811,6.82788358777761,-6.0261258020997,-6.80702771097422,8.06677316278219,5.37556754201651,-2.75817860513926,7.86485956758261,5.66372381299734,3.66769276708365,16.388487444818,15.671156989038,3.69861899465323,-10.9420861139894,-12.0107888117433,-4.28096569925547,-2.47655762583017,6.8673945531249,17.2046376332641
1,0,3,5,2.27567244410515,-5.94062470555306,3.3950600707531,8.33103943705559,-4.05767869114876,-15.6652455246449,-6.05882882237434,3.61068392634392,4.02499628901482,2.0612912261486,3.1449790084362,-1.48686455845833,-2.5758871948719,-0.0518498337268838,-2.9014134323597,2.91549158930778,11.4335403525829,0.619682797193526,-0.531536570787431,6.2213950240612,-0.896823397874833,-0.901968470811845,5.39250756144524,2.68100310206413,-1.38506745457649,6.71289301753044,8.16877938151359,-3.69038056492806,-7.34227799534798,8.08161068797111,10.0003161513805,5.32231713175774,17.0750904166698,23.38661719203,14.3933580005169,6.34237433314323,11.1109263980389,8.34474755167961,6.83798600077629,20.1729569518566,24.4630360686779,10.2380619132519,2.34130431056023,14.6484770858288,24.9250998580456,13.7089645946026,2.79343748927116,5.24194002985954,4.13489771723747,0.87739611506462,10.1488976562023,13.695297011137,5.73874569773674,2.48683024287224,0.520691403150558,-10.1288609421253,-6.86409615635872,-1.03604458928108,-5.10171746373177,-6.95629166722298,3.73666907191276,6.00583792567253,-2.43159817814827,5.29767561793327,17.8171134078503,12.3681387547031,2.83239699244499,1.0323252761364,3.1695847594738,10.9640406453609,11.2075713956356,-4.5733933365345,-8.49057435154915,0.356770046949386,6.65715218424797,10.9941750848293,13.7878778064251,16.3009471976757,17.6221237266064,15.4349017226696,11.3972907745838,14.7883181655407,17.5227489554882,6.19214201807976,-1.42439984440804,8.93087626338005,15.5958666884899,16.1643505179882,26.7609276854992,21.0744080626965,11.3953124368191,20.4216446959972,21.8414216125011,11.0647555673122,-6.59080742955208,-9.64367150425911,0.588476666212081,8.37117386698723,19.5586319053173,25.6730742537975
1,0,3,6,5.66879052996635,-0.750993777513504,-3.52046971440315,-0.801105548143386,0.099227379560471,-6.28500084996223,-6.49457841038704,0.845097016096116,6.75569076418877,3.82222409129143,-0.305101443529129,-2.58325772404671,1.3630814063549,1.33553881525993,-1.50507073521614,0.335299443006516,4.58955092310905,4.00391144633293,-0.308217097520828,-3.36846833348274,-4.1409559738636,0.187970589399338,1.64478106379509,-0.0761843216419216,-0.341091204881668,-0.298186827898025,-1.298234988451,-4.22318940281868,-1.17725138783455,5.95925564646721,7.74223012804985,4.33769030451775,-1.42234807133675,0.919929455518723,8.78198785662651,10.0737874019146,10.4153251159191,16.5192813384533,18.9133605468273,15.610588978529,16.2044791686535,14.812210034132,11.4755486953259,11.6546701896191,19.4934825408459,22.6149253356457,16.6551646697521,12.0249008643627,3.35564370036125,-0.93608241200447,7.66567451834679,7.83754105448723,-0.0330019485950466,4.53021378397942,5.38001103281975,-4.2688217651844,-4.20141987919807,-0.429646064043045,0.224885414838791,-1.76861958622932,0.540630768537522,-1.53034787297249,-2.16458134770393,3.10062308192253,-0.887568045854568,-6.96800618290901,-6.10673432469368,-0.358643580675125,7.96422977328301,6.46331341147423,-2.44931607365608,-4.83908848881721,-7.08390336155891,-9.02596764683723,-0.940417338609695,11.7096909987926,13.383056114912,7.10600204348564,5.4766296851635,2.39818186640739,-0.343583155870437,6.79661626696587,6.68286867022514,-3.73500065922737,-0.261683989763259,8.49648840308189,4.26789374232292,1.19622321009636,1.37455124735832,-5.25625615239143,0.988585900068284,14.3510269629955,10.7186488616467,0.865462254285813,-4.62514882206917,-1.87030701756477,5.08930344462395,3.75116224169731,2.63543767809868,7.04343528628349
1,0,3,7,3.98042062163353,4.6388852918148,-5.09007760643959,-8.42533513665199,1.62785366415978,-2.87331887841225,-8.05060216546059,1.66449192404747,11.4728920781612,6.35735492646694,-4.71083375573158,-5.86436578392982,4.54541579127312,1.04848316550255,-4.81055184960365,1.44447449088097,4.78454020857811,-1.96721288323402,-6.96122953057289,-3.72099420189857,-3.45964357018471,-4.91692659020424,-3.39417764306068,0.0109064900875095,-0.0474974787235256,-4.62298795342445,-6.80814096093178,-8.01556417107582,-3.52140542626381,4.21524980902672,9.39075616240502,5.2907636487484,-7.65231820702553,-6.64102670311928,8.93538001418114,10.9376395070553,7.67474761843681,20.7328374707699,23.1090839231014,10.7899930799007,11.0347540700436,15.6141355359554,11.7550499761105,5.74257427692413,19.6374509656429,27.689709457159,16.3620803678036,13.1018255078793,4.24400654673576,-2.42933770775795,5.28880211949348,3.71995333075523,-6.03934785485268,0.742220672369004,5.15587499976158,-3.37938710808754,-3.44359037041664,-0.408343521356582,0.480074199438095,-2.03037759423256,-0.00405332207679709,-1.81868859887123,0.102857860326767,4.92001822829247,-4.80993577599525,-12.0457241213322,-6.07640382409096,2.384141715765,10.4130089604855,6.33479079842567,-2.02869912743568,-0.189197269678115,-1.83202001214027,-7.2572099840641,-0.884605613946914,14.2320401990414,17.7051599347591,12.5301311337948,7.33317521452904,-3.12963410973549,-4.94974347710609,9.89568618178368,10.2924826467037,-5.41434594750404,-1.45796510338783,10.6814182126522,4.94761672854424,1.39453342795372,-3.07502004265785,-13.7899143373966,-1.75962897896767,18.3469102704525,14.5811431729794,1.20539072394371,-2.01393148064613,5.17736473917961,14.3633878552914,9.57591894507408,2.52715471625328,3.75196746230125
1,0,3,8,8.6618875977397,4.35365457504988,2.45094985932112,1.76348633736372,-5.65343313246965,-12.0196221354604,-6.46957426100969,3.16422719925642,6.85321040123701,3.17857522934675,1.49227685898542,-3.9735157969594,-5.1378281596303,-0.549124527275563,1.85936708420515,1.17767543762922,2.60599322289228,0.136070918738842,-2.63701372176409,-3.40417223006487,-3.90314130812883,1.56641025513411,3.40497679680586,1.66016359299421,1.13403863877058,2.07047839134932,0.089110088050365,-3.77586965590715,-1.69988565474749,5.40143499940634,4.79729820460081,3.97268338173628,7.62053115338087,8.26605625122786,5.69157324030995,4.54711563557386,4.16236336201429,1.96373958557844,9.16224307984114,18.6062285420299,18.9053523060679,10.5322806355357,6.8635637280345,11.7311422345042,13.3053524014354,10.0383493420482,7.1371118542552,3.95964748829603,1.26541109055281,2.05738539665937,7.65614349812269,5.7604253683053,-2.04758577376604,0.0479375836253162,1.28533477753401,-7.12136106520891,-7.28767995864153,-0.325010109245778,3.36605424851179,-1.72927217513323,-5.67123823195696,-4.14216165572405,-0.448424625694752,1.23612661331892,-1.07431106597185,-1.1020353320241,-2.54720907241106,-5.90944795638323,-3.41701917678118,3.10059494942427,2.05384583443403,-7.52306203871965,-11.3708470347524,-4.11120061904192,5.56772908240557,11.8663269993663,6.83292455643415,0.464062881171703,8.89307875603437,14.658863734901,10.3457600590587,11.7888633725047,11.0772926327586,1.77453060120344,0.713733863532543,4.52633042305708,2.06397385567427,2.21302742928266,9.31914968460798,6.81949825257063,5.96816613942385,9.73506970375776,5.66096588641405,-1.04394035369158,-10.1291544917226,-10.0162165644765,-3.04800634413958,0.522531699836254,4.06682283848524,6.41259403198957
1,0,4,1,19.2630992233753,4.04236701130867,-3.96692797541618,-5.5454315841198,-8.661631077528,-7.33052107691765,-2.74589297175407,-2.29744002223015,6.26406314969063,12.8714533150196,8.21695092320442,-0.512567013502121,-0.549025028944016,1.20971730351448,-2.18573519587517,-4.12892672419548,-4.68537375330925,0.779243022203445,7.40239170193672,9.74978443980217,15.6522546112537,12.7618840038776,3.15545895695686,3.54005101323128,3.39786151051521,-4.04723212122917,-8.16238448023796,-1.50988337397575,15.3961539566517,23.0471892654896,8.95742920041084,1.28167775273323,7.26616552472115,9.46678206324577,9.2137099802494,7.3579743206501,5.9080391228199,5.28220799565315,0.508770495653152,-0.157081097364426,8.82962706685066,10.966009169817,8.38548281788826,7.11867597699165,5.02462866902351,8.13491347432137,8.55050686001778,5.08390763401985,7.96896436810493,11.3019297420979,9.88891988992691,7.5229916870594,5.17034247517586,-3.27153345942497,-5.15757796168327,-0.886369198560715,-2.60605570673943,0.0200000107288361,6.03714898228645,4.85965731739998,2.17363598942757,4.07027295231819,5.77482512593269,11.0074062049389,11.1548843085766,9.31692555546761,11.8436204493046,10.9733899533749,7.44160750508308,4.6039414703846,6.9928198158741,13.8948760330677,9.28115901350975,10.4675428420305,17.5477891266346,16.9543452560902,9.17579606175423,7.01504495739937,9.77781754732132,8.40892508625984,10.9218282997608,15.6579499542713,19.7392792999744,18.7251439392567,11.0710169970989,10.7166793346405,15.0924520790577,12.9763756096363,13.34705260396,17.6524849236012,14.7913761436939,7.42344811558723,11.0117168724537,15.2272491753101,13.1332748234272,13.9576406776905,12.6599953472614,9.04828622937202,13.3660390675068,15.1188879311085
1,0,4,2,23.0077006620169,0.465126256346702,-2.01665093481541,0.426044682860374,-6.52927376806736,-4.93728806555271,0.568140248656272,-1.35731484472752,0.427024106383323,6.1719362539053,5.27565405786037,-4.30693985998631,-1.1330011087656,3.28564284265041,-3.81413247168064,-4.4213540750742,-0.0290391641855248,5.09928820550442,15.7255374369025,20.2479426664114,17.2202262681723,9.64553091943264,4.47651694238186,9.75465748727322,5.18972895562649,-9.69912697851658,-10.1889322000742,7.46557734429836,28.6022627156973,28.1128618520498,10.0517456334829,10.0634419721365,18.3713166517019,13.9189270538092,11.2989599508047,11.5118367475271,12.3449318212271,14.0632854503393,9.64558813989162,9.79387400567532,19.2008178037405,18.5906419557333,16.8305953544378,17.5454250377417,10.6456014913321,10.8216345113516,13.2737567228079,13.6969761651754,17.6962309879065,13.8821617168188,7.65755103051662,8.96052763879299,12.529987077117,2.43286345422268,-4.46706749975681,5.28935740411282,9.74260065972805,6.74690745294094,3.24447939813137,2.66953204095364,10.2598888677359,14.5365962785482,9.80558846414089,15.4203038614988,18.6289212507009,12.6653802198172,13.4448523324728,16.9650491279364,14.1962220472097,12.3225207132101,15.3143666785955,21.1636235517263,13.2845592302084,16.4075935286283,24.8940689367056,19.2374551099539,9.66760228097439,13.1634766858816,17.5317123931646,11.9653732579947,19.4631237787008,28.3750831884146,27.7583744329214,23.1704122823477,18.6565007966757,24.630859593749,26.3060972493887,17.6741354268789,15.6702078384161,19.2852537435293,18.2505202096701,12.0171165269613,13.7039716047049,16.3210987848043,10.226068238616,12.879742602706,23.7424623769522,19.5937845510244,16.8055785101652,19.8503615659475
1,0,4,3,17.197591124773,-1.96732491374016,-1.74714917063713,0.998650847673415,-5.68227356791496,-2.48413342356682,3.39870768666267,-2.95815056681633,0.314339934587478,9.01731926083565,8.72614198803902,-1.77795952677727,-4.02763146281242,0.710186301469802,-2.07695549845696,-4.53406113505364,-3.99954956889153,-1.00077980875969,7.13928300023079,14.6919732677937,13.4342537510395,3.47920065999031,-2.99756115794182,0.631652175188064,-1.00679558634758,-12.5784870994091,-14.914243401289,0.582220374345779,23.0302374947071,24.0273688423634,7.04943305134773,6.37271052479744,13.7396854746342,9.07770019650459,6.07610732197761,6.29306346058845,7.62061577916145,10.0326097595692,3.3164570915699,1.97923022389412,11.9306521552801,10.6242180454731,9.19991832852364,9.11314469456673,3.55624800801277,7.47267466664314,9.94954186558723,7.63157015919685,10.8103173363209,9.48753648877144,4.43937331318855,2.46318751454353,3.29973631978035,-7.35078972697258,-8.98524063944817,2.82559805989265,5.01048642277718,0.177994071245193,-2.18925446391106,-2.96010464549065,-0.0311819922924048,5.14012032628059,3.79901057362556,8.08051901936531,12.9337510454655,7.36043149113655,8.31486540913582,14.4856069672108,11.6329357612133,5.29613143086433,7.47995310902595,14.5207076656818,6.28114348530769,11.5781145381927,20.9721758949757,15.2081044304371,5.38876229405403,10.607799230814,17.0131600487232,7.89284878849983,15.0042229282856,27.5252535927296,26.3074219810963,19.3720501053333,11.9830688822269,21.2663739311695,25.3981392967701,12.8732673513889,9.46494728207588,14.3713260281086,12.9788930404186,7.88175040364265,12.2825344789028,11.7479675102234,2.93369513630867,8.33678728222847,19.6470234978199,12.2094019043446,10.7043748486042,14.1952367413044
1,0,4,4,17.8150000160933,-0.679820578694343,-5.56162695229053,-3.53714231789112,-5.83612684547901,-5.1170678550005,-2.69354776680469,-3.06502107918262,4.30826707541943,11.6960010117292,10.9533676689863,0.375076252818108,-1.40061144173145,2.93891878783703,-4.00769666969776,-6.52518228828907,-0.728289645314216,0.316298443675041,2.92910047233105,9.54836888968945,13.4984082764387,6.05291475713253,-1.77766279518604,1.686108071208,-0.575320284962654,-10.116306822896,-14.4010434561968,-1.66732649147511,21.2559885567427,23.7953676766157,6.98148300111294,4.36426850020885,7.62301607787609,6.56811242163181,9.39696021735668,7.33929844558239,6.20240508377552,8.55406315982342,0.0751332825422288,-1.81184820473194,7.21868242681026,5.74668206632137,5.12633534133434,5.32215650737286,1.67423673331738,3.50811215102673,3.93419166266918,1.37862344443798,3.51118274390697,4.50443263709545,2.62718339622021,4.71003230273724,3.81606074035168,-11.2597356253862,-17.2118153983355,-5.34505323708057,-2.32642893135548,-5.62355093300343,-2.90427355110645,-2.33114771187305,-3.39856485664844,-0.0732307845354079,-0.132198374867439,3.75537033736706,8.7522849625349,5.32225235164166,4.80586441218853,7.46475400388241,3.11797042548656,-3.27141050636768,4.20969982802868,13.7189607208967,-0.32735685646534,3.26208348929882,19.2726749962568,11.792710263133,-1.71224359810352,2.65735049903393,8.43058713138103,1.06116958320141,7.18698142826557,21.6126169747114,22.0810598915815,13.8394865578413,8.03502400577068,13.5547270363569,17.0438170021772,7.17500700414181,2.8611990994215,9.87484999358654,10.8296107834578,2.03731055915356,4.76825555026531,6.98734622061253,2.24338002860546,11.7487310951948,17.2670425957441,4.84167977035046,6.36022420585156,11.3202170914412
1,0,4,5,26.6356912517548,-0.254472169876099,-5.95443383216858,-4.15655747413635,-11.4615120029449,-4.60717049598694,1.67347296714783,1.0881849193573,1.05599459648132,3.38236960411072,7.41347750663757,2.01478919029236,4.57287272453308,4.71248015403748,-4.58418885231018,-6.6670059299469,-2.40937462806702,6.36692294120789,17.3463399076462,17.8325336837769,14.863003578186,8.43930443763733,4.91301783561707,11.4367371463776,3.49982985496521,-14.6547645664215,-11.7180332279205,7.70237263679504,29.799254026413,29.6214433574677,6.84419211387634,3.11013754844666,14.7202909851074,15.0718362891674,10.0464640522003,6.3018022441864,10.6576600933075,16.0662737154961,10.4235373401642,9.93014344215393,20.2582999134064,16.163528110981,11.5500179195404,16.6257275009155,10.2973700428009,6.84561881065369,6.4007488155365,8.27533492088318,19.3402517700195,14.007570233345,2.48101099967957,6.48983820915222,12.6387949848175,-1.63890496253967,-11.0458778476715,3.42643984794617,10.941705789566,6.63550909996033,-1.78664246559143,-4.30673829078674,9.36907109260559,15.092993285656,4.20626029014587,12.1583591365814,19.4992633724213,13.3497095966339,13.0165289306641,16.7615799570084,12.5186432266235,6.73720416069031,11.2247825527191,23.6489482784271,17.2626831197739,18.2947355175018,22.3331075572968,14.4945335054398,5.86310633659363,11.065111246109,17.1614256763458,12.6843191051483,22.0760255718231,31.7245365047455,33.6679645442963,24.8144460582733,12.4598084354401,22.1813956165314,26.1168476009369,16.828383769989,15.9147646689415,21.1479445362091,23.4341407680511,16.2803772354126,13.6343320274353,13.3069368267059,4.84223422050476,9.91548451423645,23.9094968700409,20.6741996669769,20.2661057376862,23.0237446689606
1,0,4,6,11.455756071806,-1.10602533459663,-6.19082653164864,-2.58505832791328,-4.42204963803291,-6.6470242702961,-4.66894638180733,0.387693289518356,8.00061023592949,9.18808591723442,5.31074798464775,-3.67564022183418,-2.66924202084541,2.12096512675285,-0.906969186067581,0.0327762401103975,1.94867599368095,1.78853214144707,2.05236423373222,4.7464163339138,7.04823446631432,3.80758703112602,-2.15187132000923,-3.06067001461983,-1.64270507931709,-5.18216716885567,-12.0373889172077,-7.07788574337959,10.8724488055706,20.6303480899334,13.2871607577801,6.15088880419731,3.10839879870415,-3.28162300229073,-1.0022112095356,8.60627806544304,8.26036870837212,2.8917735850811,3.01394784808159,6.43031657099724,6.30674839377403,3.08770335078239,6.07317096352577,6.95622957110405,2.13275850176811,7.10306990504265,7.25927722811699,-1.17122280240059,-5.1642829144001,-3.69035827755928,1.50668609499931,7.99094283938408,6.45394146800041,-9.05326950192451,-12.6702014172077,-6.64291393399239,-8.91955673336983,-6.49873840451241,1.42672098040581,1.47499215960503,-4.77851307034492,-9.37676155209541,-6.9361802303791,4.93453729510307,9.72767484545708,6.79672038912773,12.1128515040874,12.4185980594158,-1.6219998562336,-8.95467483639717,-0.798450585603714,8.18256914973259,1.45308816790581,3.05226743578911,9.71610749125481,5.86777642726898,-1.15753280758858,-2.63440239071846,-0.785336610078812,1.39825761675835,9.88426053881645,18.3652848041058,17.5719345843792,10.7517856395245,7.81303441882133,11.3705986773968,14.0772141253948,9.33124959826469,6.88783347964287,12.3342813289165,14.7726877963543,8.57717621684074,8.69827688097954,14.4508036410809,15.5479944980145,16.092773321867,12.4453796184063,4.91972840189934,8.20478499293327,12.8455809390545
1,0,4,7,7.39956975877285,-1.05168174803257,-5.89042495787144,0.346556910872459,-3.12907671034336,-6.80006431639194,-7.02091144621372,0.665241965651512,10.3177754968405,7.38012720048428,3.76810030043125,-4.97865890562534,-2.81905054152012,1.53192115724087,-3.28085445463657,1.63029743134975,5.07318640649319,2.58163262307644,0.20908428132534,3.96217013299465,3.80948085486889,-3.23206399977207,-7.37135814726353,-4.96254562437534,0.644202002882957,-0.818307629227638,-10.1504633337259,-6.6583731085062,6.0840847581625,14.1454103082418,14.590168723464,12.7392289727926,6.62009812295437,-9.38466571867466,-9.77594303190708,8.53962827622891,10.486427077651,0.166356810927391,4.58102465569973,11.3410060495138,4.88091493546963,-0.53858827650547,4.46548343598843,5.04649830758572,-1.30087493956089,9.26799274384975,9.70099378526211,-5.31884979307651,-12.3255360037088,-11.7299330145121,-5.29251693785191,7.22285986840725,10.7016842454672,-6.61988853514194,-10.1141073614359,-4.24821876585484,-8.59812664091587,-5.25237964689732,2.08236504495144,2.37090445458889,-2.80938600599766,-13.1254560858011,-10.2921459585428,9.03464389741421,13.3269946664572,4.65826071202755,13.3316514581442,17.4415452569723,-3.09478639662266,-11.7594139486551,-2.24681781828403,5.07979453504086,0.538396844267845,1.0140209287405,3.48651415258646,0.406047829985619,-2.99595617353916,-4.01919912397861,-4.10594629347324,-0.0632967859506608,9.92034650743008,15.7601745218039,13.7214315026999,7.41323018968105,5.86695886552334,9.236550578475,12.6063678354025,8.77126384675503,5.32637656629086,11.5531547158957,14.3168542474508,8.04272294938564,7.39433051049709,16.117247352004,17.76711345613,14.863003501296,10.1730516046286,3.43067306615412,6.76011277139187,12.9554536432028
1,0,4,8,13.0515902660787,-3.18195265308023,-6.77027529254556,-2.4916464664042,-0.58710020557046,1.7196241043508,4.33427304252982,1.16839152798057,-0.717444119602442,2.63799959644675,6.59400612339377,-0.173769650608302,-2.58669680133462,3.22473293766379,-0.618273434787989,-5.87813776507974,-3.06008738055825,1.83519631847739,4.16630834564567,1.62922388538718,4.14469534382224,6.81774872764945,-2.05728357806802,-7.86744516864419,-6.33552855029702,-9.26343744769692,-14.2232858516276,-10.4437028743327,7.72144919857383,18.8743456028402,10.5429342411458,2.46567327007651,-1.12725609317422,-2.08728855624795,5.40076316604391,9.09540850147605,0.523012461513281,-5.45744150653482,-0.719742474704981,5.24916418120265,8.26584130749106,6.6304318331182,5.77621704563498,4.9083913885057,4.11316925510764,8.17247730717063,6.92752164825797,2.31636077389121,1.36890393719077,2.28898841366172,6.23192727789283,7.85399157032371,2.71916181072593,-7.49730795398355,-8.86860006824136,-3.07855146899819,-2.69486826434732,-3.13898771777749,-1.99646585956216,-2.39336889758706,-0.812239823490382,0.78464108929038,-2.24084585681558,1.08415442928672,5.11704737171531,3.68336910232902,6.13561517223716,7.89279490932822,-0.0587832309305671,-5.3478910304606,2.31740385517478,8.17440444454551,-1.77147739902139,0.863283934444189,9.3950198315084,7.51076394543052,-0.614790139347315,-1.54849451556802,4.38030511364341,7.40633541569114,13.9450109623373,16.4521358631551,12.1630757473409,8.70717340931296,7.04154151901603,11.2412059925497,14.1948879383504,7.78963786587119,2.11098176464438,5.45444205254316,9.5165846966207,3.96920150741935,1.79694706425071,3.95511800274253,4.3264493368566,9.01146441921592,14.1668518207967,7.21729248985648,4.06617695316672,7.6873074196279
