015,0,0,69,294.8122179508209,{'leaf_size': 5, 'metric': 'euclidean', 'n_neighbors': 28, 'weights': 'uniform'}
030,1,0,70,304.9267508983612,{'leaf_size': 5, 'metric': 'euclidean', 'n_neighbors': 28, 'weights': 'distance'}
060,2,0,71,369.8222744464874,{'leaf_size': 5, 'metric': 'euclidean', 'n_neighbors': 18, 'weights': 'uniform'}
015,1,0,67,433.93000769615173,{'leaf_size': 5, 'metric': 'euclidean', 'n_neighbors': 12, 'weights': 'uniform'}
005,0,0,62,459.93702602386475,{'leaf_size': 5, 'metric': 'euclidean', 'n_neighbors': 28, 'weights': 'uniform'}
010,1,0,67,472.9949734210968,{'leaf_size': 5, 'metric': 'euclidean', 'n_neighbors': 18, 'weights': 'uniform'}
030,2,0,72,436.5692329406738,{'leaf_size': 5, 'metric': 'euclidean', 'n_neighbors': 28, 'weights': 'uniform'}
010,0,0,69,479.6760022640228,{'leaf_size': 5, 'metric': 'euclidean', 'n_neighbors': 12, 'weights': 'distance'}
060,3,0,70,383.4964118003845,{'leaf_size': 5, 'metric': 'euclidean', 'n_neighbors': 12, 'weights': 'uniform'}
100,4,0,55,415.54576539993286,{'leaf_size': 5, 'metric': 'euclidean', 'n_neighbors': 18, 'weights': 'uniform'}
030,4,0,70,512.6818490028381,{'leaf_size': 5, 'metric': 'euclidean', 'n_neighbors': 28, 'weights': 'distance'}
020,4,0,72,478.7539083957672,{'leaf_size': 5, 'metric': 'euclidean', 'n_neighbors': 12, 'weights': 'distance'}
060,1,0,72,448.16654872894287,{'leaf_size': 5, 'metric': 'manhattan', 'n_neighbors': 18, 'weights': 'uniform'}
005,4,0,68,515.6230335235596,{'leaf_size': 5, 'metric': 'euclidean', 'n_neighbors': 12, 'weights': 'uniform'}
015,4,0,70,502.9580762386322,{'leaf_size': 5, 'metric': 'euclidean', 'n_neighbors': 18, 'weights': 'distance'}
005,3,0,69,553.5610630512238,{'leaf_size': 5, 'metric': 'euclidean', 'n_neighbors': 12, 'weights': 'uniform'}
030,3,0,74,467.3098888397217,{'leaf_size': 5, 'metric': 'euclidean', 'n_neighbors': 28, 'weights': 'uniform'}
020,3,0,69,515.261355638504,{'leaf_size': 5, 'metric': 'euclidean', 'n_neighbors': 18, 'weights': 'distance'}
020,0,0,68,455.92154145240784,{'leaf_size': 5, 'metric': 'manhattan', 'n_neighbors': 12, 'weights': 'distance'}
100,0,0,50,480.1386196613312,{'leaf_size': 5, 'metric': 'euclidean', 'n_neighbors': 28, 'weights': 'uniform'}
010,4,0,72,550.4260694980621,{'leaf_size': 5, 'metric': 'euclidean', 'n_neighbors': 12, 'weights': 'uniform'}
100,3,0,50,475.52340269088745,{'leaf_size': 5, 'metric': 'euclidean', 'n_neighbors': 28, 'weights': 'uniform'}
030,0,0,66,536.8116590976715,{'leaf_size': 5, 'metric': 'manhattan', 'n_neighbors': 12, 'weights': 'uniform'}
005,2,0,61,455.48933243751526,{'leaf_size': 5, 'metric': 'manhattan', 'n_neighbors': 18, 'weights': 'distance'}
015,2,0,72,492.00558590888977,{'leaf_size': 5, 'metric': 'euclidean', 'n_neighbors': 12, 'weights': 'distance'}
060,0,0,73,498.2601065635681,{'leaf_size': 5, 'metric': 'euclidean', 'n_neighbors': 12, 'weights': 'distance'}
020,2,0,70,466.8513469696045,{'leaf_size': 5, 'metric': 'euclidean', 'n_neighbors': 12, 'weights': 'distance'}
010,2,0,66,413.453976392746,{'leaf_size': 5, 'metric': 'euclidean', 'n_neighbors': 18, 'weights': 'uniform'}
010,3,0,62,504.1345410346985,{'leaf_size': 5, 'metric': 'euclidean', 'n_neighbors': 12, 'weights': 'distance'}
060,4,0,68,497.80359649658203,{'leaf_size': 5, 'metric': 'euclidean', 'n_neighbors': 12, 'weights': 'uniform'}
020,1,0,66,440.8166379928589,{'leaf_size': 5, 'metric': 'euclidean', 'n_neighbors': 18, 'weights': 'uniform'}
005,1,0,69,348.33933448791504,{'leaf_size': 5, 'metric': 'euclidean', 'n_neighbors': 12, 'weights': 'uniform'}
100,1,0,50,523.8995492458344,{'leaf_size': 5, 'metric': 'euclidean', 'n_neighbors': 18, 'weights': 'uniform'}
015,3,0,65,265.8194978237152,{'leaf_size': 5, 'metric': 'euclidean', 'n_neighbors': 18, 'weights': 'uniform'}
010,3,0,62,333.0650990009308,{'leaf_size': 5, 'metric': 'euclidean', 'n_neighbors': 18, 'weights': 'distance'}
010,2,0,68,325.5596237182617,{'leaf_size': 5, 'metric': 'euclidean', 'n_neighbors': 28, 'weights': 'uniform'}
020,1,0,65,325.4902148246765,{'leaf_size': 5, 'metric': 'euclidean', 'n_neighbors': 28, 'weights': 'distance'}
015,4,0,68,327.8763418197632,{'leaf_size': 5, 'metric': 'euclidean', 'n_neighbors': 12, 'weights': 'uniform'}
015,3,0,65,350.5282530784607,{'leaf_size': 5, 'metric': 'euclidean', 'n_neighbors': 18, 'weights': 'distance'}
030,0,0,68,334.889520406723,{'leaf_size': 5, 'metric': 'euclidean', 'n_neighbors': 12, 'weights': 'uniform'}
100,3,0,50,348.17953157424927,{'leaf_size': 5, 'metric': 'euclidean', 'n_neighbors': 28, 'weights': 'uniform'}
005,2,0,64,341.7432324886322,{'leaf_size': 5, 'metric': 'euclidean', 'n_neighbors': 18, 'weights': 'distance'}
015,1,0,69,355.33495831489563,{'leaf_size': 5, 'metric': 'euclidean', 'n_neighbors': 12, 'weights': 'distance'}
020,2,0,70,323.70342779159546,{'leaf_size': 5, 'metric': 'euclidean', 'n_neighbors': 18, 'weights': 'distance'}
010,0,0,66,361.3409767150879,{'leaf_size': 5, 'metric': 'euclidean', 'n_neighbors': 12, 'weights': 'uniform'}
020,0,0,66,376.78110218048096,{'leaf_size': 5, 'metric': 'euclidean', 'n_neighbors': 12, 'weights': 'uniform'}
020,3,0,66,341.7568943500519,{'leaf_size': 5, 'metric': 'euclidean', 'n_neighbors': 12, 'weights': 'uniform'}
005,4,0,68,370.4579200744629,{'leaf_size': 5, 'metric': 'euclidean', 'n_neighbors': 12, 'weights': 'uniform'}
020,4,0,73,331.7558653354645,{'leaf_size': 5, 'metric': 'euclidean', 'n_neighbors': 18, 'weights': 'distance'}
030,4,0,70,374.3773286342621,{'leaf_size': 5, 'metric': 'euclidean', 'n_neighbors': 18, 'weights': 'uniform'}
005,3,0,69,391.9121632575989,{'leaf_size': 5, 'metric': 'euclidean', 'n_neighbors': 12, 'weights': 'uniform'}
015,2,0,72,380.3116445541382,{'leaf_size': 5, 'metric': 'euclidean', 'n_neighbors': 12, 'weights': 'uniform'}
060,1,0,72,355.88516068458557,{'leaf_size': 5, 'metric': 'manhattan', 'n_neighbors': 28, 'weights': 'uniform'}
005,1,0,69,371.7717936038971,{'leaf_size': 5, 'metric': 'euclidean', 'n_neighbors': 12, 'weights': 'uniform'}
010,4,0,71,374.8426296710968,{'leaf_size': 5, 'metric': 'euclidean', 'n_neighbors': 18, 'weights': 'uniform'}
100,1,0,50,335.5801296234131,{'leaf_size': 5, 'metric': 'euclidean', 'n_neighbors': 12, 'weights': 'uniform'}
015,0,0,70,399.1904423236847,{'leaf_size': 5, 'metric': 'euclidean', 'n_neighbors': 12, 'weights': 'uniform'}
030,1,0,67,401.1756896972656,{'leaf_size': 5, 'metric': 'euclidean', 'n_neighbors': 18, 'weights': 'uniform'}
060,4,0,70,316.8686001300812,{'leaf_size': 5, 'metric': 'euclidean', 'n_neighbors': 18, 'weights': 'uniform'}
010,1,0,68,406.9049549102783,{'leaf_size': 5, 'metric': 'manhattan', 'n_neighbors': 12, 'weights': 'uniform'}
060,2,0,69,339.63906478881836,{'leaf_size': 5, 'metric': 'euclidean', 'n_neighbors': 12, 'weights': 'uniform'}
100,4,0,50,347.6313352584839,{'leaf_size': 5, 'metric': 'euclidean', 'n_neighbors': 18, 'weights': 'uniform'}
030,3,0,74,388.73668909072876,{'leaf_size': 5, 'metric': 'euclidean', 'n_neighbors': 28, 'weights': 'uniform'}
030,2,0,74,407.68276834487915,{'leaf_size': 5, 'metric': 'euclidean', 'n_neighbors': 18, 'weights': 'distance'}
060,3,0,69,400.66557574272156,{'leaf_size': 5, 'metric': 'euclidean', 'n_neighbors': 18, 'weights': 'uniform'}
100,0,0,52,333.59592175483704,{'leaf_size': 5, 'metric': 'euclidean', 'n_neighbors': 18, 'weights': 'uniform'}
060,0,0,71,421.7351779937744,{'leaf_size': 5, 'metric': 'euclidean', 'n_neighbors': 12, 'weights': 'uniform'}
005,0,0,62,465.1624927520752,{'leaf_size': 5, 'metric': 'euclidean', 'n_neighbors': 28, 'weights': 'uniform'}
100,2,0,51,265.5117042064667,{'leaf_size': 5, 'metric': 'euclidean', 'n_neighbors': 28, 'weights': 'distance'}
005,2,0,64,230.0174024105072,{'leaf_size': 5, 'metric': 'euclidean', 'n_neighbors': 18, 'weights': 'distance'}
005,0,0,60,287.628116607666,{'leaf_size': 5, 'metric': 'manhattan', 'n_neighbors': 18, 'weights': 'uniform'}
015,4,0,68,316.37515330314636,{'leaf_size': 5, 'metric': 'manhattan', 'n_neighbors': 12, 'weights': 'distance'}
005,1,0,69,327.8060977458954,{'leaf_size': 5, 'metric': 'euclidean', 'n_neighbors': 12, 'weights': 'uniform'}
020,4,0,72,358.2181797027588,{'leaf_size': 5, 'metric': 'euclidean', 'n_neighbors': 18, 'weights': 'uniform'}
005,3,0,69,360.3735382556915,{'leaf_size': 5, 'metric': 'euclidean', 'n_neighbors': 12, 'weights': 'uniform'}
005,4,0,68,358.87901973724365,{'leaf_size': 5, 'metric': 'euclidean', 'n_neighbors': 12, 'weights': 'uniform'}
015,3,0,65,310.7606461048126,{'leaf_size': 5, 'metric': 'euclidean', 'n_neighbors': 18, 'weights': 'uniform'}
060,4,0,72,361.1259698867798,{'leaf_size': 5, 'metric': 'euclidean', 'n_neighbors': 28, 'weights': 'distance'}
030,2,0,72,387.0232963562012,{'leaf_size': 5, 'metric': 'euclidean', 'n_neighbors': 18, 'weights': 'uniform'}
060,2,0,71,394.1618342399597,{'leaf_size': 5, 'metric': 'euclidean', 'n_neighbors': 18, 'weights': 'uniform'}
015,2,0,72,410.7295880317688,{'leaf_size': 5, 'metric': 'euclidean', 'n_neighbors': 12, 'weights': 'distance'}
020,1,0,66,414.71300053596497,{'leaf_size': 5, 'metric': 'euclidean', 'n_neighbors': 18, 'weights': 'uniform'}
100,1,0,50,402.310462474823,{'leaf_size': 5, 'metric': 'euclidean', 'n_neighbors': 12, 'weights': 'uniform'}
010,2,0,68,413.4585144519806,{'leaf_size': 5, 'metric': 'euclidean', 'n_neighbors': 28, 'weights': 'uniform'}
010,1,0,68,399.94187450408936,{'leaf_size': 5, 'metric': 'euclidean', 'n_neighbors': 12, 'weights': 'uniform'}
030,4,0,70,431.60323882102966,{'leaf_size': 5, 'metric': 'euclidean', 'n_neighbors': 28, 'weights': 'distance'}
015,0,0,70,437.27383852005005,{'leaf_size': 5, 'metric': 'euclidean', 'n_neighbors': 12, 'weights': 'uniform'}
030,1,0,67,423.46658754348755,{'leaf_size': 5, 'metric': 'euclidean', 'n_neighbors': 18, 'weights': 'uniform'}
020,2,0,70,375.1303791999817,{'leaf_size': 5, 'metric': 'euclidean', 'n_neighbors': 18, 'weights': 'distance'}
030,3,0,72,361.33254313468933,{'leaf_size': 5, 'metric': 'manhattan', 'n_neighbors': 18, 'weights': 'uniform'}
060,1,0,72,371.7833499908447,{'leaf_size': 5, 'metric': 'euclidean', 'n_neighbors': 28, 'weights': 'uniform'}
030,0,0,68,450.0679953098297,{'leaf_size': 5, 'metric': 'euclidean', 'n_neighbors': 12, 'weights': 'uniform'}
010,3,0,62,408.6252167224884,{'leaf_size': 5, 'metric': 'euclidean', 'n_neighbors': 12, 'weights': 'distance'}
020,0,0,68,446.7292037010193,{'leaf_size': 5, 'metric': 'euclidean', 'n_neighbors': 18, 'weights': 'uniform'}
010,4,0,71,434.34722328186035,{'leaf_size': 5, 'metric': 'euclidean', 'n_neighbors': 12, 'weights': 'distance'}
100,4,0,55,436.58106660842896,{'leaf_size': 5, 'metric': 'euclidean', 'n_neighbors': 18, 'weights': 'uniform'}
060,3,0,69,428.0061104297638,{'leaf_size': 5, 'metric': 'euclidean', 'n_neighbors': 18, 'weights': 'uniform'}
020,3,0,69,407.1860291957855,{'leaf_size': 5, 'metric': 'euclidean', 'n_neighbors': 18, 'weights': 'distance'}
010,0,0,66,440.12879705429077,{'leaf_size': 5, 'metric': 'euclidean', 'n_neighbors': 18, 'weights': 'uniform'}
060,0,0,70,346.48152565956116,{'leaf_size': 5, 'metric': 'euclidean', 'n_neighbors': 18, 'weights': 'uniform'}
100,3,0,50,375.53636741638184,{'leaf_size': 5, 'metric': 'euclidean', 'n_neighbors': 28, 'weights': 'distance'}
100,0,0,50,397.2832715511322,{'leaf_size': 5, 'metric': 'euclidean', 'n_neighbors': 18, 'weights': 'distance'}
015,1,0,67,453.07352805137634,{'leaf_size': 5, 'metric': 'euclidean', 'n_neighbors': 12, 'weights': 'uniform'}
100,2,0,63,392.2451467514038,{'leaf_size': 5, 'metric': 'euclidean', 'n_neighbors': 12, 'weights': 'distance'}
005,3,0,69,302.83663535118103,{'leaf_size': 5, 'metric': 'euclidean', 'n_neighbors': 12, 'weights': 'uniform'}
010,2,0,66,290.9272618293762,{'leaf_size': 5, 'metric': 'euclidean', 'n_neighbors': 18, 'weights': 'uniform'}
030,2,0,72,332.60538959503174,{'leaf_size': 5, 'metric': 'euclidean', 'n_neighbors': 28, 'weights': 'uniform'}
010,3,0,62,377.2002389431,{'leaf_size': 5, 'metric': 'euclidean', 'n_neighbors': 12, 'weights': 'distance'}
100,1,0,50,368.0682075023651,{'leaf_size': 5, 'metric': 'euclidean', 'n_neighbors': 12, 'weights': 'uniform'}
015,0,0,69,352.0900332927704,{'leaf_size': 5, 'metric': 'euclidean', 'n_neighbors': 28, 'weights': 'distance'}
005,2,0,60,387.58452343940735,{'leaf_size': 5, 'metric': 'manhattan', 'n_neighbors': 12, 'weights': 'distance'}
010,1,0,69,376.67911195755005,{'leaf_size': 5, 'metric': 'euclidean', 'n_neighbors': 28, 'weights': 'uniform'}
015,4,0,70,391.0081236362457,{'leaf_size': 5, 'metric': 'euclidean', 'n_neighbors': 28, 'weights': 'distance'}
020,2,0,70,401.8360495567322,{'leaf_size': 5, 'metric': 'euclidean', 'n_neighbors': 12, 'weights': 'distance'}
005,1,0,68,366.5203392505646,{'leaf_size': 5, 'metric': 'euclidean', 'n_neighbors': 18, 'weights': 'uniform'}
005,4,0,69,381.4434781074524,{'leaf_size': 5, 'metric': 'euclidean', 'n_neighbors': 12, 'weights': 'distance'}
005,0,0,60,424.3377869129181,{'leaf_size': 5, 'metric': 'manhattan', 'n_neighbors': 18, 'weights': 'uniform'}
010,4,0,72,397.6276059150696,{'leaf_size': 5, 'metric': 'euclidean', 'n_neighbors': 12, 'weights': 'uniform'}
015,2,0,72,414.1492910385132,{'leaf_size': 5, 'metric': 'euclidean', 'n_neighbors': 12, 'weights': 'uniform'}
100,4,0,50,401.8099958896637,{'leaf_size': 5, 'metric': 'euclidean', 'n_neighbors': 28, 'weights': 'distance'}
015,1,0,67,394.35862374305725,{'leaf_size': 5, 'metric': 'euclidean', 'n_neighbors': 12, 'weights': 'uniform'}
030,1,0,67,409.0273005962372,{'leaf_size': 5, 'metric': 'euclidean', 'n_neighbors': 18, 'weights': 'uniform'}
015,3,0,64,390.155953168869,{'leaf_size': 5, 'metric': 'euclidean', 'n_neighbors': 12, 'weights': 'uniform'}
020,0,0,66,431.21124815940857,{'leaf_size': 5, 'metric': 'euclidean', 'n_neighbors': 12, 'weights': 'distance'}
010,0,0,66,438.0702815055847,{'leaf_size': 5, 'metric': 'euclidean', 'n_neighbors': 12, 'weights': 'uniform'}
060,3,0,69,374.1374123096466,{'leaf_size': 5, 'metric': 'euclidean', 'n_neighbors': 18, 'weights': 'uniform'}
100,3,0,50,346.5188238620758,{'leaf_size': 5, 'metric': 'euclidean', 'n_neighbors': 18, 'weights': 'uniform'}
100,2,0,50,376.3646640777588,{'leaf_size': 5, 'metric': 'euclidean', 'n_neighbors': 18, 'weights': 'uniform'}
020,3,0,66,413.04552364349365,{'leaf_size': 5, 'metric': 'euclidean', 'n_neighbors': 12, 'weights': 'uniform'}
060,4,0,71,359.46433782577515,{'leaf_size': 5, 'metric': 'euclidean', 'n_neighbors': 28, 'weights': 'uniform'}
030,3,0,74,420.30989599227905,{'leaf_size': 5, 'metric': 'euclidean', 'n_neighbors': 28, 'weights': 'distance'}
060,1,0,72,341.47223114967346,{'leaf_size': 5, 'metric': 'euclidean', 'n_neighbors': 28, 'weights': 'uniform'}
020,4,0,73,379.21150279045105,{'leaf_size': 5, 'metric': 'euclidean', 'n_neighbors': 18, 'weights': 'distance'}
060,0,0,71,349.69598960876465,{'leaf_size': 5, 'metric': 'euclidean', 'n_neighbors': 12, 'weights': 'uniform'}
060,2,0,70,377.6833953857422,{'leaf_size': 5, 'metric': 'euclidean', 'n_neighbors': 12, 'weights': 'distance'}
030,0,0,67,380.0369074344635,{'leaf_size': 5, 'metric': 'manhattan', 'n_neighbors': 18, 'weights': 'uniform'}
020,1,0,68,402.4755139350891,{'leaf_size': 5, 'metric': 'euclidean', 'n_neighbors': 12, 'weights': 'distance'}
100,0,0,50,331.3116936683655,{'leaf_size': 5, 'metric': 'euclidean', 'n_neighbors': 12, 'weights': 'uniform'}
030,4,0,70,388.51263070106506,{'leaf_size': 5, 'metric': 'euclidean', 'n_neighbors': 28, 'weights': 'distance'}
005,3,0,69,342.6720566749573,{'leaf_size': 5, 'metric': 'euclidean', 'n_neighbors': 12, 'weights': 'uniform'}
030,2,0,72,387.8574252128601,{'leaf_size': 5, 'metric': 'euclidean', 'n_neighbors': 18, 'weights': 'uniform'}
100,2,0,50,394.2452347278595,{'leaf_size': 5, 'metric': 'euclidean', 'n_neighbors': 28, 'weights': 'uniform'}
030,3,0,73,376.38689160346985,{'leaf_size': 5, 'metric': 'euclidean', 'n_neighbors': 18, 'weights': 'uniform'}
020,0,0,66,414.6562762260437,{'leaf_size': 5, 'metric': 'euclidean', 'n_neighbors': 12, 'weights': 'uniform'}
005,1,0,69,370.929740190506,{'leaf_size': 5, 'metric': 'euclidean', 'n_neighbors': 12, 'weights': 'uniform'}
020,1,0,67,398.997198343277,{'leaf_size': 5, 'metric': 'manhattan', 'n_neighbors': 12, 'weights': 'distance'}
010,4,0,72,375.87823367118835,{'leaf_size': 5, 'metric': 'euclidean', 'n_neighbors': 12, 'weights': 'uniform'}
005,2,0,61,365.547749042511,{'leaf_size': 5, 'metric': 'manhattan', 'n_neighbors': 18, 'weights': 'distance'}
010,3,0,62,399.7011616230011,{'leaf_size': 5, 'metric': 'euclidean', 'n_neighbors': 12, 'weights': 'distance'}
005,4,0,68,427.40336203575134,{'leaf_size': 5, 'metric': 'euclidean', 'n_neighbors': 12, 'weights': 'uniform'}
060,3,0,70,396.77593636512756,{'leaf_size': 5, 'metric': 'euclidean', 'n_neighbors': 18, 'weights': 'distance'}
010,0,0,69,394.7782597541809,{'leaf_size': 5, 'metric': 'euclidean', 'n_neighbors': 12, 'weights': 'distance'}
030,0,0,67,409.00083231925964,{'leaf_size': 5, 'metric': 'euclidean', 'n_neighbors': 18, 'weights': 'uniform'}
015,4,0,68,421.2789144515991,{'leaf_size': 5, 'metric': 'euclidean', 'n_neighbors': 12, 'weights': 'uniform'}
060,1,0,72,359.0170407295227,{'leaf_size': 5, 'metric': 'manhattan', 'n_neighbors': 18, 'weights': 'uniform'}
030,1,0,67,414.64141869544983,{'leaf_size': 5, 'metric': 'euclidean', 'n_neighbors': 18, 'weights': 'uniform'}
010,2,0,68,421.3989462852478,{'leaf_size': 5, 'metric': 'euclidean', 'n_neighbors': 28, 'weights': 'uniform'}
015,1,0,67,424.1459858417511,{'leaf_size': 5, 'metric': 'euclidean', 'n_neighbors': 12, 'weights': 'uniform'}
020,3,0,67,401.86269974708557,{'leaf_size': 5, 'metric': 'euclidean', 'n_neighbors': 18, 'weights': 'uniform'}
005,0,0,62,429.66272616386414,{'leaf_size': 5, 'metric': 'manhattan', 'n_neighbors': 12, 'weights': 'uniform'}
015,0,0,67,441.67998123168945,{'leaf_size': 5, 'metric': 'manhattan', 'n_neighbors': 12, 'weights': 'uniform'}
010,1,0,69,435.78112030029297,{'leaf_size': 5, 'metric': 'euclidean', 'n_neighbors': 28, 'weights': 'uniform'}
015,3,0,65,437.3093559741974,{'leaf_size': 5, 'metric': 'euclidean', 'n_neighbors': 18, 'weights': 'distance'}
020,4,0,72,404.7805526256561,{'leaf_size': 5, 'metric': 'euclidean', 'n_neighbors': 18, 'weights': 'uniform'}
015,2,0,72,447.8307247161865,{'leaf_size': 5, 'metric': 'euclidean', 'n_neighbors': 12, 'weights': 'uniform'}
030,4,0,69,422.5424418449402,{'leaf_size': 5, 'metric': 'euclidean', 'n_neighbors': 28, 'weights': 'uniform'}
100,0,0,51,392.4080693721771,{'leaf_size': 5, 'metric': 'euclidean', 'n_neighbors': 12, 'weights': 'uniform'}
020,2,0,70,397.5326495170593,{'leaf_size': 5, 'metric': 'euclidean', 'n_neighbors': 12, 'weights': 'distance'}
060,0,0,72,451.27235770225525,{'leaf_size': 5, 'metric': 'euclidean', 'n_neighbors': 18, 'weights': 'distance'}
060,2,0,69,356.6847357749939,{'leaf_size': 5, 'metric': 'euclidean', 'n_neighbors': 12, 'weights': 'uniform'}
060,4,0,70,424.68718099594116,{'leaf_size': 5, 'metric': 'euclidean', 'n_neighbors': 18, 'weights': 'uniform'}
100,4,0,60,379.1279830932617,{'leaf_size': 5, 'metric': 'euclidean', 'n_neighbors': 18, 'weights': 'distance'}
100,1,0,50,311.9144055843353,{'leaf_size': 5, 'metric': 'euclidean', 'n_neighbors': 18, 'weights': 'uniform'}
100,3,0,50,344.43185925483704,{'leaf_size': 5, 'metric': 'euclidean', 'n_neighbors': 18, 'weights': 'distance'}
005,3,0,69,332.2432749271393,{'leaf_size': 5, 'metric': 'euclidean', 'n_neighbors': 12, 'weights': 'uniform'}
010,2,0,66,321.0529417991638,{'leaf_size': 5, 'metric': 'euclidean', 'n_neighbors': 18, 'weights': 'uniform'}
005,0,0,62,327.1219902038574,{'leaf_size': 5, 'metric': 'euclidean', 'n_neighbors': 28, 'weights': 'uniform'}
005,2,0,64,316.3641355037689,{'leaf_size': 5, 'metric': 'euclidean', 'n_neighbors': 28, 'weights': 'uniform'}
010,0,0,68,319.570130109787,{'leaf_size': 5, 'metric': 'euclidean', 'n_neighbors': 28, 'weights': 'uniform'}
020,0,0,68,344.215149641037,{'leaf_size': 5, 'metric': 'euclidean', 'n_neighbors': 18, 'weights': 'distance'}
020,3,0,67,330.5068624019623,{'leaf_size': 5, 'metric': 'euclidean', 'n_neighbors': 18, 'weights': 'uniform'}
020,1,0,66,370.8879404067993,{'leaf_size': 5, 'metric': 'euclidean', 'n_neighbors': 18, 'weights': 'uniform'}
015,1,0,67,384.9916124343872,{'leaf_size': 5, 'metric': 'euclidean', 'n_neighbors': 12, 'weights': 'uniform'}
030,1,0,66,374.8451702594757,{'leaf_size': 5, 'metric': 'euclidean', 'n_neighbors': 12, 'weights': 'uniform'}
030,2,0,72,348.3364975452423,{'leaf_size': 5, 'metric': 'euclidean', 'n_neighbors': 28, 'weights': 'distance'}
020,2,0,67,404.6626625061035,{'leaf_size': 5, 'metric': 'manhattan', 'n_neighbors': 18, 'weights': 'uniform'}
010,4,0,72,391.87011337280273,{'leaf_size': 5, 'metric': 'euclidean', 'n_neighbors': 12, 'weights': 'uniform'}
010,1,0,69,423.9871075153351,{'leaf_size': 5, 'metric': 'euclidean', 'n_neighbors': 28, 'weights': 'uniform'}
060,2,0,69,323.3596017360687,{'leaf_size': 5, 'metric': 'euclidean', 'n_neighbors': 12, 'weights': 'uniform'}
015,0,0,70,461.8131182193756,{'leaf_size': 5, 'metric': 'euclidean', 'n_neighbors': 12, 'weights': 'uniform'}
060,1,0,72,343.98601508140564,{'leaf_size': 5, 'metric': 'euclidean', 'n_neighbors': 12, 'weights': 'uniform'}
030,3,0,72,380.05637383461,{'leaf_size': 5, 'metric': 'manhattan', 'n_neighbors': 18, 'weights': 'uniform'}
015,4,0,70,408.5687234401703,{'leaf_size': 5, 'metric': 'euclidean', 'n_neighbors': 28, 'weights': 'distance'}
060,0,0,72,406.3328492641449,{'leaf_size': 5, 'metric': 'euclidean', 'n_neighbors': 18, 'weights': 'distance'}
005,4,0,68,431.78071212768555,{'leaf_size': 5, 'metric': 'euclidean', 'n_neighbors': 12, 'weights': 'uniform'}
005,1,0,69,407.80568647384644,{'leaf_size': 5, 'metric': 'euclidean', 'n_neighbors': 12, 'weights': 'uniform'}
030,4,0,70,345.7377917766571,{'leaf_size': 5, 'metric': 'euclidean', 'n_neighbors': 18, 'weights': 'uniform'}
030,0,0,67,370.1832935810089,{'leaf_size': 5, 'metric': 'manhattan', 'n_neighbors': 18, 'weights': 'uniform'}
060,4,0,70,427.1140365600586,{'leaf_size': 5, 'metric': 'euclidean', 'n_neighbors': 18, 'weights': 'uniform'}
015,2,0,72,449.8891725540161,{'leaf_size': 5, 'metric': 'euclidean', 'n_neighbors': 12, 'weights': 'uniform'}
020,4,0,73,382.524409532547,{'leaf_size': 5, 'metric': 'euclidean', 'n_neighbors': 18, 'weights': 'distance'}
015,3,0,65,390.7208442687988,{'leaf_size': 5, 'metric': 'euclidean', 'n_neighbors': 18, 'weights': 'distance'}
010,3,0,61,438.46049451828003,{'leaf_size': 5, 'metric': 'euclidean', 'n_neighbors': 28, 'weights': 'uniform'}
100,0,0,50,309.4871129989624,{'leaf_size': 5, 'metric': 'euclidean', 'n_neighbors': 12, 'weights': 'uniform'}
060,3,0,70,369.6842532157898,{'leaf_size': 5, 'metric': 'euclidean', 'n_neighbors': 18, 'weights': 'distance'}
100,2,0,50,341.570919752121,{'leaf_size': 5, 'metric': 'euclidean', 'n_neighbors': 28, 'weights': 'distance'}
100,1,0,54,388.86616611480713,{'leaf_size': 5, 'metric': 'euclidean', 'n_neighbors': 12, 'weights': 'uniform'}
100,4,0,55,347.37401270866394,{'leaf_size': 5, 'metric': 'euclidean', 'n_neighbors': 18, 'weights': 'distance'}
100,3,0,60,365.782954454422,{'leaf_size': 5, 'metric': 'euclidean', 'n_neighbors': 28, 'weights': 'distance'}
020,1,0,66,233.37913250923157,{'leaf_size': 5, 'metric': 'manhattan', 'n_neighbors': 18, 'weights': 'uniform'}
005,0,0,60,266.6252541542053,{'leaf_size': 5, 'metric': 'euclidean', 'n_neighbors': 18, 'weights': 'uniform'}
010,1,0,69,266.89895820617676,{'leaf_size': 5, 'metric': 'euclidean', 'n_neighbors': 28, 'weights': 'uniform'}
010,2,0,66,280.0704026222229,{'leaf_size': 5, 'metric': 'euclidean', 'n_neighbors': 18, 'weights': 'uniform'}
020,3,0,67,287.7838132381439,{'leaf_size': 5, 'metric': 'euclidean', 'n_neighbors': 18, 'weights': 'uniform'}
005,4,0,68,300.1322748661041,{'leaf_size': 5, 'metric': 'euclidean', 'n_neighbors': 12, 'weights': 'uniform'}
005,3,0,69,319.8956139087677,{'leaf_size': 5, 'metric': 'euclidean', 'n_neighbors': 12, 'weights': 'uniform'}
015,3,0,64,330.7132089138031,{'leaf_size': 5, 'metric': 'euclidean', 'n_neighbors': 12, 'weights': 'uniform'}
020,2,0,70,349.8796317577362,{'leaf_size': 5, 'metric': 'euclidean', 'n_neighbors': 18, 'weights': 'distance'}
010,3,0,62,345.2690496444702,{'leaf_size': 5, 'metric': 'euclidean', 'n_neighbors': 12, 'weights': 'distance'}
030,3,0,71,349.00903844833374,{'leaf_size': 5, 'metric': 'manhattan', 'n_neighbors': 12, 'weights': 'uniform'}
020,0,0,65,359.7247142791748,{'leaf_size': 5, 'metric': 'manhattan', 'n_neighbors': 18, 'weights': 'distance'}
005,2,0,64,362.2340521812439,{'leaf_size': 5, 'metric': 'euclidean', 'n_neighbors': 28, 'weights': 'uniform'}
020,4,0,72,355.5605902671814,{'leaf_size': 5, 'metric': 'euclidean', 'n_neighbors': 18, 'weights': 'uniform'}
030,0,0,68,384.22119641304016,{'leaf_size': 5, 'metric': 'euclidean', 'n_neighbors': 12, 'weights': 'uniform'}
015,4,0,70,364.3282811641693,{'leaf_size': 5, 'metric': 'euclidean', 'n_neighbors': 28, 'weights': 'distance'}
060,1,0,72,367.79296827316284,{'leaf_size': 5, 'metric': 'manhattan', 'n_neighbors': 28, 'weights': 'uniform'}
015,1,0,67,380.8430337905884,{'leaf_size': 5, 'metric': 'euclidean', 'n_neighbors': 12, 'weights': 'uniform'}
100,2,0,50,384.6196982860565,{'leaf_size': 5, 'metric': 'manhattan', 'n_neighbors': 28, 'weights': 'uniform'}
010,4,0,72,386.05289101600647,{'leaf_size': 5, 'metric': 'euclidean', 'n_neighbors': 12, 'weights': 'uniform'}
010,0,0,66,392.3902897834778,{'leaf_size': 5, 'metric': 'euclidean', 'n_neighbors': 18, 'weights': 'uniform'}
100,3,0,57,395.6413109302521,{'leaf_size': 5, 'metric': 'euclidean', 'n_neighbors': 28, 'weights': 'uniform'}
015,2,0,72,387.2598006725311,{'leaf_size': 5, 'metric': 'euclidean', 'n_neighbors': 12, 'weights': 'uniform'}
100,1,0,56,367.1080946922302,{'leaf_size': 5, 'metric': 'euclidean', 'n_neighbors': 18, 'weights': 'uniform'}
005,1,0,68,404.4723262786865,{'leaf_size': 5, 'metric': 'euclidean', 'n_neighbors': 18, 'weights': 'uniform'}
030,1,0,68,396.7545762062073,{'leaf_size': 5, 'metric': 'euclidean', 'n_neighbors': 18, 'weights': 'distance'}
015,0,0,69,399.2770445346832,{'leaf_size': 5, 'metric': 'manhattan', 'n_neighbors': 18, 'weights': 'uniform'}
030,2,0,71,404.3967113494873,{'leaf_size': 5, 'metric': 'manhattan', 'n_neighbors': 28, 'weights': 'distance'}
030,4,0,70,399.31910395622253,{'leaf_size': 5, 'metric': 'euclidean', 'n_neighbors': 28, 'weights': 'distance'}
060,0,0,71,412.51195001602173,{'leaf_size': 5, 'metric': 'euclidean', 'n_neighbors': 12, 'weights': 'uniform'}
060,4,0,69,401.86021971702576,{'leaf_size': 5, 'metric': 'euclidean', 'n_neighbors': 12, 'weights': 'distance'}
060,3,0,70,358.48813247680664,{'leaf_size': 5, 'metric': 'euclidean', 'n_neighbors': 28, 'weights': 'uniform'}
100,0,0,50,411.6283483505249,{'leaf_size': 5, 'metric': 'euclidean', 'n_neighbors': 12, 'weights': 'distance'}
060,2,0,69,393.288298368454,{'leaf_size': 5, 'metric': 'euclidean', 'n_neighbors': 12, 'weights': 'uniform'}
100,4,0,50,413.3307538032532,{'leaf_size': 5, 'metric': 'euclidean', 'n_neighbors': 18, 'weights': 'uniform'}
020,1,0,66,275.5868008136749,{'leaf_size': 5, 'metric': 'manhattan', 'n_neighbors': 18, 'weights': 'uniform'}
030,0,0,67,325.9785635471344,{'leaf_size': 5, 'metric': 'euclidean', 'n_neighbors': 18, 'weights': 'uniform'}
005,2,0,65,342.66379499435425,{'leaf_size': 5, 'metric': 'euclidean', 'n_neighbors': 28, 'weights': 'distance'}
010,2,0,66,341.7674562931061,{'leaf_size': 5, 'metric': 'euclidean', 'n_neighbors': 12, 'weights': 'uniform'}
015,3,0,65,347.5098979473114,{'leaf_size': 5, 'metric': 'euclidean', 'n_neighbors': 18, 'weights': 'distance'}
010,3,0,60,364.3278822898865,{'leaf_size': 5, 'metric': 'euclidean', 'n_neighbors': 12, 'weights': 'uniform'}
020,0,0,66,338.87539291381836,{'leaf_size': 5, 'metric': 'euclidean', 'n_neighbors': 12, 'weights': 'distance'}
005,3,0,69,379.24556612968445,{'leaf_size': 5, 'metric': 'euclidean', 'n_neighbors': 12, 'weights': 'uniform'}
030,3,0,74,368.90532088279724,{'leaf_size': 5, 'metric': 'euclidean', 'n_neighbors': 28, 'weights': 'uniform'}
030,4,0,68,348.58134055137634,{'leaf_size': 5, 'metric': 'manhattan', 'n_neighbors': 28, 'weights': 'uniform'}
005,4,0,70,405.04156160354614,{'leaf_size': 5, 'metric': 'euclidean', 'n_neighbors': 28, 'weights': 'uniform'}
015,4,0,69,391.6202573776245,{'leaf_size': 5, 'metric': 'euclidean', 'n_neighbors': 28, 'weights': 'uniform'}
015,2,0,72,410.3815071582794,{'leaf_size': 5, 'metric': 'euclidean', 'n_neighbors': 12, 'weights': 'distance'}
010,1,0,68,384.2879753112793,{'leaf_size': 5, 'metric': 'euclidean', 'n_neighbors': 12, 'weights': 'uniform'}
030,1,0,66,407.7684106826782,{'leaf_size': 5, 'metric': 'euclidean', 'n_neighbors': 12, 'weights': 'uniform'}
010,0,0,69,423.3110635280609,{'leaf_size': 5, 'metric': 'euclidean', 'n_neighbors': 12, 'weights': 'distance'}
015,0,0,70,425.13114762306213,{'leaf_size': 5, 'metric': 'euclidean', 'n_neighbors': 12, 'weights': 'uniform'}
015,1,0,67,400.04433512687683,{'leaf_size': 5, 'metric': 'euclidean', 'n_neighbors': 18, 'weights': 'uniform'}
060,4,0,71,367.21970224380493,{'leaf_size': 5, 'metric': 'euclidean', 'n_neighbors': 28, 'weights': 'uniform'}
005,0,0,60,424.4916481971741,{'leaf_size': 5, 'metric': 'manhattan', 'n_neighbors': 18, 'weights': 'uniform'}
020,4,0,73,418.98354482650757,{'leaf_size': 5, 'metric': 'euclidean', 'n_neighbors': 18, 'weights': 'distance'}
010,4,0,72,404.7181305885315,{'leaf_size': 5, 'metric': 'euclidean', 'n_neighbors': 12, 'weights': 'uniform'}
005,1,0,68,437.38471698760986,{'leaf_size': 5, 'metric': 'euclidean', 'n_neighbors': 18, 'weights': 'uniform'}
060,1,0,71,444.15895438194275,{'leaf_size': 5, 'metric': 'euclidean', 'n_neighbors': 18, 'weights': 'uniform'}
060,0,0,71,420.2224659919739,{'leaf_size': 5, 'metric': 'euclidean', 'n_neighbors': 12, 'weights': 'uniform'}
030,2,0,73,364.4903964996338,{'leaf_size': 5, 'metric': 'euclidean', 'n_neighbors': 12, 'weights': 'uniform'}
060,3,0,70,371.5382285118103,{'leaf_size': 5, 'metric': 'euclidean', 'n_neighbors': 28, 'weights': 'uniform'}
020,2,0,69,414.86808800697327,{'leaf_size': 5, 'metric': 'euclidean', 'n_neighbors': 18, 'weights': 'uniform'}
020,3,0,67,445.05490016937256,{'leaf_size': 5, 'metric': 'euclidean', 'n_neighbors': 18, 'weights': 'uniform'}
100,2,0,50,372.4249224662781,{'leaf_size': 5, 'metric': 'euclidean', 'n_neighbors': 18, 'weights': 'uniform'}
100,0,0,50,424.1321246623993,{'leaf_size': 5, 'metric': 'euclidean', 'n_neighbors': 28, 'weights': 'distance'}
060,2,0,69,366.22313261032104,{'leaf_size': 5, 'metric': 'euclidean', 'n_neighbors': 12, 'weights': 'uniform'}
100,1,0,50,385.6147220134735,{'leaf_size': 5, 'metric': 'euclidean', 'n_neighbors': 18, 'weights': 'uniform'}
100,4,0,52,400.97602581977844,{'leaf_size': 5, 'metric': 'euclidean', 'n_neighbors': 18, 'weights': 'distance'}
100,3,0,56,357.84290194511414,{'leaf_size': 5, 'metric': 'euclidean', 'n_neighbors': 18, 'weights': 'uniform'}
005,4,0,68,256.7421429157257,{'leaf_size': 5, 'metric': 'euclidean', 'n_neighbors': 12, 'weights': 'uniform'}
010,1,0,70,330.1582090854645,{'leaf_size': 5, 'metric': 'euclidean', 'n_neighbors': 28, 'weights': 'distance'}
005,0,0,60,361.19476652145386,{'leaf_size': 5, 'metric': 'manhattan', 'n_neighbors': 18, 'weights': 'uniform'}
010,4,0,72,350.7544934749603,{'leaf_size': 5, 'metric': 'euclidean', 'n_neighbors': 12, 'weights': 'uniform'}
020,1,0,66,349.8611009120941,{'leaf_size': 5, 'metric': 'manhattan', 'n_neighbors': 18, 'weights': 'uniform'}
010,3,0,62,349.37853932380676,{'leaf_size': 5, 'metric': 'euclidean', 'n_neighbors': 28, 'weights': 'distance'}
015,0,0,68,338.9519965648651,{'leaf_size': 5, 'metric': 'euclidean', 'n_neighbors': 18, 'weights': 'uniform'}
020,0,0,65,345.38113498687744,{'leaf_size': 5, 'metric': 'manhattan', 'n_neighbors': 18, 'weights': 'distance'}
020,3,0,67,349.01878666877747,{'leaf_size': 5, 'metric': 'euclidean', 'n_neighbors': 18, 'weights': 'uniform'}
030,4,0,69,369.02009987831116,{'leaf_size': 5, 'metric': 'euclidean', 'n_neighbors': 12, 'weights': 'uniform'}
030,1,0,70,357.59052085876465,{'leaf_size': 5, 'metric': 'euclidean', 'n_neighbors': 28, 'weights': 'uniform'}
005,1,0,69,390.01718044281006,{'leaf_size': 5, 'metric': 'euclidean', 'n_neighbors': 12, 'weights': 'uniform'}
020,2,0,70,369.4521150588989,{'leaf_size': 5, 'metric': 'euclidean', 'n_neighbors': 18, 'weights': 'distance'}
020,4,0,72,390.7367877960205,{'leaf_size': 5, 'metric': 'euclidean', 'n_neighbors': 18, 'weights': 'uniform'}
010,0,0,66,372.03651428222656,{'leaf_size': 5, 'metric': 'euclidean', 'n_neighbors': 18, 'weights': 'uniform'}
015,4,0,70,402.02251148223877,{'leaf_size': 5, 'metric': 'euclidean', 'n_neighbors': 28, 'weights': 'distance'}
005,2,0,64,404.5579719543457,{'leaf_size': 5, 'metric': 'euclidean', 'n_neighbors': 28, 'weights': 'uniform'}
060,3,0,70,380.0453655719757,{'leaf_size': 5, 'metric': 'euclidean', 'n_neighbors': 12, 'weights': 'uniform'}
015,3,0,65,415.4922242164612,{'leaf_size': 5, 'metric': 'euclidean', 'n_neighbors': 18, 'weights': 'distance'}
010,2,0,66,406.6298725605011,{'leaf_size': 5, 'metric': 'euclidean', 'n_neighbors': 12, 'weights': 'uniform'}
005,3,0,69,413.9358756542206,{'leaf_size': 5, 'metric': 'euclidean', 'n_neighbors': 12, 'weights': 'uniform'}
030,0,0,66,407.0262281894684,{'leaf_size': 5, 'metric': 'manhattan', 'n_neighbors': 12, 'weights': 'uniform'}
100,4,0,54,375.5368549823761,{'leaf_size': 5, 'metric': 'euclidean', 'n_neighbors': 18, 'weights': 'uniform'}
015,2,0,72,435.43644976615906,{'leaf_size': 5, 'metric': 'euclidean', 'n_neighbors': 12, 'weights': 'distance'}
030,2,0,74,438.51523065567017,{'leaf_size': 5, 'metric': 'euclidean', 'n_neighbors': 12, 'weights': 'distance'}
060,1,0,72,406.972247838974,{'leaf_size': 5, 'metric': 'euclidean', 'n_neighbors': 28, 'weights': 'uniform'}
060,4,0,70,439.22872400283813,{'leaf_size': 5, 'metric': 'euclidean', 'n_neighbors': 18, 'weights': 'uniform'}
060,2,0,70,429.971727848053,{'leaf_size': 5, 'metric': 'manhattan', 'n_neighbors': 18, 'weights': 'uniform'}
100,2,0,50,381.12451124191284,{'leaf_size': 5, 'metric': 'manhattan', 'n_neighbors': 28, 'weights': 'uniform'}
015,1,0,67,414.5180130004883,{'leaf_size': 5, 'metric': 'euclidean', 'n_neighbors': 12, 'weights': 'uniform'}
060,0,0,71,420.28223872184753,{'leaf_size': 5, 'metric': 'euclidean', 'n_neighbors': 12, 'weights': 'uniform'}
100,3,0,53,347.2478139400482,{'leaf_size': 5, 'metric': 'euclidean', 'n_neighbors': 28, 'weights': 'distance'}
030,3,0,71,412.8803355693817,{'leaf_size': 5, 'metric': 'manhattan', 'n_neighbors': 12, 'weights': 'uniform'}
100,0,0,58,321.4159138202667,{'leaf_size': 5, 'metric': 'euclidean', 'n_neighbors': 12, 'weights': 'uniform'}
100,1,0,61,397.5581398010254,{'leaf_size': 5, 'metric': 'euclidean', 'n_neighbors': 12, 'weights': 'uniform'}
010,3,0,62,286.4862380027771,{'leaf_size': 5, 'metric': 'euclidean', 'n_neighbors': 28, 'weights': 'distance'}
005,2,0,66,302.1029574871063,{'leaf_size': 5, 'metric': 'euclidean', 'n_neighbors': 12, 'weights': 'distance'}
030,0,0,66,328.26450300216675,{'leaf_size': 5, 'metric': 'manhattan', 'n_neighbors': 12, 'weights': 'uniform'}
010,1,0,68,329.78860092163086,{'leaf_size': 5, 'metric': 'manhattan', 'n_neighbors': 12, 'weights': 'uniform'}
020,0,0,68,311.60820627212524,{'leaf_size': 5, 'metric': 'manhattan', 'n_neighbors': 12, 'weights': 'distance'}
015,4,0,69,323.7295117378235,{'leaf_size': 5, 'metric': 'euclidean', 'n_neighbors': 28, 'weights': 'uniform'}
015,1,0,67,363.56592321395874,{'leaf_size': 5, 'metric': 'euclidean', 'n_neighbors': 12, 'weights': 'uniform'}
010,0,0,69,367.1927025318146,{'leaf_size': 5, 'metric': 'euclidean', 'n_neighbors': 12, 'weights': 'distance'}
060,2,0,67,360.4885354042053,{'leaf_size': 5, 'metric': 'manhattan', 'n_neighbors': 12, 'weights': 'uniform'}
030,4,0,72,347.73567938804626,{'leaf_size': 5, 'metric': 'euclidean', 'n_neighbors': 18, 'weights': 'distance'}
020,1,0,66,383.5832886695862,{'leaf_size': 5, 'metric': 'euclidean', 'n_neighbors': 18, 'weights': 'distance'}
015,3,0,64,389.8284237384796,{'leaf_size': 5, 'metric': 'euclidean', 'n_neighbors': 12, 'weights': 'uniform'}
015,2,0,72,369.93164229393005,{'leaf_size': 5, 'metric': 'euclidean', 'n_neighbors': 12, 'weights': 'distance'}
005,1,0,68,410.02157068252563,{'leaf_size': 5, 'metric': 'euclidean', 'n_neighbors': 18, 'weights': 'uniform'}
020,3,0,65,360.9602081775665,{'leaf_size': 5, 'metric': 'manhattan', 'n_neighbors': 18, 'weights': 'uniform'}
010,4,0,72,377.23372054100037,{'leaf_size': 5, 'metric': 'euclidean', 'n_neighbors': 12, 'weights': 'uniform'}
005,0,0,60,436.6768808364868,{'leaf_size': 5, 'metric': 'manhattan', 'n_neighbors': 18, 'weights': 'uniform'}
020,4,0,73,377.93305921554565,{'leaf_size': 5, 'metric': 'euclidean', 'n_neighbors': 18, 'weights': 'distance'}
020,2,0,70,382.13927459716797,{'leaf_size': 5, 'metric': 'euclidean', 'n_neighbors': 18, 'weights': 'distance'}
005,4,0,69,428.26668667793274,{'leaf_size': 5, 'metric': 'euclidean', 'n_neighbors': 18, 'weights': 'uniform'}
005,3,0,69,410.27531695365906,{'leaf_size': 5, 'metric': 'euclidean', 'n_neighbors': 12, 'weights': 'uniform'}
060,0,0,71,395.74742221832275,{'leaf_size': 5, 'metric': 'euclidean', 'n_neighbors': 12, 'weights': 'uniform'}
100,3,0,50,379.50965785980225,{'leaf_size': 5, 'metric': 'euclidean', 'n_neighbors': 18, 'weights': 'uniform'}
030,2,0,73,413.68788409233093,{'leaf_size': 5, 'metric': 'euclidean', 'n_neighbors': 12, 'weights': 'uniform'}
100,4,0,52,351.00141525268555,{'leaf_size': 5, 'metric': 'euclidean', 'n_neighbors': 18, 'weights': 'distance'}
010,2,0,68,412.99963545799255,{'leaf_size': 5, 'metric': 'euclidean', 'n_neighbors': 28, 'weights': 'uniform'}
015,0,0,68,444.05652022361755,{'leaf_size': 5, 'metric': 'euclidean', 'n_neighbors': 18, 'weights': 'uniform'}
030,3,0,74,442.51397943496704,{'leaf_size': 5, 'metric': 'euclidean', 'n_neighbors': 28, 'weights': 'uniform'}
030,1,0,66,407.15588784217834,{'leaf_size': 5, 'metric': 'manhattan', 'n_neighbors': 18, 'weights': 'distance'}
100,2,0,50,317.08782052993774,{'leaf_size': 5, 'metric': 'euclidean', 'n_neighbors': 18, 'weights': 'uniform'}
060,4,0,70,355.0098717212677,{'leaf_size': 5, 'metric': 'euclidean', 'n_neighbors': 18, 'weights': 'distance'}
100,1,0,56,381.57457399368286,{'leaf_size': 5, 'metric': 'euclidean', 'n_neighbors': 18, 'weights': 'uniform'}
060,3,0,70,340.02795910835266,{'leaf_size': 5, 'metric': 'euclidean', 'n_neighbors': 18, 'weights': 'distance'}
100,0,0,55,342.27508640289307,{'leaf_size': 5, 'metric': 'euclidean', 'n_neighbors': 28, 'weights': 'uniform'}
060,1,0,72,290.11085391044617,{'leaf_size': 5, 'metric': 'manhattan', 'n_neighbors': 28, 'weights': 'uniform'}
