010,2,0,59,110.26673555374146,{'leaf_size': 5, 'metric': 'manhattan', 'n_neighbors': 10, 'weights': 'uniform'}
005,2,0,56,130.53616857528687,{'leaf_size': 5, 'metric': 'euclidean', 'n_neighbors': 7, 'weights': 'uniform'}
015,0,0,60,131.39118599891663,{'leaf_size': 5, 'metric': 'euclidean', 'n_neighbors': 9, 'weights': 'distance'}
005,3,0,61,147.5282232761383,{'leaf_size': 5, 'metric': 'euclidean', 'n_neighbors': 3, 'weights': 'uniform'}
030,0,0,61,114.82083797454834,{'leaf_size': 5, 'metric': 'euclidean', 'n_neighbors': 18, 'weights': 'uniform'}
020,0,0,61,141.73186111450195,{'leaf_size': 5, 'metric': 'euclidean', 'n_neighbors': 18, 'weights': 'uniform'}
030,2,0,60,124.95605564117432,{'leaf_size': 5, 'metric': 'manhattan', 'n_neighbors': 28, 'weights': 'uniform'}
005,0,0,54,171.6844882965088,{'leaf_size': 5, 'metric': 'euclidean', 'n_neighbors': 7, 'weights': 'uniform'}
010,0,0,49,162.25448441505432,{'leaf_size': 5, 'metric': 'manhattan', 'n_neighbors': 14, 'weights': 'uniform'}
005,1,0,57,175.0347752571106,{'leaf_size': 5, 'metric': 'euclidean', 'n_neighbors': 3, 'weights': 'uniform'}
015,1,0,62,167.74294757843018,{'leaf_size': 5, 'metric': 'euclidean', 'n_neighbors': 9, 'weights': 'distance'}
010,3,0,62,166.57201838493347,{'leaf_size': 5, 'metric': 'euclidean', 'n_neighbors': 14, 'weights': 'uniform'}
015,3,0,56,164.65422439575195,{'leaf_size': 5, 'metric': 'euclidean', 'n_neighbors': 15, 'weights': 'uniform'}
030,3,0,61,140.60062098503113,{'leaf_size': 5, 'metric': 'euclidean', 'n_neighbors': 28, 'weights': 'distance'}
010,1,0,53,177.54578185081482,{'leaf_size': 5, 'metric': 'euclidean', 'n_neighbors': 14, 'weights': 'uniform'}
020,3,0,57,167.04716181755066,{'leaf_size': 5, 'metric': 'euclidean', 'n_neighbors': 12, 'weights': 'uniform'}
015,4,0,58,173.19989132881165,{'leaf_size': 5, 'metric': 'manhattan', 'n_neighbors': 15, 'weights': 'uniform'}
020,2,0,61,186.15942406654358,{'leaf_size': 5, 'metric': 'manhattan', 'n_neighbors': 12, 'weights': 'uniform'}
020,1,0,60,191.05328130722046,{'leaf_size': 5, 'metric': 'euclidean', 'n_neighbors': 18, 'weights': 'uniform'}
020,4,0,60,185.45290279388428,{'leaf_size': 5, 'metric': 'manhattan', 'n_neighbors': 18, 'weights': 'uniform'}
015,2,0,59,188.34398913383484,{'leaf_size': 5, 'metric': 'euclidean', 'n_neighbors': 15, 'weights': 'uniform'}
100,0,0,58,85.05397367477417,{'leaf_size': 5, 'metric': 'euclidean', 'n_neighbors': 12, 'weights': 'uniform'}
060,3,0,60,167.1224148273468,{'leaf_size': 5, 'metric': 'euclidean', 'n_neighbors': 28, 'weights': 'uniform'}
030,1,0,60,172.9472393989563,{'leaf_size': 5, 'metric': 'manhattan', 'n_neighbors': 28, 'weights': 'uniform'}
010,4,0,62,193.38586354255676,{'leaf_size': 5, 'metric': 'manhattan', 'n_neighbors': 10, 'weights': 'uniform'}
100,2,0,62,112.90952801704407,{'leaf_size': 5, 'metric': 'manhattan', 'n_neighbors': 28, 'weights': 'uniform'}
060,2,0,63,142.3306257724762,{'leaf_size': 5, 'metric': 'euclidean', 'n_neighbors': 28, 'weights': 'uniform'}
060,1,0,60,140.50689125061035,{'leaf_size': 5, 'metric': 'euclidean', 'n_neighbors': 28, 'weights': 'distance'}
005,4,0,52,210.6470935344696,{'leaf_size': 5, 'metric': 'euclidean', 'n_neighbors': 5, 'weights': 'uniform'}
030,4,0,52,186.03106451034546,{'leaf_size': 5, 'metric': 'euclidean', 'n_neighbors': 18, 'weights': 'uniform'}
100,4,0,62,162.33879852294922,{'leaf_size': 5, 'metric': 'euclidean', 'n_neighbors': 28, 'weights': 'uniform'}
100,3,0,61,146.88796067237854,{'leaf_size': 5, 'metric': 'euclidean', 'n_neighbors': 18, 'weights': 'uniform'}
060,0,0,61,157.19006180763245,{'leaf_size': 5, 'metric': 'manhattan', 'n_neighbors': 28, 'weights': 'distance'}
060,4,0,60,165.69077515602112,{'leaf_size': 5, 'metric': 'euclidean', 'n_neighbors': 18, 'weights': 'distance'}
100,1,0,62,120.09888625144958,{'leaf_size': 5, 'metric': 'manhattan', 'n_neighbors': 28, 'weights': 'uniform'}
010,2,0,59,101.75368404388428,{'leaf_size': 5, 'metric': 'euclidean', 'n_neighbors': 6, 'weights': 'uniform'}
030,1,0,58,100.01184391975403,{'leaf_size': 5, 'metric': 'euclidean', 'n_neighbors': 28, 'weights': 'uniform'}
060,4,0,60,101.69054079055786,{'leaf_size': 5, 'metric': 'euclidean', 'n_neighbors': 18, 'weights': 'distance'}
030,2,0,60,123.18867373466492,{'leaf_size': 5, 'metric': 'euclidean', 'n_neighbors': 18, 'weights': 'uniform'}
020,3,0,60,133.41724395751953,{'leaf_size': 5, 'metric': 'euclidean', 'n_neighbors': 12, 'weights': 'distance'}
010,3,0,51,144.66291689872742,{'leaf_size': 5, 'metric': 'euclidean', 'n_neighbors': 10, 'weights': 'distance'}
020,4,0,60,143.94199991226196,{'leaf_size': 5, 'metric': 'euclidean', 'n_neighbors': 18, 'weights': 'distance'}
005,3,0,61,158.686119556427,{'leaf_size': 5, 'metric': 'euclidean', 'n_neighbors': 3, 'weights': 'uniform'}
015,2,0,59,147.09096384048462,{'leaf_size': 5, 'metric': 'euclidean', 'n_neighbors': 15, 'weights': 'uniform'}
005,0,0,54,164.36302733421326,{'leaf_size': 5, 'metric': 'euclidean', 'n_neighbors': 7, 'weights': 'uniform'}
005,4,0,53,166.0762996673584,{'leaf_size': 5, 'metric': 'euclidean', 'n_neighbors': 7, 'weights': 'uniform'}
015,3,0,59,160.03458499908447,{'leaf_size': 5, 'metric': 'euclidean', 'n_neighbors': 21, 'weights': 'uniform'}
020,1,0,64,155.70057249069214,{'leaf_size': 5, 'metric': 'euclidean', 'n_neighbors': 12, 'weights': 'uniform'}
060,3,0,60,125.7843132019043,{'leaf_size': 5, 'metric': 'euclidean', 'n_neighbors': 28, 'weights': 'uniform'}
010,0,0,49,164.49929070472717,{'leaf_size': 5, 'metric': 'manhattan', 'n_neighbors': 14, 'weights': 'uniform'}
015,4,0,61,157.77375650405884,{'leaf_size': 5, 'metric': 'euclidean', 'n_neighbors': 21, 'weights': 'uniform'}
020,0,0,60,158.66780376434326,{'leaf_size': 5, 'metric': 'manhattan', 'n_neighbors': 12, 'weights': 'uniform'}
015,1,0,62,174.70892906188965,{'leaf_size': 5, 'metric': 'euclidean', 'n_neighbors': 9, 'weights': 'distance'}
010,1,0,53,181.77300310134888,{'leaf_size': 5, 'metric': 'euclidean', 'n_neighbors': 14, 'weights': 'uniform'}
010,4,0,58,181.01981592178345,{'leaf_size': 5, 'metric': 'euclidean', 'n_neighbors': 10, 'weights': 'uniform'}
015,0,0,58,179.76190567016602,{'leaf_size': 5, 'metric': 'euclidean', 'n_neighbors': 15, 'weights': 'uniform'}
030,0,0,58,167.89747285842896,{'leaf_size': 5, 'metric': 'euclidean', 'n_neighbors': 12, 'weights': 'distance'}
020,2,0,62,177.59469079971313,{'leaf_size': 5, 'metric': 'manhattan', 'n_neighbors': 12, 'weights': 'distance'}
005,1,0,45,194.58842301368713,{'leaf_size': 5, 'metric': 'euclidean', 'n_neighbors': 7, 'weights': 'uniform'}
005,2,0,56,196.34756660461426,{'leaf_size': 5, 'metric': 'euclidean', 'n_neighbors': 7, 'weights': 'uniform'}
060,2,0,61,111.82559084892273,{'leaf_size': 5, 'metric': 'manhattan', 'n_neighbors': 18, 'weights': 'distance'}
030,3,0,61,160.38061046600342,{'leaf_size': 5, 'metric': 'euclidean', 'n_neighbors': 28, 'weights': 'distance'}
030,4,0,54,162.9507999420166,{'leaf_size': 5, 'metric': 'euclidean', 'n_neighbors': 12, 'weights': 'distance'}
100,1,0,64,105.079030752182,{'leaf_size': 5, 'metric': 'manhattan', 'n_neighbors': 18, 'weights': 'distance'}
060,1,0,61,127.038578748703,{'leaf_size': 5, 'metric': 'euclidean', 'n_neighbors': 18, 'weights': 'distance'}
100,2,0,61,95.28161120414734,{'leaf_size': 5, 'metric': 'euclidean', 'n_neighbors': 18, 'weights': 'distance'}
060,0,0,61,141.56989860534668,{'leaf_size': 5, 'metric': 'euclidean', 'n_neighbors': 28, 'weights': 'uniform'}
100,0,0,61,84.44928193092346,{'leaf_size': 5, 'metric': 'euclidean', 'n_neighbors': 18, 'weights': 'distance'}
100,4,0,61,102.74627089500427,{'leaf_size': 5, 'metric': 'euclidean', 'n_neighbors': 18, 'weights': 'distance'}
100,3,0,61,96.64009284973145,{'leaf_size': 5, 'metric': 'euclidean', 'n_neighbors': 28, 'weights': 'distance'}
010,1,0,53,119.79332566261292,{'leaf_size': 5, 'metric': 'euclidean', 'n_neighbors': 14, 'weights': 'uniform'}
020,1,0,60,125.71520495414734,{'leaf_size': 5, 'metric': 'euclidean', 'n_neighbors': 18, 'weights': 'uniform'}
020,3,0,57,124.81567239761353,{'leaf_size': 5, 'metric': 'euclidean', 'n_neighbors': 12, 'weights': 'uniform'}
005,4,0,53,157.03512382507324,{'leaf_size': 5, 'metric': 'euclidean', 'n_neighbors': 7, 'weights': 'uniform'}
015,0,0,59,149.1052405834198,{'leaf_size': 5, 'metric': 'manhattan', 'n_neighbors': 15, 'weights': 'distance'}
010,4,0,62,155.48930072784424,{'leaf_size': 5, 'metric': 'manhattan', 'n_neighbors': 10, 'weights': 'uniform'}
005,3,0,57,160.06739330291748,{'leaf_size': 5, 'metric': 'euclidean', 'n_neighbors': 7, 'weights': 'distance'}
010,2,0,60,156.99096632003784,{'leaf_size': 5, 'metric': 'manhattan', 'n_neighbors': 6, 'weights': 'distance'}
005,2,0,56,162.8318521976471,{'leaf_size': 5, 'metric': 'manhattan', 'n_neighbors': 3, 'weights': 'uniform'}
030,2,0,60,123.24114632606506,{'leaf_size': 5, 'metric': 'manhattan', 'n_neighbors': 28, 'weights': 'uniform'}
005,0,0,62,164.61055970191956,{'leaf_size': 5, 'metric': 'euclidean', 'n_neighbors': 3, 'weights': 'uniform'}
015,1,0,62,158.82009077072144,{'leaf_size': 5, 'metric': 'euclidean', 'n_neighbors': 9, 'weights': 'uniform'}
060,1,0,58,108.57665848731995,{'leaf_size': 5, 'metric': 'euclidean', 'n_neighbors': 28, 'weights': 'uniform'}
020,0,0,60,154.76056146621704,{'leaf_size': 5, 'metric': 'euclidean', 'n_neighbors': 12, 'weights': 'uniform'}
015,3,0,59,167.97579669952393,{'leaf_size': 5, 'metric': 'euclidean', 'n_neighbors': 21, 'weights': 'uniform'}
020,4,0,62,153.31687998771667,{'leaf_size': 5, 'metric': 'euclidean', 'n_neighbors': 18, 'weights': 'uniform'}
060,0,0,62,120.02490544319153,{'leaf_size': 5, 'metric': 'euclidean', 'n_neighbors': 28, 'weights': 'distance'}
020,2,0,61,169.74038243293762,{'leaf_size': 5, 'metric': 'euclidean', 'n_neighbors': 18, 'weights': 'uniform'}
030,4,0,52,150.80895400047302,{'leaf_size': 5, 'metric': 'euclidean', 'n_neighbors': 18, 'weights': 'uniform'}
015,2,0,59,165.56463479995728,{'leaf_size': 5, 'metric': 'euclidean', 'n_neighbors': 15, 'weights': 'uniform'}
015,4,0,61,174.9074568748474,{'leaf_size': 5, 'metric': 'euclidean', 'n_neighbors': 21, 'weights': 'uniform'}
005,1,0,45,186.57861018180847,{'leaf_size': 5, 'metric': 'euclidean', 'n_neighbors': 7, 'weights': 'uniform'}
030,1,0,60,150.3044319152832,{'leaf_size': 5, 'metric': 'manhattan', 'n_neighbors': 28, 'weights': 'uniform'}
030,0,0,58,164.79291319847107,{'leaf_size': 5, 'metric': 'euclidean', 'n_neighbors': 12, 'weights': 'uniform'}
010,0,0,50,183.3728575706482,{'leaf_size': 5, 'metric': 'euclidean', 'n_neighbors': 10, 'weights': 'uniform'}
030,3,0,62,172.50369930267334,{'leaf_size': 5, 'metric': 'euclidean', 'n_neighbors': 18, 'weights': 'uniform'}
100,0,0,63,142.29210877418518,{'leaf_size': 5, 'metric': 'manhattan', 'n_neighbors': 18, 'weights': 'uniform'}
100,2,0,64,117.22538375854492,{'leaf_size': 5, 'metric': 'manhattan', 'n_neighbors': 18, 'weights': 'distance'}
100,4,0,61,100.91135954856873,{'leaf_size': 5, 'metric': 'euclidean', 'n_neighbors': 18, 'weights': 'distance'}
010,3,0,61,200.69531798362732,{'leaf_size': 5, 'metric': 'manhattan', 'n_neighbors': 14, 'weights': 'uniform'}
060,2,0,60,122.44532322883606,{'leaf_size': 5, 'metric': 'manhattan', 'n_neighbors': 28, 'weights': 'distance'}
100,3,0,62,69.6765341758728,{'leaf_size': 5, 'metric': 'manhattan', 'n_neighbors': 28, 'weights': 'uniform'}
060,4,0,57,121.46701216697693,{'leaf_size': 5, 'metric': 'euclidean', 'n_neighbors': 12, 'weights': 'uniform'}
060,3,0,60,143.91878414154053,{'leaf_size': 5, 'metric': 'euclidean', 'n_neighbors': 28, 'weights': 'uniform'}
100,1,0,62,95.9572913646698,{'leaf_size': 5, 'metric': 'manhattan', 'n_neighbors': 28, 'weights': 'uniform'}
010,3,0,61,110.50528383255005,{'leaf_size': 5, 'metric': 'manhattan', 'n_neighbors': 14, 'weights': 'uniform'}
010,1,0,54,110.79873204231262,{'leaf_size': 5, 'metric': 'euclidean', 'n_neighbors': 10, 'weights': 'distance'}
030,2,0,60,104.06485939025879,{'leaf_size': 5, 'metric': 'manhattan', 'n_neighbors': 28, 'weights': 'uniform'}
030,3,0,60,125.47818684577942,{'leaf_size': 5, 'metric': 'euclidean', 'n_neighbors': 12, 'weights': 'uniform'}
015,2,0,61,147.14020824432373,{'leaf_size': 5, 'metric': 'euclidean', 'n_neighbors': 21, 'weights': 'distance'}
010,2,0,59,151.95299339294434,{'leaf_size': 5, 'metric': 'euclidean', 'n_neighbors': 6, 'weights': 'distance'}
010,4,0,58,152.52065467834473,{'leaf_size': 5, 'metric': 'euclidean', 'n_neighbors': 6, 'weights': 'uniform'}
020,0,0,60,138.3579273223877,{'leaf_size': 5, 'metric': 'manhattan', 'n_neighbors': 12, 'weights': 'uniform'}
005,2,0,56,162.9973964691162,{'leaf_size': 5, 'metric': 'euclidean', 'n_neighbors': 7, 'weights': 'uniform'}
005,3,0,61,175.4925696849823,{'leaf_size': 5, 'metric': 'euclidean', 'n_neighbors': 3, 'weights': 'uniform'}
015,3,0,56,154.58966946601868,{'leaf_size': 5, 'metric': 'manhattan', 'n_neighbors': 21, 'weights': 'uniform'}
030,4,0,54,128.75339078903198,{'leaf_size': 5, 'metric': 'euclidean', 'n_neighbors': 12, 'weights': 'distance'}
015,4,0,61,157.43693566322327,{'leaf_size': 5, 'metric': 'euclidean', 'n_neighbors': 21, 'weights': 'uniform'}
100,3,0,64,101.79952764511108,{'leaf_size': 5, 'metric': 'manhattan', 'n_neighbors': 18, 'weights': 'distance'}
005,4,0,52,179.52985954284668,{'leaf_size': 5, 'metric': 'euclidean', 'n_neighbors': 5, 'weights': 'uniform'}
030,0,0,61,155.79271483421326,{'leaf_size': 5, 'metric': 'euclidean', 'n_neighbors': 18, 'weights': 'uniform'}
020,2,0,62,165.11788392066956,{'leaf_size': 5, 'metric': 'euclidean', 'n_neighbors': 18, 'weights': 'distance'}
005,0,0,63,184.03670692443848,{'leaf_size': 5, 'metric': 'manhattan', 'n_neighbors': 3, 'weights': 'uniform'}
010,0,0,50,177.54041743278503,{'leaf_size': 5, 'metric': 'euclidean', 'n_neighbors': 14, 'weights': 'uniform'}
020,3,0,59,180.27073407173157,{'leaf_size': 5, 'metric': 'euclidean', 'n_neighbors': 18, 'weights': 'distance'}
100,4,0,64,124.69195771217346,{'leaf_size': 5, 'metric': 'manhattan', 'n_neighbors': 18, 'weights': 'distance'}
005,1,0,45,199.1519913673401,{'leaf_size': 5, 'metric': 'euclidean', 'n_neighbors': 7, 'weights': 'uniform'}
020,4,0,60,183.16725134849548,{'leaf_size': 5, 'metric': 'euclidean', 'n_neighbors': 18, 'weights': 'distance'}
030,1,0,60,171.71131563186646,{'leaf_size': 5, 'metric': 'manhattan', 'n_neighbors': 28, 'weights': 'uniform'}
020,1,0,60,187.3214910030365,{'leaf_size': 5, 'metric': 'euclidean', 'n_neighbors': 18, 'weights': 'uniform'}
100,2,0,62,158.33494305610657,{'leaf_size': 5, 'metric': 'manhattan', 'n_neighbors': 28, 'weights': 'uniform'}
015,0,0,60,190.57134199142456,{'leaf_size': 5, 'metric': 'manhattan', 'n_neighbors': 9, 'weights': 'distance'}
060,1,0,60,151.3002483844757,{'leaf_size': 5, 'metric': 'manhattan', 'n_neighbors': 18, 'weights': 'uniform'}
060,3,0,61,156.96278762817383,{'leaf_size': 5, 'metric': 'euclidean', 'n_neighbors': 28, 'weights': 'distance'}
100,1,0,63,131.73761415481567,{'leaf_size': 5, 'metric': 'manhattan', 'n_neighbors': 18, 'weights': 'uniform'}
015,1,0,52,203.01706504821777,{'leaf_size': 5, 'metric': 'manhattan', 'n_neighbors': 21, 'weights': 'uniform'}
060,2,0,59,148.17514157295227,{'leaf_size': 5, 'metric': 'manhattan', 'n_neighbors': 18, 'weights': 'uniform'}
060,4,0,60,158.63492131233215,{'leaf_size': 5, 'metric': 'euclidean', 'n_neighbors': 18, 'weights': 'distance'}
060,0,0,61,151.93623733520508,{'leaf_size': 5, 'metric': 'euclidean', 'n_neighbors': 28, 'weights': 'uniform'}
100,0,0,62,108.8100004196167,{'leaf_size': 5, 'metric': 'manhattan', 'n_neighbors': 28, 'weights': 'uniform'}
005,2,0,56,119.5066556930542,{'leaf_size': 5, 'metric': 'manhattan', 'n_neighbors': 3, 'weights': 'uniform'}
005,3,0,61,118.400723695755,{'leaf_size': 5, 'metric': 'euclidean', 'n_neighbors': 3, 'weights': 'uniform'}
015,4,0,61,113.81885313987732,{'leaf_size': 5, 'metric': 'euclidean', 'n_neighbors': 21, 'weights': 'uniform'}
020,0,0,60,105.49379539489746,{'leaf_size': 5, 'metric': 'euclidean', 'n_neighbors': 12, 'weights': 'uniform'}
030,3,0,66,115.53868985176086,{'leaf_size': 5, 'metric': 'manhattan', 'n_neighbors': 18, 'weights': 'distance'}
015,2,0,61,128.46920680999756,{'leaf_size': 5, 'metric': 'euclidean', 'n_neighbors': 21, 'weights': 'distance'}
020,2,0,62,127.56989669799805,{'leaf_size': 5, 'metric': 'euclidean', 'n_neighbors': 18, 'weights': 'distance'}
020,3,0,63,151.2563066482544,{'leaf_size': 5, 'metric': 'euclidean', 'n_neighbors': 28, 'weights': 'distance'}
030,0,0,63,124.37393617630005,{'leaf_size': 5, 'metric': 'manhattan', 'n_neighbors': 28, 'weights': 'distance'}
005,1,0,57,162.2812705039978,{'leaf_size': 5, 'metric': 'euclidean', 'n_neighbors': 3, 'weights': 'uniform'}
010,1,0,52,158.39299368858337,{'leaf_size': 5, 'metric': 'euclidean', 'n_neighbors': 6, 'weights': 'uniform'}
015,0,0,59,142.4430763721466,{'leaf_size': 5, 'metric': 'manhattan', 'n_neighbors': 15, 'weights': 'distance'}
005,4,0,50,163.47300839424133,{'leaf_size': 5, 'metric': 'manhattan', 'n_neighbors': 7, 'weights': 'uniform'}
030,4,0,57,130.78008222579956,{'leaf_size': 5, 'metric': 'euclidean', 'n_neighbors': 28, 'weights': 'uniform'}
060,2,0,61,123.12822103500366,{'leaf_size': 5, 'metric': 'manhattan', 'n_neighbors': 18, 'weights': 'distance'}
020,4,0,60,161.85688400268555,{'leaf_size': 5, 'metric': 'euclidean', 'n_neighbors': 18, 'weights': 'distance'}
010,0,0,48,181.2477240562439,{'leaf_size': 5, 'metric': 'manhattan', 'n_neighbors': 6, 'weights': 'uniform'}
010,3,0,59,174.48314833641052,{'leaf_size': 5, 'metric': 'euclidean', 'n_neighbors': 14, 'weights': 'distance'}
015,1,0,62,169.59596920013428,{'leaf_size': 5, 'metric': 'euclidean', 'n_neighbors': 9, 'weights': 'uniform'}
015,3,0,59,168.57118368148804,{'leaf_size': 5, 'metric': 'euclidean', 'n_neighbors': 21, 'weights': 'uniform'}
020,1,0,60,166.8991184234619,{'leaf_size': 5, 'metric': 'euclidean', 'n_neighbors': 18, 'weights': 'uniform'}
005,0,0,62,185.60254096984863,{'leaf_size': 5, 'metric': 'euclidean', 'n_neighbors': 3, 'weights': 'uniform'}
100,2,0,62,101.64561009407043,{'leaf_size': 5, 'metric': 'manhattan', 'n_neighbors': 28, 'weights': 'distance'}
030,2,0,61,169.84276723861694,{'leaf_size': 5, 'metric': 'manhattan', 'n_neighbors': 18, 'weights': 'uniform'}
010,4,0,62,185.37754940986633,{'leaf_size': 5, 'metric': 'manhattan', 'n_neighbors': 10, 'weights': 'uniform'}
010,2,0,64,193.52618288993835,{'leaf_size': 5, 'metric': 'manhattan', 'n_neighbors': 10, 'weights': 'distance'}
030,1,0,58,174.96839809417725,{'leaf_size': 5, 'metric': 'euclidean', 'n_neighbors': 28, 'weights': 'uniform'}
060,4,0,54,112.06198263168335,{'leaf_size': 5, 'metric': 'manhattan', 'n_neighbors': 12, 'weights': 'distance'}
060,0,0,61,143.44209384918213,{'leaf_size': 5, 'metric': 'euclidean', 'n_neighbors': 28, 'weights': 'uniform'}
060,1,0,60,157.38023257255554,{'leaf_size': 5, 'metric': 'euclidean', 'n_neighbors': 28, 'weights': 'distance'}
060,3,0,61,161.3955180644989,{'leaf_size': 5, 'metric': 'euclidean', 'n_neighbors': 28, 'weights': 'distance'}
100,1,0,62,163.83728671073914,{'leaf_size': 5, 'metric': 'manhattan', 'n_neighbors': 28, 'weights': 'distance'}
100,0,0,61,118.49863648414612,{'leaf_size': 5, 'metric': 'euclidean', 'n_neighbors': 18, 'weights': 'distance'}
100,4,0,62,97.01188611984253,{'leaf_size': 5, 'metric': 'manhattan', 'n_neighbors': 28, 'weights': 'distance'}
100,3,0,61,98.41225790977478,{'leaf_size': 5, 'metric': 'euclidean', 'n_neighbors': 18, 'weights': 'distance'}
005,0,0,54,105.58626580238342,{'leaf_size': 5, 'metric': 'euclidean', 'n_neighbors': 7, 'weights': 'uniform'}
015,0,0,60,129.1059808731079,{'leaf_size': 5, 'metric': 'manhattan', 'n_neighbors': 9, 'weights': 'distance'}
020,2,0,61,121.47528648376465,{'leaf_size': 5, 'metric': 'manhattan', 'n_neighbors': 12, 'weights': 'uniform'}
005,3,0,61,152.0953013896942,{'leaf_size': 5, 'metric': 'euclidean', 'n_neighbors': 3, 'weights': 'uniform'}
010,0,0,50,142.61194801330566,{'leaf_size': 5, 'metric': 'euclidean', 'n_neighbors': 10, 'weights': 'uniform'}
015,2,0,62,143.63369870185852,{'leaf_size': 5, 'metric': 'manhattan', 'n_neighbors': 21, 'weights': 'distance'}
030,4,0,57,137.60973620414734,{'leaf_size': 5, 'metric': 'euclidean', 'n_neighbors': 28, 'weights': 'uniform'}
010,2,0,61,146.2982575893402,{'leaf_size': 5, 'metric': 'euclidean', 'n_neighbors': 14, 'weights': 'distance'}
005,4,0,52,156.79143595695496,{'leaf_size': 5, 'metric': 'euclidean', 'n_neighbors': 5, 'weights': 'uniform'}
015,3,0,56,144.548433303833,{'leaf_size': 5, 'metric': 'euclidean', 'n_neighbors': 15, 'weights': 'uniform'}
005,1,0,57,159.08990478515625,{'leaf_size': 5, 'metric': 'euclidean', 'n_neighbors': 3, 'weights': 'uniform'}
010,4,0,57,153.51845240592957,{'leaf_size': 5, 'metric': 'euclidean', 'n_neighbors': 10, 'weights': 'distance'}
010,1,0,52,155.06487154960632,{'leaf_size': 5, 'metric': 'euclidean', 'n_neighbors': 6, 'weights': 'uniform'}
020,3,0,60,135.3882601261139,{'leaf_size': 5, 'metric': 'euclidean', 'n_neighbors': 12, 'weights': 'distance'}
015,4,0,61,151.3559284210205,{'leaf_size': 5, 'metric': 'manhattan', 'n_neighbors': 21, 'weights': 'uniform'}
060,2,0,63,103.56202173233032,{'leaf_size': 5, 'metric': 'euclidean', 'n_neighbors': 28, 'weights': 'uniform'}
020,1,0,61,143.65879344940186,{'leaf_size': 5, 'metric': 'euclidean', 'n_neighbors': 18, 'weights': 'distance'}
015,1,0,62,167.11569333076477,{'leaf_size': 5, 'metric': 'euclidean', 'n_neighbors': 21, 'weights': 'distance'}
020,0,0,60,151.05382227897644,{'leaf_size': 5, 'metric': 'euclidean', 'n_neighbors': 12, 'weights': 'uniform'}
005,2,0,56,175.60882806777954,{'leaf_size': 5, 'metric': 'manhattan', 'n_neighbors': 3, 'weights': 'uniform'}
020,4,0,60,162.52371096611023,{'leaf_size': 5, 'metric': 'euclidean', 'n_neighbors': 18, 'weights': 'distance'}
030,2,0,60,159.7904725074768,{'leaf_size': 5, 'metric': 'euclidean', 'n_neighbors': 18, 'weights': 'uniform'}
100,4,0,62,142.81633138656616,{'leaf_size': 5, 'metric': 'manhattan', 'n_neighbors': 28, 'weights': 'distance'}
100,0,0,62,104.2219660282135,{'leaf_size': 5, 'metric': 'manhattan', 'n_neighbors': 28, 'weights': 'uniform'}
100,1,0,61,100.08671712875366,{'leaf_size': 5, 'metric': 'euclidean', 'n_neighbors': 18, 'weights': 'uniform'}
060,3,0,60,158.4933784008026,{'leaf_size': 5, 'metric': 'euclidean', 'n_neighbors': 28, 'weights': 'uniform'}
030,0,0,63,169.30830764770508,{'leaf_size': 5, 'metric': 'manhattan', 'n_neighbors': 28, 'weights': 'distance'}
100,2,0,62,91.57405543327332,{'leaf_size': 5, 'metric': 'manhattan', 'n_neighbors': 12, 'weights': 'distance'}
010,3,0,52,204.51382279396057,{'leaf_size': 5, 'metric': 'euclidean', 'n_neighbors': 10, 'weights': 'uniform'}
060,0,0,63,145.89427495002747,{'leaf_size': 5, 'metric': 'manhattan', 'n_neighbors': 28, 'weights': 'uniform'}
030,1,0,60,171.85897707939148,{'leaf_size': 5, 'metric': 'manhattan', 'n_neighbors': 28, 'weights': 'uniform'}
030,3,0,62,188.561696767807,{'leaf_size': 5, 'metric': 'euclidean', 'n_neighbors': 28, 'weights': 'uniform'}
060,4,0,54,153.4830198287964,{'leaf_size': 5, 'metric': 'manhattan', 'n_neighbors': 12, 'weights': 'distance'}
060,1,0,62,165.4274137020111,{'leaf_size': 5, 'metric': 'manhattan', 'n_neighbors': 28, 'weights': 'distance'}
100,3,0,61,84.67106223106384,{'leaf_size': 5, 'metric': 'euclidean', 'n_neighbors': 18, 'weights': 'distance'}
005,1,0,45,126.73811721801758,{'leaf_size': 5, 'metric': 'euclidean', 'n_neighbors': 7, 'weights': 'uniform'}
020,0,0,62,122.54594016075134,{'leaf_size': 5, 'metric': 'manhattan', 'n_neighbors': 18, 'weights': 'uniform'}
015,2,0,62,140.13130807876587,{'leaf_size': 5, 'metric': 'manhattan', 'n_neighbors': 21, 'weights': 'distance'}
020,1,0,62,124.05422163009644,{'leaf_size': 5, 'metric': 'euclidean', 'n_neighbors': 12, 'weights': 'distance'}
005,4,0,52,151.45807766914368,{'leaf_size': 5, 'metric': 'euclidean', 'n_neighbors': 5, 'weights': 'uniform'}
005,0,0,54,162.64515948295593,{'leaf_size': 5, 'metric': 'euclidean', 'n_neighbors': 7, 'weights': 'uniform'}
015,3,0,59,150.38825178146362,{'leaf_size': 5, 'metric': 'euclidean', 'n_neighbors': 21, 'weights': 'uniform'}
015,0,0,60,146.99362182617188,{'leaf_size': 5, 'metric': 'manhattan', 'n_neighbors': 9, 'weights': 'distance'}
010,1,0,54,155.23170804977417,{'leaf_size': 5, 'metric': 'euclidean', 'n_neighbors': 10, 'weights': 'uniform'}
020,2,0,61,141.04549622535706,{'leaf_size': 5, 'metric': 'manhattan', 'n_neighbors': 12, 'weights': 'uniform'}
030,4,0,55,151.51147079467773,{'leaf_size': 5, 'metric': 'euclidean', 'n_neighbors': 12, 'weights': 'uniform'}
020,3,0,60,150.84625506401062,{'leaf_size': 5, 'metric': 'euclidean', 'n_neighbors': 12, 'weights': 'distance'}
005,3,0,61,173.45011806488037,{'leaf_size': 5, 'metric': 'euclidean', 'n_neighbors': 3, 'weights': 'uniform'}
030,2,0,61,148.3482472896576,{'leaf_size': 5, 'metric': 'euclidean', 'n_neighbors': 18, 'weights': 'distance'}
010,3,0,46,175.00344729423523,{'leaf_size': 5, 'metric': 'manhattan', 'n_neighbors': 6, 'weights': 'distance'}
010,2,0,59,174.20040917396545,{'leaf_size': 5, 'metric': 'euclidean', 'n_neighbors': 6, 'weights': 'distance'}
010,0,0,50,172.89034390449524,{'leaf_size': 5, 'metric': 'euclidean', 'n_neighbors': 14, 'weights': 'uniform'}
060,1,0,62,139.06263875961304,{'leaf_size': 5, 'metric': 'manhattan', 'n_neighbors': 28, 'weights': 'distance'}
030,1,0,58,164.53145027160645,{'leaf_size': 5, 'metric': 'euclidean', 'n_neighbors': 28, 'weights': 'uniform'}
015,4,0,58,176.99206471443176,{'leaf_size': 5, 'metric': 'manhattan', 'n_neighbors': 9, 'weights': 'uniform'}
030,0,0,63,169.59867238998413,{'leaf_size': 5, 'metric': 'euclidean', 'n_neighbors': 28, 'weights': 'distance'}
015,1,0,62,187.73146605491638,{'leaf_size': 5, 'metric': 'manhattan', 'n_neighbors': 21, 'weights': 'distance'}
020,4,0,60,172.23766899108887,{'leaf_size': 5, 'metric': 'euclidean', 'n_neighbors': 18, 'weights': 'distance'}
030,3,0,61,158.17713475227356,{'leaf_size': 5, 'metric': 'euclidean', 'n_neighbors': 12, 'weights': 'distance'}
005,2,0,56,196.61749577522278,{'leaf_size': 5, 'metric': 'euclidean', 'n_neighbors': 7, 'weights': 'uniform'}
060,0,0,61,124.23234677314758,{'leaf_size': 5, 'metric': 'manhattan', 'n_neighbors': 28, 'weights': 'distance'}
010,4,0,58,200.65596461296082,{'leaf_size': 5, 'metric': 'euclidean', 'n_neighbors': 10, 'weights': 'uniform'}
100,4,0,61,90.04981851577759,{'leaf_size': 5, 'metric': 'euclidean', 'n_neighbors': 18, 'weights': 'distance'}
100,2,0,64,85.94864892959595,{'leaf_size': 5, 'metric': 'manhattan', 'n_neighbors': 18, 'weights': 'distance'}
100,0,0,61,88.300053358078,{'leaf_size': 5, 'metric': 'euclidean', 'n_neighbors': 18, 'weights': 'uniform'}
060,2,0,62,177.73848724365234,{'leaf_size': 5, 'metric': 'euclidean', 'n_neighbors': 28, 'weights': 'distance'}
060,3,0,60,159.13168382644653,{'leaf_size': 5, 'metric': 'euclidean', 'n_neighbors': 18, 'weights': 'uniform'}
100,3,0,61,105.11125111579895,{'leaf_size': 5, 'metric': 'euclidean', 'n_neighbors': 18, 'weights': 'uniform'}
100,1,0,61,94.46356391906738,{'leaf_size': 5, 'metric': 'euclidean', 'n_neighbors': 18, 'weights': 'distance'}
060,4,0,60,140.92394828796387,{'leaf_size': 5, 'metric': 'euclidean', 'n_neighbors': 28, 'weights': 'distance'}
010,2,0,59,108.05691361427307,{'leaf_size': 5, 'metric': 'euclidean', 'n_neighbors': 6, 'weights': 'distance'}
030,0,0,63,106.44639897346497,{'leaf_size': 5, 'metric': 'euclidean', 'n_neighbors': 28, 'weights': 'distance'}
010,1,0,56,113.31506943702698,{'leaf_size': 5, 'metric': 'manhattan', 'n_neighbors': 6, 'weights': 'uniform'}
005,3,0,61,125.57095265388489,{'leaf_size': 5, 'metric': 'euclidean', 'n_neighbors': 3, 'weights': 'uniform'}
005,4,0,52,127.8062915802002,{'leaf_size': 5, 'metric': 'euclidean', 'n_neighbors': 5, 'weights': 'uniform'}
020,3,0,59,119.11742997169495,{'leaf_size': 5, 'metric': 'euclidean', 'n_neighbors': 18, 'weights': 'distance'}
030,1,0,60,120.28549027442932,{'leaf_size': 5, 'metric': 'manhattan', 'n_neighbors': 28, 'weights': 'uniform'}
010,4,0,62,131.80833745002747,{'leaf_size': 5, 'metric': 'manhattan', 'n_neighbors': 10, 'weights': 'uniform'}
060,1,0,61,131.96125435829163,{'leaf_size': 5, 'metric': 'euclidean', 'n_neighbors': 18, 'weights': 'distance'}
015,0,0,60,156.92757081985474,{'leaf_size': 5, 'metric': 'manhattan', 'n_neighbors': 9, 'weights': 'distance'}
015,3,0,59,163.65148186683655,{'leaf_size': 5, 'metric': 'euclidean', 'n_neighbors': 21, 'weights': 'uniform'}
010,0,0,50,173.38919830322266,{'leaf_size': 5, 'metric': 'euclidean', 'n_neighbors': 14, 'weights': 'uniform'}
005,0,0,54,172.734313249588,{'leaf_size': 5, 'metric': 'euclidean', 'n_neighbors': 7, 'weights': 'uniform'}
005,2,0,56,182.91618943214417,{'leaf_size': 5, 'metric': 'euclidean', 'n_neighbors': 7, 'weights': 'uniform'}
015,4,0,58,161.07311153411865,{'leaf_size': 5, 'metric': 'manhattan', 'n_neighbors': 9, 'weights': 'uniform'}
010,3,0,46,182.2285430431366,{'leaf_size': 5, 'metric': 'manhattan', 'n_neighbors': 10, 'weights': 'uniform'}
015,1,0,57,168.257657289505,{'leaf_size': 5, 'metric': 'euclidean', 'n_neighbors': 21, 'weights': 'uniform'}
005,1,0,57,186.06766486167908,{'leaf_size': 5, 'metric': 'euclidean', 'n_neighbors': 3, 'weights': 'uniform'}
030,3,0,61,142.92159366607666,{'leaf_size': 5, 'metric': 'euclidean', 'n_neighbors': 12, 'weights': 'distance'}
060,4,0,60,143.99519681930542,{'leaf_size': 5, 'metric': 'euclidean', 'n_neighbors': 18, 'weights': 'distance'}
020,1,0,60,173.44471406936646,{'leaf_size': 5, 'metric': 'euclidean', 'n_neighbors': 18, 'weights': 'uniform'}
060,2,0,61,144.3629355430603,{'leaf_size': 5, 'metric': 'manhattan', 'n_neighbors': 18, 'weights': 'distance'}
030,2,0,61,171.1067714691162,{'leaf_size': 5, 'metric': 'manhattan', 'n_neighbors': 18, 'weights': 'uniform'}
060,3,0,60,140.83300709724426,{'leaf_size': 5, 'metric': 'euclidean', 'n_neighbors': 28, 'weights': 'uniform'}
020,0,0,62,165.86435794830322,{'leaf_size': 5, 'metric': 'manhattan', 'n_neighbors': 18, 'weights': 'uniform'}
030,4,0,55,159.8020315170288,{'leaf_size': 5, 'metric': 'euclidean', 'n_neighbors': 12, 'weights': 'uniform'}
020,2,0,60,170.82163429260254,{'leaf_size': 5, 'metric': 'euclidean', 'n_neighbors': 12, 'weights': 'uniform'}
020,4,0,60,186.57807803153992,{'leaf_size': 5, 'metric': 'manhattan', 'n_neighbors': 18, 'weights': 'uniform'}
100,2,0,62,95.34693837165833,{'leaf_size': 5, 'metric': 'manhattan', 'n_neighbors': 28, 'weights': 'uniform'}
060,0,0,63,131.5637800693512,{'leaf_size': 5, 'metric': 'manhattan', 'n_neighbors': 18, 'weights': 'uniform'}
015,2,0,59,195.53324842453003,{'leaf_size': 5, 'metric': 'euclidean', 'n_neighbors': 15, 'weights': 'uniform'}
100,1,0,61,91.92476868629456,{'leaf_size': 5, 'metric': 'euclidean', 'n_neighbors': 18, 'weights': 'distance'}
100,0,0,61,109.07669973373413,{'leaf_size': 5, 'metric': 'euclidean', 'n_neighbors': 18, 'weights': 'distance'}
100,3,0,61,101.60455393791199,{'leaf_size': 5, 'metric': 'euclidean', 'n_neighbors': 18, 'weights': 'distance'}
100,4,0,62,101.60177373886108,{'leaf_size': 5, 'metric': 'manhattan', 'n_neighbors': 28, 'weights': 'uniform'}
010,2,0,60,114.39689040184021,{'leaf_size': 5, 'metric': 'manhattan', 'n_neighbors': 6, 'weights': 'distance'}
015,4,0,61,119.88680934906006,{'leaf_size': 5, 'metric': 'euclidean', 'n_neighbors': 21, 'weights': 'uniform'}
005,3,0,61,133.45405840873718,{'leaf_size': 5, 'metric': 'euclidean', 'n_neighbors': 3, 'weights': 'uniform'}
010,1,0,53,129.12539529800415,{'leaf_size': 5, 'metric': 'euclidean', 'n_neighbors': 14, 'weights': 'uniform'}
015,2,0,60,122.14260077476501,{'leaf_size': 5, 'metric': 'manhattan', 'n_neighbors': 15, 'weights': 'uniform'}
005,4,0,52,141.64690232276917,{'leaf_size': 5, 'metric': 'euclidean', 'n_neighbors': 5, 'weights': 'uniform'}
005,0,0,54,140.95200991630554,{'leaf_size': 5, 'metric': 'euclidean', 'n_neighbors': 7, 'weights': 'uniform'}
020,0,0,62,130.20715832710266,{'leaf_size': 5, 'metric': 'manhattan', 'n_neighbors': 18, 'weights': 'uniform'}
010,3,0,62,146.36760711669922,{'leaf_size': 5, 'metric': 'euclidean', 'n_neighbors': 14, 'weights': 'uniform'}
060,1,0,60,124.4092345237732,{'leaf_size': 5, 'metric': 'manhattan', 'n_neighbors': 18, 'weights': 'uniform'}
020,3,0,63,136.87415218353271,{'leaf_size': 5, 'metric': 'euclidean', 'n_neighbors': 28, 'weights': 'distance'}
015,3,0,59,151.23583459854126,{'leaf_size': 5, 'metric': 'euclidean', 'n_neighbors': 21, 'weights': 'uniform'}
015,0,0,62,143.82848596572876,{'leaf_size': 5, 'metric': 'manhattan', 'n_neighbors': 21, 'weights': 'distance'}
060,3,0,60,107.0933473110199,{'leaf_size': 5, 'metric': 'euclidean', 'n_neighbors': 28, 'weights': 'uniform'}
015,1,0,62,170.5310480594635,{'leaf_size': 5, 'metric': 'manhattan', 'n_neighbors': 21, 'weights': 'distance'}
005,1,0,45,176.19188284873962,{'leaf_size': 5, 'metric': 'euclidean', 'n_neighbors': 7, 'weights': 'uniform'}
060,2,0,63,132.3362112045288,{'leaf_size': 5, 'metric': 'euclidean', 'n_neighbors': 28, 'weights': 'uniform'}
020,1,0,64,155.00703239440918,{'leaf_size': 5, 'metric': 'euclidean', 'n_neighbors': 12, 'weights': 'uniform'}
010,4,0,58,180.62425208091736,{'leaf_size': 5, 'metric': 'euclidean', 'n_neighbors': 10, 'weights': 'uniform'}
030,1,0,58,163.83322930335999,{'leaf_size': 5, 'metric': 'euclidean', 'n_neighbors': 28, 'weights': 'uniform'}
005,2,0,56,188.21180701255798,{'leaf_size': 5, 'metric': 'euclidean', 'n_neighbors': 7, 'weights': 'uniform'}
100,1,0,61,102.3601815700531,{'leaf_size': 5, 'metric': 'euclidean', 'n_neighbors': 18, 'weights': 'distance'}
020,2,0,61,164.16555619239807,{'leaf_size': 5, 'metric': 'manhattan', 'n_neighbors': 12, 'weights': 'uniform'}
030,4,0,55,170.57231426239014,{'leaf_size': 5, 'metric': 'manhattan', 'n_neighbors': 28, 'weights': 'distance'}
030,0,0,61,158.82254314422607,{'leaf_size': 5, 'metric': 'euclidean', 'n_neighbors': 18, 'weights': 'uniform'}
020,4,0,60,181.1638011932373,{'leaf_size': 5, 'metric': 'manhattan', 'n_neighbors': 18, 'weights': 'uniform'}
030,3,0,62,174.30658221244812,{'leaf_size': 5, 'metric': 'euclidean', 'n_neighbors': 18, 'weights': 'uniform'}
100,0,0,61,118.74257969856262,{'leaf_size': 5, 'metric': 'euclidean', 'n_neighbors': 18, 'weights': 'uniform'}
060,0,0,61,165.36676955223083,{'leaf_size': 5, 'metric': 'euclidean', 'n_neighbors': 28, 'weights': 'uniform'}
010,0,0,50,194.6901605129242,{'leaf_size': 5, 'metric': 'euclidean', 'n_neighbors': 14, 'weights': 'uniform'}
030,2,0,60,172.84595131874084,{'leaf_size': 5, 'metric': 'euclidean', 'n_neighbors': 12, 'weights': 'uniform'}
100,3,0,61,73.45651721954346,{'leaf_size': 5, 'metric': 'euclidean', 'n_neighbors': 18, 'weights': 'distance'}
060,4,0,60,171.03013253211975,{'leaf_size': 5, 'metric': 'euclidean', 'n_neighbors': 18, 'weights': 'uniform'}
100,4,0,61,101.15597629547119,{'leaf_size': 5, 'metric': 'euclidean', 'n_neighbors': 28, 'weights': 'distance'}
100,2,0,61,126.57239437103271,{'leaf_size': 5, 'metric': 'euclidean', 'n_neighbors': 18, 'weights': 'distance'}
005,0,0,60,113.59349131584167,{'leaf_size': 5, 'metric': 'euclidean', 'n_neighbors': 5, 'weights': 'uniform'}
010,1,0,58,109.8559033870697,{'leaf_size': 5, 'metric': 'manhattan', 'n_neighbors': 6, 'weights': 'distance'}
005,3,0,61,130.490478515625,{'leaf_size': 5, 'metric': 'euclidean', 'n_neighbors': 3, 'weights': 'uniform'}
005,2,0,56,141.71687698364258,{'leaf_size': 5, 'metric': 'euclidean', 'n_neighbors': 7, 'weights': 'uniform'}
010,0,0,52,142.2632930278778,{'leaf_size': 5, 'metric': 'manhattan', 'n_neighbors': 10, 'weights': 'uniform'}
010,3,0,61,144.4255509376526,{'leaf_size': 5, 'metric': 'manhattan', 'n_neighbors': 14, 'weights': 'uniform'}
020,2,0,61,141.60332489013672,{'leaf_size': 5, 'metric': 'manhattan', 'n_neighbors': 12, 'weights': 'uniform'}
015,0,0,60,151.59578776359558,{'leaf_size': 5, 'metric': 'manhattan', 'n_neighbors': 9, 'weights': 'distance'}
030,1,0,58,133.04274439811707,{'leaf_size': 5, 'metric': 'euclidean', 'n_neighbors': 28, 'weights': 'uniform'}
005,4,0,52,161.87879872322083,{'leaf_size': 5, 'metric': 'euclidean', 'n_neighbors': 5, 'weights': 'uniform'}
030,0,0,60,137.06734681129456,{'leaf_size': 5, 'metric': 'manhattan', 'n_neighbors': 18, 'weights': 'uniform'}
060,3,0,60,106.06006526947021,{'leaf_size': 5, 'metric': 'euclidean', 'n_neighbors': 28, 'weights': 'uniform'}
015,2,0,59,154.2831358909607,{'leaf_size': 5, 'metric': 'euclidean', 'n_neighbors': 15, 'weights': 'uniform'}
020,4,0,60,154.12065434455872,{'leaf_size': 5, 'metric': 'manhattan', 'n_neighbors': 18, 'weights': 'uniform'}
015,1,0,62,172.71334838867188,{'leaf_size': 5, 'metric': 'euclidean', 'n_neighbors': 9, 'weights': 'uniform'}
030,4,0,52,154.53340554237366,{'leaf_size': 5, 'metric': 'euclidean', 'n_neighbors': 18, 'weights': 'uniform'}
010,4,0,58,179.2418236732483,{'leaf_size': 5, 'metric': 'euclidean', 'n_neighbors': 10, 'weights': 'uniform'}
015,3,0,59,187.35032105445862,{'leaf_size': 5, 'metric': 'euclidean', 'n_neighbors': 21, 'weights': 'uniform'}
015,4,0,60,173.7897138595581,{'leaf_size': 5, 'metric': 'euclidean', 'n_neighbors': 9, 'weights': 'uniform'}
100,1,0,61,102.88716340065002,{'leaf_size': 5, 'metric': 'euclidean', 'n_neighbors': 28, 'weights': 'distance'}
005,1,0,45,196.88421416282654,{'leaf_size': 5, 'metric': 'euclidean', 'n_neighbors': 7, 'weights': 'uniform'}
020,3,0,57,183.1271834373474,{'leaf_size': 5, 'metric': 'euclidean', 'n_neighbors': 12, 'weights': 'uniform'}
020,1,0,62,172.86527132987976,{'leaf_size': 5, 'metric': 'euclidean', 'n_neighbors': 12, 'weights': 'distance'}
030,3,0,62,169.0779881477356,{'leaf_size': 5, 'metric': 'manhattan', 'n_neighbors': 12, 'weights': 'uniform'}
060,0,0,61,121.59920120239258,{'leaf_size': 5, 'metric': 'euclidean', 'n_neighbors': 28, 'weights': 'uniform'}
060,2,0,62,134.09699702262878,{'leaf_size': 5, 'metric': 'euclidean', 'n_neighbors': 28, 'weights': 'distance'}
010,2,0,59,195.69217824935913,{'leaf_size': 5, 'metric': 'euclidean', 'n_neighbors': 6, 'weights': 'distance'}
020,0,0,62,184.33713459968567,{'leaf_size': 5, 'metric': 'manhattan', 'n_neighbors': 18, 'weights': 'uniform'}
060,1,0,60,144.5499792098999,{'leaf_size': 5, 'metric': 'manhattan', 'n_neighbors': 18, 'weights': 'uniform'}
100,3,0,61,102.74227094650269,{'leaf_size': 5, 'metric': 'euclidean', 'n_neighbors': 18, 'weights': 'distance'}
030,2,0,60,178.49655866622925,{'leaf_size': 5, 'metric': 'euclidean', 'n_neighbors': 18, 'weights': 'uniform'}
060,4,0,56,138.7538321018219,{'leaf_size': 5, 'metric': 'euclidean', 'n_neighbors': 12, 'weights': 'distance'}
100,0,0,62,80.51597261428833,{'leaf_size': 5, 'metric': 'manhattan', 'n_neighbors': 28, 'weights': 'uniform'}
100,2,0,61,87.26290225982666,{'leaf_size': 5, 'metric': 'euclidean', 'n_neighbors': 18, 'weights': 'distance'}
100,4,0,62,98.55252242088318,{'leaf_size': 5, 'metric': 'manhattan', 'n_neighbors': 12, 'weights': 'distance'}
