060,2,0,62,10.616231679916382,{'leaf_size': 5, 'metric': 'manhattan', 'n_neighbors': 12, 'weights': 'uniform'}
060,0,0,60,7.237101793289185,{'leaf_size': 5, 'metric': 'euclidean', 'n_neighbors': 28, 'weights': 'distance'}
060,1,0,63,9.68419075012207,{'leaf_size': 5, 'metric': 'euclidean', 'n_neighbors': 18, 'weights': 'distance'}
060,3,0,62,3.5541155338287354,{'leaf_size': 5, 'metric': 'manhattan', 'n_neighbors': 12, 'weights': 'uniform'}
060,4,0,60,8.837871313095093,{'leaf_size': 5, 'metric': 'euclidean', 'n_neighbors': 28, 'weights': 'distance'}
100,2,0,61,6.105452299118042,{'leaf_size': 5, 'metric': 'euclidean', 'n_neighbors': 12, 'weights': 'distance'}
100,3,0,61,12.221876859664917,{'leaf_size': 5, 'metric': 'euclidean', 'n_neighbors': 12, 'weights': 'distance'}
100,1,0,60,5.435306072235107,{'leaf_size': 5, 'metric': 'manhattan', 'n_neighbors': 28, 'weights': 'uniform'}
100,0,0,62,1.7230339050292969,{'leaf_size': 5, 'metric': 'euclidean', 'n_neighbors': 12, 'weights': 'uniform'}
100,4,0,62,5.661661863327026,{'leaf_size': 5, 'metric': 'euclidean', 'n_neighbors': 18, 'weights': 'uniform'}
030,2,0,63,72.57442927360535,{'leaf_size': 5, 'metric': 'euclidean', 'n_neighbors': 28, 'weights': 'uniform'}
030,1,0,61,78.53883528709412,{'leaf_size': 5, 'metric': 'euclidean', 'n_neighbors': 28, 'weights': 'distance'}
030,3,0,60,87.22234201431274,{'leaf_size': 5, 'metric': 'euclidean', 'n_neighbors': 12, 'weights': 'uniform'}
030,0,0,59,95.65156030654907,{'leaf_size': 5, 'metric': 'manhattan', 'n_neighbors': 18, 'weights': 'uniform'}
030,4,0,64,102.12215089797974,{'leaf_size': 5, 'metric': 'euclidean', 'n_neighbors': 28, 'weights': 'distance'}
020,1,0,45,102.47804546356201,{'leaf_size': 5, 'metric': 'euclidean', 'n_neighbors': 28, 'weights': 'uniform'}
005,3,0,54,117.36310291290283,{'leaf_size': 5, 'metric': 'euclidean', 'n_neighbors': 5, 'weights': 'uniform'}
020,2,0,61,108.36858892440796,{'leaf_size': 5, 'metric': 'euclidean', 'n_neighbors': 12, 'weights': 'uniform'}
010,1,0,50,118.37520861625671,{'leaf_size': 5, 'metric': 'euclidean', 'n_neighbors': 10, 'weights': 'uniform'}
010,3,0,55,118.10169005393982,{'leaf_size': 5, 'metric': 'manhattan', 'n_neighbors': 6, 'weights': 'distance'}
015,1,0,61,118.92976355552673,{'leaf_size': 5, 'metric': 'euclidean', 'n_neighbors': 21, 'weights': 'uniform'}
020,3,0,62,119.61156582832336,{'leaf_size': 5, 'metric': 'euclidean', 'n_neighbors': 12, 'weights': 'uniform'}
005,0,0,59,125.87329411506653,{'leaf_size': 5, 'metric': 'euclidean', 'n_neighbors': 3, 'weights': 'distance'}
005,4,0,53,126.42324495315552,{'leaf_size': 5, 'metric': 'manhattan', 'n_neighbors': 3, 'weights': 'uniform'}
020,4,0,63,121.5348391532898,{'leaf_size': 5, 'metric': 'manhattan', 'n_neighbors': 12, 'weights': 'uniform'}
010,4,0,53,129.91767573356628,{'leaf_size': 5, 'metric': 'euclidean', 'n_neighbors': 10, 'weights': 'uniform'}
015,0,0,57,126.93803834915161,{'leaf_size': 5, 'metric': 'manhattan', 'n_neighbors': 21, 'weights': 'distance'}
010,0,0,56,131.02506756782532,{'leaf_size': 5, 'metric': 'euclidean', 'n_neighbors': 6, 'weights': 'uniform'}
010,2,0,55,132.8752522468567,{'leaf_size': 5, 'metric': 'euclidean', 'n_neighbors': 10, 'weights': 'uniform'}
015,3,0,62,131.87310099601746,{'leaf_size': 5, 'metric': 'manhattan', 'n_neighbors': 9, 'weights': 'uniform'}
020,0,0,60,127.9121081829071,{'leaf_size': 5, 'metric': 'euclidean', 'n_neighbors': 12, 'weights': 'uniform'}
005,1,0,60,148.09746718406677,{'leaf_size': 5, 'metric': 'manhattan', 'n_neighbors': 3, 'weights': 'uniform'}
015,4,0,61,140.44496273994446,{'leaf_size': 5, 'metric': 'euclidean', 'n_neighbors': 21, 'weights': 'distance'}
005,2,0,50,153.4605734348297,{'leaf_size': 5, 'metric': 'euclidean', 'n_neighbors': 7, 'weights': 'uniform'}
015,2,0,55,152.76698517799377,{'leaf_size': 5, 'metric': 'euclidean', 'n_neighbors': 15, 'weights': 'uniform'}
060,0,0,62,0.6279306411743164,{'leaf_size': 5, 'metric': 'euclidean', 'n_neighbors': 18, 'weights': 'uniform'}
060,1,0,62,3.9277658462524414,{'leaf_size': 5, 'metric': 'manhattan', 'n_neighbors': 28, 'weights': 'uniform'}
060,2,0,62,3.2533602714538574,{'leaf_size': 5, 'metric': 'euclidean', 'n_neighbors': 28, 'weights': 'distance'}
060,4,0,61,10.44189453125,{'leaf_size': 5, 'metric': 'euclidean', 'n_neighbors': 28, 'weights': 'uniform'}
100,4,0,60,9.007517576217651,{'leaf_size': 5, 'metric': 'manhattan', 'n_neighbors': 28, 'weights': 'uniform'}
060,3,0,62,9.726721048355103,{'leaf_size': 5, 'metric': 'euclidean', 'n_neighbors': 18, 'weights': 'uniform'}
100,1,0,64,3.543170928955078,{'leaf_size': 5, 'metric': 'euclidean', 'n_neighbors': 28, 'weights': 'distance'}
100,0,0,64,11.36941909790039,{'leaf_size': 5, 'metric': 'euclidean', 'n_neighbors': 28, 'weights': 'distance'}
100,2,0,64,4.2852911949157715,{'leaf_size': 5, 'metric': 'euclidean', 'n_neighbors': 28, 'weights': 'distance'}
100,3,0,64,15.787089109420776,{'leaf_size': 5, 'metric': 'euclidean', 'n_neighbors': 28, 'weights': 'distance'}
030,4,0,62,75.43897223472595,{'leaf_size': 5, 'metric': 'euclidean', 'n_neighbors': 18, 'weights': 'uniform'}
030,2,0,63,87.66630959510803,{'leaf_size': 5, 'metric': 'euclidean', 'n_neighbors': 28, 'weights': 'uniform'}
030,3,0,60,88.03515887260437,{'leaf_size': 5, 'metric': 'euclidean', 'n_neighbors': 12, 'weights': 'uniform'}
030,0,0,59,95.05952644348145,{'leaf_size': 5, 'metric': 'euclidean', 'n_neighbors': 18, 'weights': 'uniform'}
005,1,0,60,113.74244499206543,{'leaf_size': 5, 'metric': 'manhattan', 'n_neighbors': 3, 'weights': 'uniform'}
005,2,0,50,125.96956253051758,{'leaf_size': 5, 'metric': 'euclidean', 'n_neighbors': 7, 'weights': 'uniform'}
020,2,0,60,119.44014143943787,{'leaf_size': 5, 'metric': 'euclidean', 'n_neighbors': 18, 'weights': 'uniform'}
030,1,0,58,113.27547717094421,{'leaf_size': 5, 'metric': 'manhattan', 'n_neighbors': 28, 'weights': 'uniform'}
020,3,0,59,123.58860611915588,{'leaf_size': 5, 'metric': 'euclidean', 'n_neighbors': 28, 'weights': 'uniform'}
015,3,0,62,131.2122151851654,{'leaf_size': 5, 'metric': 'manhattan', 'n_neighbors': 9, 'weights': 'uniform'}
010,1,0,50,137.18416333198547,{'leaf_size': 5, 'metric': 'euclidean', 'n_neighbors': 10, 'weights': 'uniform'}
005,3,0,54,138.25465869903564,{'leaf_size': 5, 'metric': 'euclidean', 'n_neighbors': 5, 'weights': 'uniform'}
015,2,0,56,134.2131359577179,{'leaf_size': 5, 'metric': 'manhattan', 'n_neighbors': 9, 'weights': 'distance'}
015,1,0,61,139.38948559761047,{'leaf_size': 5, 'metric': 'euclidean', 'n_neighbors': 9, 'weights': 'uniform'}
015,0,0,60,139.41408848762512,{'leaf_size': 5, 'metric': 'euclidean', 'n_neighbors': 21, 'weights': 'distance'}
020,4,0,57,134.3391191959381,{'leaf_size': 5, 'metric': 'manhattan', 'n_neighbors': 28, 'weights': 'uniform'}
005,4,0,53,142.18102145195007,{'leaf_size': 5, 'metric': 'manhattan', 'n_neighbors': 3, 'weights': 'uniform'}
010,4,0,48,145.52984714508057,{'leaf_size': 5, 'metric': 'euclidean', 'n_neighbors': 14, 'weights': 'uniform'}
010,0,0,50,146.38735127449036,{'leaf_size': 5, 'metric': 'manhattan', 'n_neighbors': 14, 'weights': 'uniform'}
010,3,0,58,150.91029024124146,{'leaf_size': 5, 'metric': 'euclidean', 'n_neighbors': 6, 'weights': 'uniform'}
020,1,0,60,141.58497834205627,{'leaf_size': 5, 'metric': 'manhattan', 'n_neighbors': 28, 'weights': 'distance'}
015,4,0,54,156.80090498924255,{'leaf_size': 5, 'metric': 'manhattan', 'n_neighbors': 9, 'weights': 'uniform'}
010,2,0,57,161.23355269432068,{'leaf_size': 5, 'metric': 'euclidean', 'n_neighbors': 14, 'weights': 'uniform'}
020,0,0,60,150.91554641723633,{'leaf_size': 5, 'metric': 'euclidean', 'n_neighbors': 18, 'weights': 'distance'}
005,0,0,58,164.99348974227905,{'leaf_size': 5, 'metric': 'euclidean', 'n_neighbors': 5, 'weights': 'uniform'}
060,4,0,61,4.878911256790161,{'leaf_size': 5, 'metric': 'euclidean', 'n_neighbors': 28, 'weights': 'uniform'}
060,3,0,62,6.293011665344238,{'leaf_size': 5, 'metric': 'manhattan', 'n_neighbors': 12, 'weights': 'uniform'}
060,2,0,62,2.8258042335510254,{'leaf_size': 5, 'metric': 'manhattan', 'n_neighbors': 12, 'weights': 'uniform'}
060,0,0,61,5.189847707748413,{'leaf_size': 5, 'metric': 'euclidean', 'n_neighbors': 28, 'weights': 'uniform'}
060,1,0,62,7.613664865493774,{'leaf_size': 5, 'metric': 'manhattan', 'n_neighbors': 28, 'weights': 'uniform'}
100,4,0,61,7.574631690979004,{'leaf_size': 5, 'metric': 'manhattan', 'n_neighbors': 18, 'weights': 'uniform'}
100,3,0,60,4.6863579750061035,{'leaf_size': 5, 'metric': 'manhattan', 'n_neighbors': 18, 'weights': 'distance'}
100,0,0,61,6.231726408004761,{'leaf_size': 5, 'metric': 'euclidean', 'n_neighbors': 12, 'weights': 'distance'}
100,1,0,60,6.258262872695923,{'leaf_size': 5, 'metric': 'manhattan', 'n_neighbors': 28, 'weights': 'uniform'}
100,2,0,62,9.610936641693115,{'leaf_size': 5, 'metric': 'euclidean', 'n_neighbors': 28, 'weights': 'uniform'}
030,1,0,58,92.03296494483948,{'leaf_size': 5, 'metric': 'manhattan', 'n_neighbors': 28, 'weights': 'uniform'}
030,4,0,62,101.83574318885803,{'leaf_size': 5, 'metric': 'manhattan', 'n_neighbors': 28, 'weights': 'uniform'}
030,0,0,59,99.5364134311676,{'leaf_size': 5, 'metric': 'euclidean', 'n_neighbors': 18, 'weights': 'uniform'}
030,2,0,62,106.26678466796875,{'leaf_size': 5, 'metric': 'manhattan', 'n_neighbors': 28, 'weights': 'uniform'}
020,4,0,62,119.05302619934082,{'leaf_size': 5, 'metric': 'manhattan', 'n_neighbors': 18, 'weights': 'uniform'}
010,4,0,53,127.92952704429626,{'leaf_size': 5, 'metric': 'euclidean', 'n_neighbors': 10, 'weights': 'uniform'}
015,1,0,61,126.14018058776855,{'leaf_size': 5, 'metric': 'euclidean', 'n_neighbors': 21, 'weights': 'uniform'}
030,3,0,62,115.56624436378479,{'leaf_size': 5, 'metric': 'manhattan', 'n_neighbors': 12, 'weights': 'uniform'}
020,3,0,62,127.03793907165527,{'leaf_size': 5, 'metric': 'euclidean', 'n_neighbors': 12, 'weights': 'uniform'}
010,3,0,55,136.30512952804565,{'leaf_size': 5, 'metric': 'manhattan', 'n_neighbors': 6, 'weights': 'distance'}
010,1,0,53,138.0235493183136,{'leaf_size': 5, 'metric': 'euclidean', 'n_neighbors': 14, 'weights': 'uniform'}
010,0,0,56,137.4663655757904,{'leaf_size': 5, 'metric': 'euclidean', 'n_neighbors': 6, 'weights': 'uniform'}
005,3,0,54,139.98144030570984,{'leaf_size': 5, 'metric': 'euclidean', 'n_neighbors': 5, 'weights': 'uniform'}
010,2,0,55,140.35734486579895,{'leaf_size': 5, 'metric': 'manhattan', 'n_neighbors': 10, 'weights': 'uniform'}
005,1,0,62,147.0882112979889,{'leaf_size': 5, 'metric': 'manhattan', 'n_neighbors': 7, 'weights': 'uniform'}
020,2,0,64,144.64314007759094,{'leaf_size': 5, 'metric': 'euclidean', 'n_neighbors': 28, 'weights': 'distance'}
015,2,0,57,144.25008702278137,{'leaf_size': 5, 'metric': 'manhattan', 'n_neighbors': 21, 'weights': 'uniform'}
015,3,0,60,145.03946900367737,{'leaf_size': 5, 'metric': 'euclidean', 'n_neighbors': 9, 'weights': 'uniform'}
020,0,0,60,144.12534379959106,{'leaf_size': 5, 'metric': 'euclidean', 'n_neighbors': 12, 'weights': 'uniform'}
015,4,0,57,144.1262001991272,{'leaf_size': 5, 'metric': 'manhattan', 'n_neighbors': 21, 'weights': 'distance'}
005,4,0,46,150.39249920845032,{'leaf_size': 5, 'metric': 'euclidean', 'n_neighbors': 7, 'weights': 'uniform'}
015,0,0,59,149.72246408462524,{'leaf_size': 5, 'metric': 'euclidean', 'n_neighbors': 15, 'weights': 'distance'}
020,1,0,45,145.08319854736328,{'leaf_size': 5, 'metric': 'euclidean', 'n_neighbors': 28, 'weights': 'uniform'}
005,0,0,58,155.1764268875122,{'leaf_size': 5, 'metric': 'euclidean', 'n_neighbors': 5, 'weights': 'uniform'}
005,2,0,57,158.47325587272644,{'leaf_size': 5, 'metric': 'manhattan', 'n_neighbors': 5, 'weights': 'uniform'}
060,2,0,62,5.459956407546997,{'leaf_size': 5, 'metric': 'euclidean', 'n_neighbors': 28, 'weights': 'distance'}
060,0,0,61,8.344637155532837,{'leaf_size': 5, 'metric': 'euclidean', 'n_neighbors': 28, 'weights': 'uniform'}
060,1,0,62,6.201464414596558,{'leaf_size': 5, 'metric': 'manhattan', 'n_neighbors': 28, 'weights': 'uniform'}
060,3,0,62,5.705890417098999,{'leaf_size': 5, 'metric': 'manhattan', 'n_neighbors': 12, 'weights': 'uniform'}
060,4,0,62,9.517568826675415,{'leaf_size': 5, 'metric': 'euclidean', 'n_neighbors': 18, 'weights': 'uniform'}
100,4,0,64,8.901288747787476,{'leaf_size': 5, 'metric': 'euclidean', 'n_neighbors': 28, 'weights': 'distance'}
100,2,0,62,9.363049983978271,{'leaf_size': 5, 'metric': 'euclidean', 'n_neighbors': 28, 'weights': 'uniform'}
100,3,0,62,3.3453774452209473,{'leaf_size': 5, 'metric': 'euclidean', 'n_neighbors': 18, 'weights': 'uniform'}
100,1,0,62,3.919027805328369,{'leaf_size': 5, 'metric': 'euclidean', 'n_neighbors': 18, 'weights': 'distance'}
100,0,0,64,9.186927318572998,{'leaf_size': 5, 'metric': 'euclidean', 'n_neighbors': 28, 'weights': 'distance'}
030,0,0,59,65.45698833465576,{'leaf_size': 5, 'metric': 'manhattan', 'n_neighbors': 18, 'weights': 'uniform'}
030,4,0,62,73.14199185371399,{'leaf_size': 5, 'metric': 'manhattan', 'n_neighbors': 28, 'weights': 'uniform'}
005,1,0,60,105.56515550613403,{'leaf_size': 5, 'metric': 'manhattan', 'n_neighbors': 3, 'weights': 'uniform'}
030,1,0,58,87.81180930137634,{'leaf_size': 5, 'metric': 'manhattan', 'n_neighbors': 28, 'weights': 'uniform'}
030,3,0,62,88.6769609451294,{'leaf_size': 5, 'metric': 'manhattan', 'n_neighbors': 12, 'weights': 'uniform'}
010,1,0,57,113.26033282279968,{'leaf_size': 5, 'metric': 'euclidean', 'n_neighbors': 6, 'weights': 'distance'}
030,2,0,63,98.9369695186615,{'leaf_size': 5, 'metric': 'euclidean', 'n_neighbors': 28, 'weights': 'uniform'}
015,1,0,61,115.11485028266907,{'leaf_size': 5, 'metric': 'euclidean', 'n_neighbors': 21, 'weights': 'uniform'}
010,0,0,54,126.2965612411499,{'leaf_size': 5, 'metric': 'manhattan', 'n_neighbors': 6, 'weights': 'uniform'}
015,0,0,59,121.77027702331543,{'leaf_size': 5, 'metric': 'euclidean', 'n_neighbors': 9, 'weights': 'uniform'}
010,4,0,60,126.35349440574646,{'leaf_size': 5, 'metric': 'euclidean', 'n_neighbors': 6, 'weights': 'distance'}
020,0,0,60,120.0509660243988,{'leaf_size': 5, 'metric': 'euclidean', 'n_neighbors': 12, 'weights': 'uniform'}
005,2,0,50,131.0180914402008,{'leaf_size': 5, 'metric': 'euclidean', 'n_neighbors': 7, 'weights': 'uniform'}
010,2,0,57,132.049702167511,{'leaf_size': 5, 'metric': 'euclidean', 'n_neighbors': 14, 'weights': 'uniform'}
010,3,0,56,131.86773014068604,{'leaf_size': 5, 'metric': 'manhattan', 'n_neighbors': 6, 'weights': 'uniform'}
020,1,0,45,122.50255799293518,{'leaf_size': 5, 'metric': 'euclidean', 'n_neighbors': 28, 'weights': 'uniform'}
020,3,0,59,126.8315818309784,{'leaf_size': 5, 'metric': 'euclidean', 'n_neighbors': 28, 'weights': 'uniform'}
015,3,0,60,132.60957622528076,{'leaf_size': 5, 'metric': 'euclidean', 'n_neighbors': 15, 'weights': 'uniform'}
015,2,0,55,133.35296893119812,{'leaf_size': 5, 'metric': 'euclidean', 'n_neighbors': 15, 'weights': 'uniform'}
005,4,0,51,139.0405192375183,{'leaf_size': 5, 'metric': 'manhattan', 'n_neighbors': 5, 'weights': 'uniform'}
020,4,0,57,127.26211881637573,{'leaf_size': 5, 'metric': 'manhattan', 'n_neighbors': 28, 'weights': 'uniform'}
005,3,0,54,138.56381845474243,{'leaf_size': 5, 'metric': 'euclidean', 'n_neighbors': 5, 'weights': 'uniform'}
015,4,0,57,141.04374718666077,{'leaf_size': 5, 'metric': 'manhattan', 'n_neighbors': 15, 'weights': 'uniform'}
020,2,0,62,133.57408356666565,{'leaf_size': 5, 'metric': 'manhattan', 'n_neighbors': 12, 'weights': 'uniform'}
005,0,0,58,142.79707169532776,{'leaf_size': 5, 'metric': 'euclidean', 'n_neighbors': 5, 'weights': 'distance'}
060,1,0,60,6.854891777038574,{'leaf_size': 5, 'metric': 'euclidean', 'n_neighbors': 28, 'weights': 'uniform'}
060,2,0,62,7.910888671875,{'leaf_size': 5, 'metric': 'euclidean', 'n_neighbors': 28, 'weights': 'uniform'}
060,0,0,61,7.537972450256348,{'leaf_size': 5, 'metric': 'euclidean', 'n_neighbors': 28, 'weights': 'uniform'}
060,3,0,62,10.200835704803467,{'leaf_size': 5, 'metric': 'manhattan', 'n_neighbors': 28, 'weights': 'uniform'}
100,3,0,62,9.689093828201294,{'leaf_size': 5, 'metric': 'euclidean', 'n_neighbors': 18, 'weights': 'distance'}
100,1,0,64,2.9313101768493652,{'leaf_size': 5, 'metric': 'euclidean', 'n_neighbors': 28, 'weights': 'distance'}
060,4,0,61,10.727089405059814,{'leaf_size': 5, 'metric': 'manhattan', 'n_neighbors': 28, 'weights': 'uniform'}
100,2,0,62,3.8040714263916016,{'leaf_size': 5, 'metric': 'euclidean', 'n_neighbors': 18, 'weights': 'distance'}
100,4,0,62,3.5680954456329346,{'leaf_size': 5, 'metric': 'euclidean', 'n_neighbors': 12, 'weights': 'uniform'}
100,0,0,61,11.69955825805664,{'leaf_size': 5, 'metric': 'euclidean', 'n_neighbors': 12, 'weights': 'distance'}
030,0,0,59,82.94200325012207,{'leaf_size': 5, 'metric': 'euclidean', 'n_neighbors': 18, 'weights': 'uniform'}
030,4,0,64,87.8132393360138,{'leaf_size': 5, 'metric': 'euclidean', 'n_neighbors': 28, 'weights': 'distance'}
030,1,0,61,99.45829319953918,{'leaf_size': 5, 'metric': 'euclidean', 'n_neighbors': 28, 'weights': 'distance'}
030,2,0,62,107.878582239151,{'leaf_size': 5, 'metric': 'manhattan', 'n_neighbors': 28, 'weights': 'uniform'}
030,3,0,60,113.06026816368103,{'leaf_size': 5, 'metric': 'euclidean', 'n_neighbors': 12, 'weights': 'distance'}
005,1,0,62,127.6574490070343,{'leaf_size': 5, 'metric': 'manhattan', 'n_neighbors': 7, 'weights': 'uniform'}
020,1,0,62,119.82421374320984,{'leaf_size': 5, 'metric': 'euclidean', 'n_neighbors': 12, 'weights': 'uniform'}
005,2,0,50,138.27475666999817,{'leaf_size': 5, 'metric': 'euclidean', 'n_neighbors': 7, 'weights': 'uniform'}
010,1,0,50,137.52497053146362,{'leaf_size': 5, 'metric': 'euclidean', 'n_neighbors': 10, 'weights': 'uniform'}
010,3,0,58,136.70434474945068,{'leaf_size': 5, 'metric': 'euclidean', 'n_neighbors': 6, 'weights': 'uniform'}
010,4,0,60,139.80428528785706,{'leaf_size': 5, 'metric': 'euclidean', 'n_neighbors': 6, 'weights': 'distance'}
005,0,0,58,141.7292206287384,{'leaf_size': 5, 'metric': 'euclidean', 'n_neighbors': 5, 'weights': 'distance'}
005,4,0,53,144.4272003173828,{'leaf_size': 5, 'metric': 'manhattan', 'n_neighbors': 3, 'weights': 'uniform'}
015,2,0,55,136.80616116523743,{'leaf_size': 5, 'metric': 'euclidean', 'n_neighbors': 9, 'weights': 'uniform'}
020,0,0,60,137.31339073181152,{'leaf_size': 5, 'metric': 'euclidean', 'n_neighbors': 12, 'weights': 'uniform'}
010,0,0,49,148.77164125442505,{'leaf_size': 5, 'metric': 'manhattan', 'n_neighbors': 10, 'weights': 'uniform'}
015,4,0,54,147.33634543418884,{'leaf_size': 5, 'metric': 'manhattan', 'n_neighbors': 9, 'weights': 'uniform'}
015,3,0,62,148.6829400062561,{'leaf_size': 5, 'metric': 'manhattan', 'n_neighbors': 9, 'weights': 'uniform'}
020,4,0,64,143.80497097969055,{'leaf_size': 5, 'metric': 'euclidean', 'n_neighbors': 18, 'weights': 'uniform'}
020,2,0,61,146.89757084846497,{'leaf_size': 5, 'metric': 'manhattan', 'n_neighbors': 18, 'weights': 'uniform'}
015,0,0,60,152.76244688034058,{'leaf_size': 5, 'metric': 'euclidean', 'n_neighbors': 21, 'weights': 'distance'}
020,3,0,62,149.42167472839355,{'leaf_size': 5, 'metric': 'euclidean', 'n_neighbors': 12, 'weights': 'uniform'}
005,3,0,54,159.5065655708313,{'leaf_size': 5, 'metric': 'euclidean', 'n_neighbors': 5, 'weights': 'uniform'}
010,2,0,55,165.21010828018188,{'leaf_size': 5, 'metric': 'manhattan', 'n_neighbors': 10, 'weights': 'uniform'}
015,1,0,61,163.70415210723877,{'leaf_size': 5, 'metric': 'euclidean', 'n_neighbors': 21, 'weights': 'uniform'}
060,0,0,61,2.5317130088806152,{'leaf_size': 5, 'metric': 'manhattan', 'n_neighbors': 28, 'weights': 'uniform'}
060,2,0,61,6.654268741607666,{'leaf_size': 5, 'metric': 'euclidean', 'n_neighbors': 18, 'weights': 'uniform'}
060,1,0,62,8.480696201324463,{'leaf_size': 5, 'metric': 'manhattan', 'n_neighbors': 28, 'weights': 'uniform'}
060,3,0,62,6.750306129455566,{'leaf_size': 5, 'metric': 'manhattan', 'n_neighbors': 28, 'weights': 'uniform'}
060,4,0,61,5.038846254348755,{'leaf_size': 5, 'metric': 'manhattan', 'n_neighbors': 28, 'weights': 'uniform'}
100,0,0,61,6.640960931777954,{'leaf_size': 5, 'metric': 'manhattan', 'n_neighbors': 18, 'weights': 'uniform'}
100,2,0,62,2.9653775691986084,{'leaf_size': 5, 'metric': 'euclidean', 'n_neighbors': 28, 'weights': 'uniform'}
100,3,0,60,8.227697849273682,{'leaf_size': 5, 'metric': 'manhattan', 'n_neighbors': 28, 'weights': 'uniform'}
100,4,0,62,1.1798040866851807,{'leaf_size': 5, 'metric': 'euclidean', 'n_neighbors': 18, 'weights': 'distance'}
100,1,0,62,15.220183849334717,{'leaf_size': 5, 'metric': 'euclidean', 'n_neighbors': 18, 'weights': 'distance'}
030,0,0,53,73.39593887329102,{'leaf_size': 5, 'metric': 'euclidean', 'n_neighbors': 28, 'weights': 'uniform'}
030,3,0,60,100.38534760475159,{'leaf_size': 5, 'metric': 'euclidean', 'n_neighbors': 12, 'weights': 'uniform'}
030,1,0,61,95.86365127563477,{'leaf_size': 5, 'metric': 'euclidean', 'n_neighbors': 28, 'weights': 'distance'}
030,2,0,63,98.3155415058136,{'leaf_size': 5, 'metric': 'euclidean', 'n_neighbors': 28, 'weights': 'uniform'}
015,1,0,61,125.13988995552063,{'leaf_size': 5, 'metric': 'euclidean', 'n_neighbors': 21, 'weights': 'uniform'}
030,4,0,62,118.1958441734314,{'leaf_size': 5, 'metric': 'manhattan', 'n_neighbors': 28, 'weights': 'uniform'}
010,1,0,53,142.90470957756042,{'leaf_size': 5, 'metric': 'euclidean', 'n_neighbors': 14, 'weights': 'uniform'}
015,2,0,54,138.93038201332092,{'leaf_size': 5, 'metric': 'manhattan', 'n_neighbors': 15, 'weights': 'uniform'}
005,1,0,62,145.1631956100464,{'leaf_size': 5, 'metric': 'manhattan', 'n_neighbors': 7, 'weights': 'uniform'}
005,4,0,53,148.77338337898254,{'leaf_size': 5, 'metric': 'manhattan', 'n_neighbors': 3, 'weights': 'uniform'}
010,4,0,50,148.11469316482544,{'leaf_size': 5, 'metric': 'manhattan', 'n_neighbors': 14, 'weights': 'uniform'}
005,2,0,50,151.57766485214233,{'leaf_size': 5, 'metric': 'euclidean', 'n_neighbors': 7, 'weights': 'uniform'}
015,0,0,58,149.34347796440125,{'leaf_size': 5, 'metric': 'manhattan', 'n_neighbors': 9, 'weights': 'distance'}
005,0,0,58,162.29342341423035,{'leaf_size': 5, 'metric': 'euclidean', 'n_neighbors': 5, 'weights': 'uniform'}
010,0,0,56,161.3970925807953,{'leaf_size': 5, 'metric': 'euclidean', 'n_neighbors': 6, 'weights': 'uniform'}
020,4,0,57,152.65433621406555,{'leaf_size': 5, 'metric': 'manhattan', 'n_neighbors': 28, 'weights': 'uniform'}
020,0,0,60,155.3988060951233,{'leaf_size': 5, 'metric': 'euclidean', 'n_neighbors': 12, 'weights': 'distance'}
020,1,0,63,155.073477268219,{'leaf_size': 5, 'metric': 'euclidean', 'n_neighbors': 18, 'weights': 'distance'}
020,3,0,61,152.92732739448547,{'leaf_size': 5, 'metric': 'euclidean', 'n_neighbors': 18, 'weights': 'uniform'}
010,3,0,60,160.63258385658264,{'leaf_size': 5, 'metric': 'euclidean', 'n_neighbors': 10, 'weights': 'distance'}
015,4,0,57,157.8553557395935,{'leaf_size': 5, 'metric': 'manhattan', 'n_neighbors': 15, 'weights': 'uniform'}
015,3,0,60,158.57208251953125,{'leaf_size': 5, 'metric': 'euclidean', 'n_neighbors': 9, 'weights': 'uniform'}
020,2,0,62,157.5764594078064,{'leaf_size': 5, 'metric': 'manhattan', 'n_neighbors': 12, 'weights': 'uniform'}
010,2,0,57,164.1169195175171,{'leaf_size': 5, 'metric': 'euclidean', 'n_neighbors': 14, 'weights': 'uniform'}
005,3,0,54,167.52069997787476,{'leaf_size': 5, 'metric': 'euclidean', 'n_neighbors': 5, 'weights': 'uniform'}
060,4,0,61,6.431719541549683,{'leaf_size': 5, 'metric': 'manhattan', 'n_neighbors': 18, 'weights': 'uniform'}
060,3,0,61,6.148913621902466,{'leaf_size': 5, 'metric': 'euclidean', 'n_neighbors': 28, 'weights': 'uniform'}
060,2,0,63,7.683602571487427,{'leaf_size': 5, 'metric': 'manhattan', 'n_neighbors': 28, 'weights': 'uniform'}
060,1,0,60,1.3101446628570557,{'leaf_size': 5, 'metric': 'euclidean', 'n_neighbors': 28, 'weights': 'uniform'}
060,0,0,61,5.086137056350708,{'leaf_size': 5, 'metric': 'euclidean', 'n_neighbors': 28, 'weights': 'uniform'}
100,2,0,64,6.8410046100616455,{'leaf_size': 5, 'metric': 'euclidean', 'n_neighbors': 28, 'weights': 'distance'}
100,4,0,61,5.246103525161743,{'leaf_size': 5, 'metric': 'euclidean', 'n_neighbors': 12, 'weights': 'distance'}
100,3,0,62,7.511481285095215,{'leaf_size': 5, 'metric': 'euclidean', 'n_neighbors': 12, 'weights': 'uniform'}
100,0,0,62,3.2498526573181152,{'leaf_size': 5, 'metric': 'euclidean', 'n_neighbors': 18, 'weights': 'uniform'}
100,1,0,60,10.074726104736328,{'leaf_size': 5, 'metric': 'manhattan', 'n_neighbors': 28, 'weights': 'uniform'}
030,4,0,62,84.09398555755615,{'leaf_size': 5, 'metric': 'manhattan', 'n_neighbors': 28, 'weights': 'uniform'}
030,2,0,63,82.44738841056824,{'leaf_size': 5, 'metric': 'euclidean', 'n_neighbors': 12, 'weights': 'uniform'}
030,0,0,60,90.0177743434906,{'leaf_size': 5, 'metric': 'euclidean', 'n_neighbors': 18, 'weights': 'distance'}
030,3,0,62,98.37031054496765,{'leaf_size': 5, 'metric': 'euclidean', 'n_neighbors': 28, 'weights': 'distance'}
005,0,0,58,123.91756653785706,{'leaf_size': 5, 'metric': 'euclidean', 'n_neighbors': 5, 'weights': 'uniform'}
010,4,0,58,125.61509871482849,{'leaf_size': 5, 'metric': 'euclidean', 'n_neighbors': 14, 'weights': 'distance'}
010,0,0,54,127.47330808639526,{'leaf_size': 5, 'metric': 'manhattan', 'n_neighbors': 6, 'weights': 'uniform'}
030,1,0,62,114.7431709766388,{'leaf_size': 5, 'metric': 'manhattan', 'n_neighbors': 12, 'weights': 'uniform'}
010,1,0,53,133.69181966781616,{'leaf_size': 5, 'metric': 'euclidean', 'n_neighbors': 14, 'weights': 'uniform'}
015,3,0,60,133.21851754188538,{'leaf_size': 5, 'metric': 'euclidean', 'n_neighbors': 9, 'weights': 'uniform'}
020,2,0,62,133.02011060714722,{'leaf_size': 5, 'metric': 'manhattan', 'n_neighbors': 12, 'weights': 'uniform'}
005,4,0,53,142.93946242332458,{'leaf_size': 5, 'metric': 'manhattan', 'n_neighbors': 3, 'weights': 'uniform'}
005,2,0,57,145.96223330497742,{'leaf_size': 5, 'metric': 'manhattan', 'n_neighbors': 5, 'weights': 'uniform'}
015,4,0,57,144.3263499736786,{'leaf_size': 5, 'metric': 'manhattan', 'n_neighbors': 15, 'weights': 'uniform'}
015,2,0,55,144.30850982666016,{'leaf_size': 5, 'metric': 'euclidean', 'n_neighbors': 9, 'weights': 'uniform'}
020,1,0,62,135.90083169937134,{'leaf_size': 5, 'metric': 'euclidean', 'n_neighbors': 12, 'weights': 'uniform'}
020,4,0,57,139.43275260925293,{'leaf_size': 5, 'metric': 'manhattan', 'n_neighbors': 28, 'weights': 'uniform'}
010,3,0,56,148.7329020500183,{'leaf_size': 5, 'metric': 'manhattan', 'n_neighbors': 6, 'weights': 'uniform'}
020,0,0,60,144.32697105407715,{'leaf_size': 5, 'metric': 'manhattan', 'n_neighbors': 12, 'weights': 'uniform'}
005,1,0,60,152.9381022453308,{'leaf_size': 5, 'metric': 'manhattan', 'n_neighbors': 3, 'weights': 'uniform'}
015,0,0,59,149.31946921348572,{'leaf_size': 5, 'metric': 'euclidean', 'n_neighbors': 9, 'weights': 'uniform'}
005,3,0,54,157.1626374721527,{'leaf_size': 5, 'metric': 'euclidean', 'n_neighbors': 5, 'weights': 'uniform'}
020,3,0,62,160.30384731292725,{'leaf_size': 5, 'metric': 'euclidean', 'n_neighbors': 12, 'weights': 'uniform'}
015,1,0,62,164.55335998535156,{'leaf_size': 5, 'metric': 'euclidean', 'n_neighbors': 21, 'weights': 'distance'}
010,2,0,57,168.94299960136414,{'leaf_size': 5, 'metric': 'euclidean', 'n_neighbors': 14, 'weights': 'uniform'}
060,0,0,61,5.256464004516602,{'leaf_size': 5, 'metric': 'euclidean', 'n_neighbors': 28, 'weights': 'uniform'}
100,2,0,60,0.39045143127441406,{'leaf_size': 5, 'metric': 'manhattan', 'n_neighbors': 28, 'weights': 'distance'}
060,1,0,62,3.6716160774230957,{'leaf_size': 5, 'metric': 'manhattan', 'n_neighbors': 28, 'weights': 'uniform'}
060,3,0,62,1.0600874423980713,{'leaf_size': 5, 'metric': 'euclidean', 'n_neighbors': 18, 'weights': 'uniform'}
060,2,0,63,6.993436813354492,{'leaf_size': 5, 'metric': 'manhattan', 'n_neighbors': 18, 'weights': 'uniform'}
060,4,0,61,3.7335472106933594,{'leaf_size': 5, 'metric': 'manhattan', 'n_neighbors': 18, 'weights': 'uniform'}
100,4,0,62,0.6618189811706543,{'leaf_size': 5, 'metric': 'euclidean', 'n_neighbors': 18, 'weights': 'uniform'}
100,0,0,61,4.106971740722656,{'leaf_size': 5, 'metric': 'manhattan', 'n_neighbors': 18, 'weights': 'uniform'}
100,1,0,60,5.516039133071899,{'leaf_size': 5, 'metric': 'manhattan', 'n_neighbors': 28, 'weights': 'uniform'}
100,3,0,62,6.660075902938843,{'leaf_size': 5, 'metric': 'euclidean', 'n_neighbors': 18, 'weights': 'distance'}
030,0,0,59,66.66710591316223,{'leaf_size': 5, 'metric': 'euclidean', 'n_neighbors': 18, 'weights': 'uniform'}
005,1,0,62,96.74583315849304,{'leaf_size': 5, 'metric': 'manhattan', 'n_neighbors': 7, 'weights': 'uniform'}
030,4,0,64,83.54557275772095,{'leaf_size': 5, 'metric': 'euclidean', 'n_neighbors': 28, 'weights': 'uniform'}
030,1,0,60,82.03931975364685,{'leaf_size': 5, 'metric': 'manhattan', 'n_neighbors': 18, 'weights': 'uniform'}
030,3,0,62,89.5272605419159,{'leaf_size': 5, 'metric': 'manhattan', 'n_neighbors': 12, 'weights': 'uniform'}
005,4,0,51,114.25396156311035,{'leaf_size': 5, 'metric': 'manhattan', 'n_neighbors': 5, 'weights': 'uniform'}
030,2,0,62,92.52202463150024,{'leaf_size': 5, 'metric': 'manhattan', 'n_neighbors': 28, 'weights': 'uniform'}
010,1,0,59,119.23848509788513,{'leaf_size': 5, 'metric': 'euclidean', 'n_neighbors': 10, 'weights': 'distance'}
005,0,0,58,120.15619206428528,{'leaf_size': 5, 'metric': 'euclidean', 'n_neighbors': 5, 'weights': 'distance'}
015,1,0,61,114.02831864356995,{'leaf_size': 5, 'metric': 'euclidean', 'n_neighbors': 21, 'weights': 'uniform'}
015,4,0,61,115.2400233745575,{'leaf_size': 5, 'metric': 'euclidean', 'n_neighbors': 21, 'weights': 'distance'}
005,3,0,54,125.11791205406189,{'leaf_size': 5, 'metric': 'euclidean', 'n_neighbors': 5, 'weights': 'uniform'}
020,4,0,63,112.35977053642273,{'leaf_size': 5, 'metric': 'manhattan', 'n_neighbors': 12, 'weights': 'uniform'}
020,3,0,57,120.59831809997559,{'leaf_size': 5, 'metric': 'manhattan', 'n_neighbors': 28, 'weights': 'uniform'}
010,2,0,57,125.97824811935425,{'leaf_size': 5, 'metric': 'euclidean', 'n_neighbors': 14, 'weights': 'uniform'}
015,2,0,55,118.71155285835266,{'leaf_size': 5, 'metric': 'euclidean', 'n_neighbors': 15, 'weights': 'distance'}
010,0,0,50,128.742351770401,{'leaf_size': 5, 'metric': 'euclidean', 'n_neighbors': 14, 'weights': 'distance'}
010,3,0,59,130.65915870666504,{'leaf_size': 5, 'metric': 'euclidean', 'n_neighbors': 10, 'weights': 'uniform'}
005,2,0,50,138.24199652671814,{'leaf_size': 5, 'metric': 'euclidean', 'n_neighbors': 7, 'weights': 'uniform'}
020,0,0,60,127.19112133979797,{'leaf_size': 5, 'metric': 'euclidean', 'n_neighbors': 18, 'weights': 'distance'}
020,1,0,62,146.74541449546814,{'leaf_size': 5, 'metric': 'euclidean', 'n_neighbors': 12, 'weights': 'uniform'}
015,0,0,60,139.0760796070099,{'leaf_size': 5, 'metric': 'euclidean', 'n_neighbors': 21, 'weights': 'distance'}
020,2,0,60,153.29947924613953,{'leaf_size': 5, 'metric': 'euclidean', 'n_neighbors': 18, 'weights': 'uniform'}
015,3,0,62,148.90557599067688,{'leaf_size': 5, 'metric': 'manhattan', 'n_neighbors': 9, 'weights': 'uniform'}
010,4,0,60,171.86584997177124,{'leaf_size': 5, 'metric': 'euclidean', 'n_neighbors': 6, 'weights': 'uniform'}
060,4,0,61,7.82108998298645,{'leaf_size': 5, 'metric': 'euclidean', 'n_neighbors': 28, 'weights': 'uniform'}
060,2,0,60,5.189755439758301,{'leaf_size': 5, 'metric': 'euclidean', 'n_neighbors': 18, 'weights': 'distance'}
100,0,0,62,4.166119575500488,{'leaf_size': 5, 'metric': 'euclidean', 'n_neighbors': 18, 'weights': 'distance'}
060,3,0,62,4.827211141586304,{'leaf_size': 5, 'metric': 'manhattan', 'n_neighbors': 28, 'weights': 'uniform'}
060,0,0,61,6.078814506530762,{'leaf_size': 5, 'metric': 'euclidean', 'n_neighbors': 28, 'weights': 'uniform'}
060,1,0,65,9.317919969558716,{'leaf_size': 5, 'metric': 'manhattan', 'n_neighbors': 28, 'weights': 'distance'}
100,3,0,60,6.1741979122161865,{'leaf_size': 5, 'metric': 'manhattan', 'n_neighbors': 28, 'weights': 'distance'}
100,1,0,62,2.741288900375366,{'leaf_size': 5, 'metric': 'euclidean', 'n_neighbors': 18, 'weights': 'uniform'}
100,4,0,62,4.218452215194702,{'leaf_size': 5, 'metric': 'euclidean', 'n_neighbors': 28, 'weights': 'uniform'}
100,2,0,64,6.398612022399902,{'leaf_size': 5, 'metric': 'euclidean', 'n_neighbors': 28, 'weights': 'distance'}
030,3,0,61,86.51546692848206,{'leaf_size': 5, 'metric': 'manhattan', 'n_neighbors': 18, 'weights': 'distance'}
030,2,0,62,99.86891603469849,{'leaf_size': 5, 'metric': 'manhattan', 'n_neighbors': 28, 'weights': 'uniform'}
030,1,0,61,105.59735059738159,{'leaf_size': 5, 'metric': 'euclidean', 'n_neighbors': 28, 'weights': 'distance'}
030,4,0,62,94.2050518989563,{'leaf_size': 5, 'metric': 'manhattan', 'n_neighbors': 28, 'weights': 'uniform'}
030,0,0,59,100.61385798454285,{'leaf_size': 5, 'metric': 'manhattan', 'n_neighbors': 18, 'weights': 'uniform'}
020,2,0,60,121.33060383796692,{'leaf_size': 5, 'metric': 'euclidean', 'n_neighbors': 18, 'weights': 'uniform'}
020,0,0,60,120.35231494903564,{'leaf_size': 5, 'metric': 'euclidean', 'n_neighbors': 18, 'weights': 'uniform'}
010,3,0,58,125.39539861679077,{'leaf_size': 5, 'metric': 'euclidean', 'n_neighbors': 6, 'weights': 'uniform'}
005,0,0,59,135.49016547203064,{'leaf_size': 5, 'metric': 'euclidean', 'n_neighbors': 3, 'weights': 'distance'}
010,2,0,57,134.836256980896,{'leaf_size': 5, 'metric': 'euclidean', 'n_neighbors': 14, 'weights': 'uniform'}
005,3,0,53,138.90990209579468,{'leaf_size': 5, 'metric': 'euclidean', 'n_neighbors': 3, 'weights': 'uniform'}
010,0,0,52,141.050283908844,{'leaf_size': 5, 'metric': 'euclidean', 'n_neighbors': 10, 'weights': 'distance'}
010,1,0,58,142.5330467224121,{'leaf_size': 5, 'metric': 'euclidean', 'n_neighbors': 14, 'weights': 'distance'}
010,4,0,59,144.28994727134705,{'leaf_size': 5, 'metric': 'euclidean', 'n_neighbors': 10, 'weights': 'distance'}
015,0,0,59,137.59761691093445,{'leaf_size': 5, 'metric': 'euclidean', 'n_neighbors': 9, 'weights': 'uniform'}
015,2,0,55,141.34824442863464,{'leaf_size': 5, 'metric': 'euclidean', 'n_neighbors': 15, 'weights': 'uniform'}
020,1,0,62,142.72816038131714,{'leaf_size': 5, 'metric': 'euclidean', 'n_neighbors': 12, 'weights': 'uniform'}
020,4,0,62,140.91900849342346,{'leaf_size': 5, 'metric': 'manhattan', 'n_neighbors': 18, 'weights': 'uniform'}
015,4,0,57,143.6053867340088,{'leaf_size': 5, 'metric': 'manhattan', 'n_neighbors': 21, 'weights': 'distance'}
015,3,0,60,145.82748413085938,{'leaf_size': 5, 'metric': 'euclidean', 'n_neighbors': 9, 'weights': 'uniform'}
005,1,0,60,149.52039504051208,{'leaf_size': 5, 'metric': 'manhattan', 'n_neighbors': 3, 'weights': 'uniform'}
020,3,0,62,149.99973726272583,{'leaf_size': 5, 'metric': 'euclidean', 'n_neighbors': 12, 'weights': 'uniform'}
005,2,0,57,156.4338698387146,{'leaf_size': 5, 'metric': 'manhattan', 'n_neighbors': 5, 'weights': 'uniform'}
005,4,0,51,154.8542468547821,{'leaf_size': 5, 'metric': 'manhattan', 'n_neighbors': 5, 'weights': 'uniform'}
015,1,0,61,149.04839658737183,{'leaf_size': 5, 'metric': 'euclidean', 'n_neighbors': 21, 'weights': 'uniform'}
060,2,0,63,2.500164031982422,{'leaf_size': 5, 'metric': 'manhattan', 'n_neighbors': 28, 'weights': 'uniform'}
060,3,0,62,5.229984998703003,{'leaf_size': 5, 'metric': 'euclidean', 'n_neighbors': 18, 'weights': 'uniform'}
060,1,0,62,6.726879596710205,{'leaf_size': 5, 'metric': 'manhattan', 'n_neighbors': 28, 'weights': 'uniform'}
060,4,0,61,3.4331555366516113,{'leaf_size': 5, 'metric': 'euclidean', 'n_neighbors': 28, 'weights': 'uniform'}
060,0,0,61,9.454195976257324,{'leaf_size': 5, 'metric': 'euclidean', 'n_neighbors': 28, 'weights': 'uniform'}
100,4,0,60,9.028323650360107,{'leaf_size': 5, 'metric': 'manhattan', 'n_neighbors': 28, 'weights': 'uniform'}
100,1,0,62,6.38169002532959,{'leaf_size': 5, 'metric': 'euclidean', 'n_neighbors': 12, 'weights': 'uniform'}
100,2,0,62,7.722905874252319,{'leaf_size': 5, 'metric': 'manhattan', 'n_neighbors': 12, 'weights': 'uniform'}
100,0,0,62,7.8430421352386475,{'leaf_size': 5, 'metric': 'euclidean', 'n_neighbors': 18, 'weights': 'uniform'}
100,3,0,62,7.186478853225708,{'leaf_size': 5, 'metric': 'euclidean', 'n_neighbors': 18, 'weights': 'uniform'}
030,4,0,64,89.96482515335083,{'leaf_size': 5, 'metric': 'euclidean', 'n_neighbors': 28, 'weights': 'distance'}
030,3,0,62,96.7202217578888,{'leaf_size': 5, 'metric': 'euclidean', 'n_neighbors': 28, 'weights': 'distance'}
030,1,0,58,105.73786997795105,{'leaf_size': 5, 'metric': 'manhattan', 'n_neighbors': 28, 'weights': 'uniform'}
030,2,0,61,100.4796552658081,{'leaf_size': 5, 'metric': 'manhattan', 'n_neighbors': 28, 'weights': 'distance'}
030,0,0,56,105.3139328956604,{'leaf_size': 5, 'metric': 'manhattan', 'n_neighbors': 28, 'weights': 'uniform'}
005,0,0,58,123.00669384002686,{'leaf_size': 5, 'metric': 'euclidean', 'n_neighbors': 5, 'weights': 'uniform'}
005,1,0,60,127.15453791618347,{'leaf_size': 5, 'metric': 'manhattan', 'n_neighbors': 3, 'weights': 'uniform'}
005,4,0,53,129.1000554561615,{'leaf_size': 5, 'metric': 'manhattan', 'n_neighbors': 3, 'weights': 'uniform'}
005,2,0,57,131.02582907676697,{'leaf_size': 5, 'metric': 'manhattan', 'n_neighbors': 5, 'weights': 'distance'}
005,3,0,54,134.29447031021118,{'leaf_size': 5, 'metric': 'euclidean', 'n_neighbors': 5, 'weights': 'uniform'}
015,2,0,55,131.74970698356628,{'leaf_size': 5, 'metric': 'euclidean', 'n_neighbors': 15, 'weights': 'uniform'}
010,0,0,52,134.5856819152832,{'leaf_size': 5, 'metric': 'euclidean', 'n_neighbors': 6, 'weights': 'distance'}
015,4,0,54,137.1001534461975,{'leaf_size': 5, 'metric': 'manhattan', 'n_neighbors': 9, 'weights': 'uniform'}
015,3,0,60,133.7980408668518,{'leaf_size': 5, 'metric': 'euclidean', 'n_neighbors': 15, 'weights': 'uniform'}
015,1,0,61,135.292711019516,{'leaf_size': 5, 'metric': 'euclidean', 'n_neighbors': 9, 'weights': 'uniform'}
015,0,0,59,147.32019090652466,{'leaf_size': 5, 'metric': 'euclidean', 'n_neighbors': 9, 'weights': 'distance'}
020,3,0,59,153.09616327285767,{'leaf_size': 5, 'metric': 'euclidean', 'n_neighbors': 28, 'weights': 'uniform'}
020,0,0,60,154.27082800865173,{'leaf_size': 5, 'metric': 'euclidean', 'n_neighbors': 18, 'weights': 'distance'}
010,4,0,53,156.57749676704407,{'leaf_size': 5, 'metric': 'euclidean', 'n_neighbors': 10, 'weights': 'uniform'}
020,2,0,64,157.52614951133728,{'leaf_size': 5, 'metric': 'euclidean', 'n_neighbors': 28, 'weights': 'distance'}
010,3,0,56,160.50340366363525,{'leaf_size': 5, 'metric': 'manhattan', 'n_neighbors': 6, 'weights': 'uniform'}
010,2,0,56,163.38830828666687,{'leaf_size': 5, 'metric': 'manhattan', 'n_neighbors': 14, 'weights': 'uniform'}
020,1,0,60,161.7551293373108,{'leaf_size': 5, 'metric': 'manhattan', 'n_neighbors': 18, 'weights': 'uniform'}
020,4,0,57,172.02473211288452,{'leaf_size': 5, 'metric': 'manhattan', 'n_neighbors': 28, 'weights': 'uniform'}
010,1,0,57,179.56413626670837,{'leaf_size': 5, 'metric': 'euclidean', 'n_neighbors': 6, 'weights': 'distance'}
