020,4,0,57,3.397644519805908,{'leaf_size': 5, 'metric': 'euclidean', 'n_neighbors': 12, 'weights': 'distance'}
020,1,0,62,0.49228668212890625,{'leaf_size': 5, 'metric': 'euclidean', 'n_neighbors': 12, 'weights': 'distance'}
030,0,0,60,1.116523265838623,{'leaf_size': 5, 'metric': 'euclidean', 'n_neighbors': 18, 'weights': 'distance'}
020,2,0,58,0.8520989418029785,{'leaf_size': 5, 'metric': 'euclidean', 'n_neighbors': 18, 'weights': 'distance'}
020,3,0,58,1.9430465698242188,{'leaf_size': 5, 'metric': 'euclidean', 'n_neighbors': 28, 'weights': 'distance'}
030,2,0,57,2.313546895980835,{'leaf_size': 5, 'metric': 'euclidean', 'n_neighbors': 18, 'weights': 'distance'}
020,0,0,56,10.143859624862671,{'leaf_size': 5, 'metric': 'euclidean', 'n_neighbors': 18, 'weights': 'distance'}
030,4,0,55,8.36081314086914,{'leaf_size': 5, 'metric': 'manhattan', 'n_neighbors': 18, 'weights': 'distance'}
030,1,0,60,10.134042978286743,{'leaf_size': 5, 'metric': 'euclidean', 'n_neighbors': 12, 'weights': 'distance'}
030,3,0,62,7.276382923126221,{'leaf_size': 5, 'metric': 'euclidean', 'n_neighbors': 12, 'weights': 'distance'}
060,4,0,58,5.903863906860352,{'leaf_size': 5, 'metric': 'euclidean', 'n_neighbors': 12, 'weights': 'distance'}
060,3,0,54,11.033952236175537,{'leaf_size': 5, 'metric': 'euclidean', 'n_neighbors': 18, 'weights': 'distance'}
100,0,0,56,7.456169843673706,{'leaf_size': 5, 'metric': 'manhattan', 'n_neighbors': 12, 'weights': 'distance'}
060,0,0,58,6.993674039840698,{'leaf_size': 5, 'metric': 'euclidean', 'n_neighbors': 18, 'weights': 'distance'}
060,1,0,56,8.36646294593811,{'leaf_size': 5, 'metric': 'euclidean', 'n_neighbors': 18, 'weights': 'distance'}
060,2,0,62,8.306352615356445,{'leaf_size': 5, 'metric': 'manhattan', 'n_neighbors': 18, 'weights': 'distance'}
100,1,0,56,9.667837619781494,{'leaf_size': 5, 'metric': 'manhattan', 'n_neighbors': 12, 'weights': 'distance'}
100,2,0,58,6.963516712188721,{'leaf_size': 5, 'metric': 'euclidean', 'n_neighbors': 12, 'weights': 'distance'}
100,4,0,58,6.182976722717285,{'leaf_size': 5, 'metric': 'euclidean', 'n_neighbors': 12, 'weights': 'distance'}
100,3,0,58,5.725314140319824,{'leaf_size': 5, 'metric': 'euclidean', 'n_neighbors': 28, 'weights': 'distance'}
015,2,0,54,77.62019920349121,{'leaf_size': 5, 'metric': 'manhattan', 'n_neighbors': 12, 'weights': 'distance'}
015,0,0,54,85.78499913215637,{'leaf_size': 5, 'metric': 'euclidean', 'n_neighbors': 12, 'weights': 'distance'}
015,3,0,52,86.96334409713745,{'leaf_size': 5, 'metric': 'euclidean', 'n_neighbors': 18, 'weights': 'distance'}
015,1,0,55,101.41864514350891,{'leaf_size': 5, 'metric': 'euclidean', 'n_neighbors': 28, 'weights': 'distance'}
015,4,0,62,95.97166562080383,{'leaf_size': 5, 'metric': 'euclidean', 'n_neighbors': 28, 'weights': 'distance'}
010,1,0,50,113.67111778259277,{'leaf_size': 5, 'metric': 'euclidean', 'n_neighbors': 12, 'weights': 'distance'}
005,1,0,58,134.47739124298096,{'leaf_size': 5, 'metric': 'euclidean', 'n_neighbors': 6, 'weights': 'distance'}
005,0,0,52,137.19047737121582,{'leaf_size': 5, 'metric': 'euclidean', 'n_neighbors': 6, 'weights': 'distance'}
010,4,0,51,130.00243616104126,{'leaf_size': 5, 'metric': 'euclidean', 'n_neighbors': 12, 'weights': 'distance'}
005,3,0,57,139.8462541103363,{'leaf_size': 5, 'metric': 'euclidean', 'n_neighbors': 6, 'weights': 'distance'}
005,2,0,58,154.87839937210083,{'leaf_size': 5, 'metric': 'euclidean', 'n_neighbors': 14, 'weights': 'distance'}
010,2,0,55,148.27104091644287,{'leaf_size': 5, 'metric': 'euclidean', 'n_neighbors': 18, 'weights': 'distance'}
005,4,0,62,150.5655972957611,{'leaf_size': 5, 'metric': 'euclidean', 'n_neighbors': 6, 'weights': 'distance'}
010,3,0,52,150.70555901527405,{'leaf_size': 5, 'metric': 'euclidean', 'n_neighbors': 12, 'weights': 'distance'}
010,0,0,58,154.10930371284485,{'leaf_size': 5, 'metric': 'manhattan', 'n_neighbors': 18, 'weights': 'distance'}
020,0,0,56,10.709262371063232,{'leaf_size': 5, 'metric': 'euclidean', 'n_neighbors': 28, 'weights': 'distance'}
020,2,0,56,7.2599616050720215,{'leaf_size': 5, 'metric': 'euclidean', 'n_neighbors': 12, 'weights': 'distance'}
020,3,0,59,9.050447940826416,{'leaf_size': 5, 'metric': 'manhattan', 'n_neighbors': 12, 'weights': 'distance'}
020,1,0,62,9.711704730987549,{'leaf_size': 5, 'metric': 'euclidean', 'n_neighbors': 12, 'weights': 'distance'}
020,4,0,57,11.402036190032959,{'leaf_size': 5, 'metric': 'euclidean', 'n_neighbors': 12, 'weights': 'distance'}
030,1,0,60,5.907395839691162,{'leaf_size': 5, 'metric': 'euclidean', 'n_neighbors': 28, 'weights': 'distance'}
030,4,0,57,6.636438608169556,{'leaf_size': 5, 'metric': 'euclidean', 'n_neighbors': 28, 'weights': 'distance'}
030,0,0,62,8.25500202178955,{'leaf_size': 5, 'metric': 'euclidean', 'n_neighbors': 28, 'weights': 'distance'}
060,4,0,58,5.621765375137329,{'leaf_size': 5, 'metric': 'euclidean', 'n_neighbors': 12, 'weights': 'distance'}
060,3,0,59,3.260819911956787,{'leaf_size': 5, 'metric': 'euclidean', 'n_neighbors': 28, 'weights': 'distance'}
030,2,0,59,10.446393251419067,{'leaf_size': 5, 'metric': 'euclidean', 'n_neighbors': 12, 'weights': 'distance'}
030,3,0,63,13.093676328659058,{'leaf_size': 5, 'metric': 'manhattan', 'n_neighbors': 18, 'weights': 'distance'}
060,2,0,62,9.305001020431519,{'leaf_size': 5, 'metric': 'manhattan', 'n_neighbors': 18, 'weights': 'distance'}
060,1,0,58,8.275275707244873,{'leaf_size': 5, 'metric': 'manhattan', 'n_neighbors': 28, 'weights': 'distance'}
060,0,0,57,9.932693004608154,{'leaf_size': 5, 'metric': 'euclidean', 'n_neighbors': 12, 'weights': 'distance'}
100,2,0,58,9.739503145217896,{'leaf_size': 5, 'metric': 'euclidean', 'n_neighbors': 12, 'weights': 'distance'}
015,2,0,56,66.78524827957153,{'leaf_size': 5, 'metric': 'manhattan', 'n_neighbors': 18, 'weights': 'distance'}
100,1,0,59,4.386902570724487,{'leaf_size': 5, 'metric': 'manhattan', 'n_neighbors': 28, 'weights': 'distance'}
100,3,0,58,9.271175861358643,{'leaf_size': 5, 'metric': 'euclidean', 'n_neighbors': 12, 'weights': 'distance'}
100,4,0,59,7.779167652130127,{'leaf_size': 5, 'metric': 'manhattan', 'n_neighbors': 18, 'weights': 'distance'}
100,0,0,56,11.139774799346924,{'leaf_size': 5, 'metric': 'manhattan', 'n_neighbors': 12, 'weights': 'distance'}
015,1,0,54,88.49449634552002,{'leaf_size': 5, 'metric': 'euclidean', 'n_neighbors': 12, 'weights': 'distance'}
015,3,0,52,88.90791773796082,{'leaf_size': 5, 'metric': 'euclidean', 'n_neighbors': 18, 'weights': 'distance'}
015,0,0,54,93.38681840896606,{'leaf_size': 5, 'metric': 'euclidean', 'n_neighbors': 12, 'weights': 'distance'}
005,3,0,57,101.74985718727112,{'leaf_size': 5, 'metric': 'euclidean', 'n_neighbors': 6, 'weights': 'distance'}
010,1,0,49,118.36999773979187,{'leaf_size': 5, 'metric': 'manhattan', 'n_neighbors': 12, 'weights': 'distance'}
015,4,0,59,110.7697012424469,{'leaf_size': 5, 'metric': 'euclidean', 'n_neighbors': 12, 'weights': 'distance'}
010,3,0,52,118.16512441635132,{'leaf_size': 5, 'metric': 'euclidean', 'n_neighbors': 12, 'weights': 'distance'}
005,0,0,52,137.26872897148132,{'leaf_size': 5, 'metric': 'euclidean', 'n_neighbors': 6, 'weights': 'distance'}
010,0,0,57,136.8406949043274,{'leaf_size': 5, 'metric': 'euclidean', 'n_neighbors': 12, 'weights': 'distance'}
005,1,0,54,151.52632784843445,{'leaf_size': 5, 'metric': 'euclidean', 'n_neighbors': 10, 'weights': 'distance'}
005,2,0,59,151.97568440437317,{'leaf_size': 5, 'metric': 'euclidean', 'n_neighbors': 6, 'weights': 'distance'}
005,4,0,62,155.35633063316345,{'leaf_size': 5, 'metric': 'euclidean', 'n_neighbors': 6, 'weights': 'distance'}
010,2,0,54,151.86659860610962,{'leaf_size': 5, 'metric': 'euclidean', 'n_neighbors': 12, 'weights': 'distance'}
010,4,0,56,150.3038375377655,{'leaf_size': 5, 'metric': 'euclidean', 'n_neighbors': 28, 'weights': 'distance'}
020,4,0,57,0.24428677558898926,{'leaf_size': 5, 'metric': 'euclidean', 'n_neighbors': 12, 'weights': 'distance'}
030,2,0,59,0.13381314277648926,{'leaf_size': 5, 'metric': 'euclidean', 'n_neighbors': 12, 'weights': 'distance'}
030,4,0,57,0.2010054588317871,{'leaf_size': 5, 'metric': 'euclidean', 'n_neighbors': 28, 'weights': 'distance'}
060,1,0,59,0.16272616386413574,{'leaf_size': 5, 'metric': 'euclidean', 'n_neighbors': 12, 'weights': 'distance'}
060,2,0,60,0.630601167678833,{'leaf_size': 5, 'metric': 'euclidean', 'n_neighbors': 28, 'weights': 'distance'}
060,3,0,59,0.18369793891906738,{'leaf_size': 5, 'metric': 'euclidean', 'n_neighbors': 28, 'weights': 'distance'}
020,0,0,55,8.918510913848877,{'leaf_size': 5, 'metric': 'euclidean', 'n_neighbors': 12, 'weights': 'distance'}
020,1,0,61,6.487115859985352,{'leaf_size': 5, 'metric': 'manhattan', 'n_neighbors': 28, 'weights': 'distance'}
020,3,0,58,6.5349977016448975,{'leaf_size': 5, 'metric': 'euclidean', 'n_neighbors': 18, 'weights': 'distance'}
020,2,0,54,8.613373279571533,{'leaf_size': 5, 'metric': 'manhattan', 'n_neighbors': 28, 'weights': 'distance'}
030,1,0,58,5.9624834060668945,{'leaf_size': 5, 'metric': 'manhattan', 'n_neighbors': 28, 'weights': 'distance'}
030,3,0,63,7.163494348526001,{'leaf_size': 5, 'metric': 'euclidean', 'n_neighbors': 18, 'weights': 'distance'}
060,4,0,58,10.432461500167847,{'leaf_size': 5, 'metric': 'euclidean', 'n_neighbors': 12, 'weights': 'distance'}
030,0,0,61,6.844617128372192,{'leaf_size': 5, 'metric': 'euclidean', 'n_neighbors': 12, 'weights': 'distance'}
100,0,0,56,14.430017232894897,{'leaf_size': 5, 'metric': 'manhattan', 'n_neighbors': 12, 'weights': 'distance'}
100,1,0,58,9.794812679290771,{'leaf_size': 5, 'metric': 'euclidean', 'n_neighbors': 12, 'weights': 'distance'}
100,2,0,58,11.499468326568604,{'leaf_size': 5, 'metric': 'euclidean', 'n_neighbors': 12, 'weights': 'distance'}
100,3,0,56,9.893988132476807,{'leaf_size': 5, 'metric': 'manhattan', 'n_neighbors': 12, 'weights': 'distance'}
060,0,0,60,10.85400128364563,{'leaf_size': 5, 'metric': 'euclidean', 'n_neighbors': 28, 'weights': 'distance'}
100,4,0,58,6.667961120605469,{'leaf_size': 5, 'metric': 'euclidean', 'n_neighbors': 12, 'weights': 'distance'}
015,2,0,57,65.75613141059875,{'leaf_size': 5, 'metric': 'euclidean', 'n_neighbors': 18, 'weights': 'distance'}
015,4,0,59,66.20383262634277,{'leaf_size': 5, 'metric': 'euclidean', 'n_neighbors': 12, 'weights': 'distance'}
005,3,0,57,81.54621744155884,{'leaf_size': 5, 'metric': 'euclidean', 'n_neighbors': 6, 'weights': 'distance'}
015,3,0,52,76.73721623420715,{'leaf_size': 5, 'metric': 'euclidean', 'n_neighbors': 12, 'weights': 'distance'}
015,1,0,54,83.11334824562073,{'leaf_size': 5, 'metric': 'manhattan', 'n_neighbors': 12, 'weights': 'distance'}
015,0,0,54,82.495849609375,{'leaf_size': 5, 'metric': 'euclidean', 'n_neighbors': 12, 'weights': 'distance'}
010,4,0,51,99.08221006393433,{'leaf_size': 5, 'metric': 'euclidean', 'n_neighbors': 12, 'weights': 'distance'}
010,3,0,56,112.70450019836426,{'leaf_size': 5, 'metric': 'euclidean', 'n_neighbors': 18, 'weights': 'distance'}
010,2,0,58,115.25639653205872,{'leaf_size': 5, 'metric': 'euclidean', 'n_neighbors': 28, 'weights': 'distance'}
005,0,0,52,131.0764000415802,{'leaf_size': 5, 'metric': 'euclidean', 'n_neighbors': 6, 'weights': 'distance'}
010,1,0,55,120.49087595939636,{'leaf_size': 5, 'metric': 'euclidean', 'n_neighbors': 28, 'weights': 'distance'}
005,1,0,58,143.24620580673218,{'leaf_size': 5, 'metric': 'euclidean', 'n_neighbors': 6, 'weights': 'distance'}
005,4,0,62,136.70602917671204,{'leaf_size': 5, 'metric': 'euclidean', 'n_neighbors': 6, 'weights': 'distance'}
005,2,0,59,145.11211276054382,{'leaf_size': 5, 'metric': 'euclidean', 'n_neighbors': 6, 'weights': 'distance'}
010,0,0,57,138.69495153427124,{'leaf_size': 5, 'metric': 'euclidean', 'n_neighbors': 12, 'weights': 'distance'}
020,0,0,55,2.646591901779175,{'leaf_size': 5, 'metric': 'euclidean', 'n_neighbors': 12, 'weights': 'distance'}
030,0,0,60,2.1933629512786865,{'leaf_size': 5, 'metric': 'euclidean', 'n_neighbors': 18, 'weights': 'distance'}
030,1,0,58,3.3071398735046387,{'leaf_size': 5, 'metric': 'manhattan', 'n_neighbors': 28, 'weights': 'distance'}
020,3,0,58,5.058141708374023,{'leaf_size': 5, 'metric': 'euclidean', 'n_neighbors': 28, 'weights': 'distance'}
020,2,0,56,10.943793058395386,{'leaf_size': 5, 'metric': 'euclidean', 'n_neighbors': 12, 'weights': 'distance'}
020,1,0,62,9.001336097717285,{'leaf_size': 5, 'metric': 'euclidean', 'n_neighbors': 12, 'weights': 'distance'}
020,4,0,57,8.622874021530151,{'leaf_size': 5, 'metric': 'euclidean', 'n_neighbors': 12, 'weights': 'distance'}
030,4,0,55,2.2512073516845703,{'leaf_size': 5, 'metric': 'euclidean', 'n_neighbors': 18, 'weights': 'distance'}
030,3,0,62,5.672837018966675,{'leaf_size': 5, 'metric': 'euclidean', 'n_neighbors': 12, 'weights': 'distance'}
060,0,0,57,2.199108600616455,{'leaf_size': 5, 'metric': 'euclidean', 'n_neighbors': 12, 'weights': 'distance'}
100,3,0,58,2.210008144378662,{'leaf_size': 5, 'metric': 'euclidean', 'n_neighbors': 12, 'weights': 'distance'}
060,1,0,58,3.8919711112976074,{'leaf_size': 5, 'metric': 'manhattan', 'n_neighbors': 18, 'weights': 'distance'}
060,3,0,59,1.1021783351898193,{'leaf_size': 5, 'metric': 'euclidean', 'n_neighbors': 28, 'weights': 'distance'}
030,2,0,61,10.70885968208313,{'leaf_size': 5, 'metric': 'euclidean', 'n_neighbors': 28, 'weights': 'distance'}
015,3,0,52,48.97455143928528,{'leaf_size': 5, 'metric': 'euclidean', 'n_neighbors': 12, 'weights': 'distance'}
060,2,0,60,5.57703709602356,{'leaf_size': 5, 'metric': 'manhattan', 'n_neighbors': 12, 'weights': 'distance'}
060,4,0,60,6.751214981079102,{'leaf_size': 5, 'metric': 'manhattan', 'n_neighbors': 18, 'weights': 'distance'}
015,0,0,54,57.37562322616577,{'leaf_size': 5, 'metric': 'euclidean', 'n_neighbors': 12, 'weights': 'distance'}
100,1,0,59,7.39029598236084,{'leaf_size': 5, 'metric': 'manhattan', 'n_neighbors': 28, 'weights': 'distance'}
015,1,0,54,60.55915355682373,{'leaf_size': 5, 'metric': 'euclidean', 'n_neighbors': 12, 'weights': 'distance'}
015,4,0,62,67.51061820983887,{'leaf_size': 5, 'metric': 'euclidean', 'n_neighbors': 28, 'weights': 'distance'}
100,0,0,56,12.01119589805603,{'leaf_size': 5, 'metric': 'manhattan', 'n_neighbors': 12, 'weights': 'distance'}
100,4,0,56,3.6732325553894043,{'leaf_size': 5, 'metric': 'manhattan', 'n_neighbors': 12, 'weights': 'distance'}
100,2,0,60,9.905377388000488,{'leaf_size': 5, 'metric': 'euclidean', 'n_neighbors': 18, 'weights': 'distance'}
015,2,0,57,79.35908555984497,{'leaf_size': 5, 'metric': 'euclidean', 'n_neighbors': 18, 'weights': 'distance'}
005,4,0,62,101.00501155853271,{'leaf_size': 5, 'metric': 'euclidean', 'n_neighbors': 6, 'weights': 'distance'}
010,3,0,52,94.73465490341187,{'leaf_size': 5, 'metric': 'euclidean', 'n_neighbors': 12, 'weights': 'distance'}
010,1,0,50,116.47209334373474,{'leaf_size': 5, 'metric': 'euclidean', 'n_neighbors': 12, 'weights': 'distance'}
005,0,0,52,132.40623927116394,{'leaf_size': 5, 'metric': 'euclidean', 'n_neighbors': 6, 'weights': 'distance'}
010,4,0,51,126.27291631698608,{'leaf_size': 5, 'metric': 'euclidean', 'n_neighbors': 12, 'weights': 'distance'}
005,1,0,58,150.35662722587585,{'leaf_size': 5, 'metric': 'euclidean', 'n_neighbors': 6, 'weights': 'distance'}
005,2,0,59,152.91045093536377,{'leaf_size': 5, 'metric': 'euclidean', 'n_neighbors': 6, 'weights': 'distance'}
010,2,0,54,140.73136234283447,{'leaf_size': 5, 'metric': 'euclidean', 'n_neighbors': 12, 'weights': 'distance'}
010,0,0,60,148.1856710910797,{'leaf_size': 5, 'metric': 'euclidean', 'n_neighbors': 18, 'weights': 'distance'}
005,3,0,57,151.27429866790771,{'leaf_size': 5, 'metric': 'euclidean', 'n_neighbors': 6, 'weights': 'distance'}
020,0,0,55,2.4046809673309326,{'leaf_size': 5, 'metric': 'euclidean', 'n_neighbors': 12, 'weights': 'distance'}
030,0,0,61,1.29258131980896,{'leaf_size': 5, 'metric': 'manhattan', 'n_neighbors': 12, 'weights': 'distance'}
020,2,0,56,4.691471099853516,{'leaf_size': 5, 'metric': 'euclidean', 'n_neighbors': 12, 'weights': 'distance'}
030,1,0,58,2.7390952110290527,{'leaf_size': 5, 'metric': 'manhattan', 'n_neighbors': 12, 'weights': 'distance'}
020,1,0,62,8.106419324874878,{'leaf_size': 5, 'metric': 'euclidean', 'n_neighbors': 12, 'weights': 'distance'}
020,3,0,59,6.242893695831299,{'leaf_size': 5, 'metric': 'manhattan', 'n_neighbors': 12, 'weights': 'distance'}
060,1,0,59,1.3593029975891113,{'leaf_size': 5, 'metric': 'euclidean', 'n_neighbors': 12, 'weights': 'distance'}
060,3,0,59,3.516101837158203,{'leaf_size': 5, 'metric': 'euclidean', 'n_neighbors': 28, 'weights': 'distance'}
030,4,0,55,2.84883451461792,{'leaf_size': 5, 'metric': 'manhattan', 'n_neighbors': 18, 'weights': 'distance'}
020,4,0,57,10.640686750411987,{'leaf_size': 5, 'metric': 'euclidean', 'n_neighbors': 12, 'weights': 'distance'}
030,3,0,65,12.087661027908325,{'leaf_size': 5, 'metric': 'euclidean', 'n_neighbors': 28, 'weights': 'distance'}
030,2,0,59,6.029883146286011,{'leaf_size': 5, 'metric': 'euclidean', 'n_neighbors': 12, 'weights': 'distance'}
100,0,0,58,4.623191595077515,{'leaf_size': 5, 'metric': 'euclidean', 'n_neighbors': 12, 'weights': 'distance'}
060,4,0,61,9.470664739608765,{'leaf_size': 5, 'metric': 'euclidean', 'n_neighbors': 28, 'weights': 'distance'}
015,0,0,54,47.63123440742493,{'leaf_size': 5, 'metric': 'euclidean', 'n_neighbors': 18, 'weights': 'distance'}
060,2,0,57,9.967032432556152,{'leaf_size': 5, 'metric': 'euclidean', 'n_neighbors': 12, 'weights': 'distance'}
060,0,0,58,8.845428943634033,{'leaf_size': 5, 'metric': 'euclidean', 'n_neighbors': 18, 'weights': 'distance'}
100,1,0,58,7.410110950469971,{'leaf_size': 5, 'metric': 'euclidean', 'n_neighbors': 12, 'weights': 'distance'}
100,4,0,59,8.48928713798523,{'leaf_size': 5, 'metric': 'manhattan', 'n_neighbors': 28, 'weights': 'distance'}
100,2,0,58,13.576171875,{'leaf_size': 5, 'metric': 'euclidean', 'n_neighbors': 12, 'weights': 'distance'}
015,4,0,62,71.56438374519348,{'leaf_size': 5, 'metric': 'manhattan', 'n_neighbors': 28, 'weights': 'distance'}
100,3,0,58,11.777984380722046,{'leaf_size': 5, 'metric': 'euclidean', 'n_neighbors': 12, 'weights': 'distance'}
005,4,0,62,98.1869888305664,{'leaf_size': 5, 'metric': 'euclidean', 'n_neighbors': 6, 'weights': 'distance'}
015,2,0,57,85.64165019989014,{'leaf_size': 5, 'metric': 'euclidean', 'n_neighbors': 28, 'weights': 'distance'}
015,1,0,54,89.63432216644287,{'leaf_size': 5, 'metric': 'euclidean', 'n_neighbors': 12, 'weights': 'distance'}
010,4,0,56,96.59246182441711,{'leaf_size': 5, 'metric': 'euclidean', 'n_neighbors': 28, 'weights': 'distance'}
015,3,0,52,89.47554636001587,{'leaf_size': 5, 'metric': 'manhattan', 'n_neighbors': 28, 'weights': 'distance'}
010,0,0,60,108.56773161888123,{'leaf_size': 5, 'metric': 'euclidean', 'n_neighbors': 18, 'weights': 'distance'}
005,0,0,52,126.08483028411865,{'leaf_size': 5, 'metric': 'euclidean', 'n_neighbors': 6, 'weights': 'distance'}
010,3,0,56,125.05715727806091,{'leaf_size': 5, 'metric': 'euclidean', 'n_neighbors': 18, 'weights': 'distance'}
005,2,0,59,135.06685209274292,{'leaf_size': 5, 'metric': 'euclidean', 'n_neighbors': 6, 'weights': 'distance'}
005,1,0,58,140.24974250793457,{'leaf_size': 5, 'metric': 'euclidean', 'n_neighbors': 6, 'weights': 'distance'}
005,3,0,57,140.0782928466797,{'leaf_size': 5, 'metric': 'euclidean', 'n_neighbors': 6, 'weights': 'distance'}
010,2,0,58,139.73644542694092,{'leaf_size': 5, 'metric': 'euclidean', 'n_neighbors': 28, 'weights': 'distance'}
010,1,0,48,141.70486855506897,{'leaf_size': 5, 'metric': 'euclidean', 'n_neighbors': 18, 'weights': 'distance'}
020,3,0,58,1.4635353088378906,{'leaf_size': 5, 'metric': 'euclidean', 'n_neighbors': 12, 'weights': 'distance'}
020,1,0,59,4.162952184677124,{'leaf_size': 5, 'metric': 'manhattan', 'n_neighbors': 12, 'weights': 'distance'}
020,2,0,56,5.853795528411865,{'leaf_size': 5, 'metric': 'euclidean', 'n_neighbors': 12, 'weights': 'distance'}
020,0,0,56,6.190809726715088,{'leaf_size': 5, 'metric': 'manhattan', 'n_neighbors': 28, 'weights': 'distance'}
020,4,0,57,6.471312999725342,{'leaf_size': 5, 'metric': 'euclidean', 'n_neighbors': 12, 'weights': 'distance'}
030,0,0,61,5.1253979206085205,{'leaf_size': 5, 'metric': 'manhattan', 'n_neighbors': 12, 'weights': 'distance'}
030,3,0,63,2.533414125442505,{'leaf_size': 5, 'metric': 'euclidean', 'n_neighbors': 18, 'weights': 'distance'}
030,2,0,59,3.720187187194824,{'leaf_size': 5, 'metric': 'euclidean', 'n_neighbors': 12, 'weights': 'distance'}
030,1,0,60,5.761612415313721,{'leaf_size': 5, 'metric': 'euclidean', 'n_neighbors': 12, 'weights': 'distance'}
060,1,0,56,1.7751703262329102,{'leaf_size': 5, 'metric': 'euclidean', 'n_neighbors': 18, 'weights': 'distance'}
060,3,0,54,0.2615973949432373,{'leaf_size': 5, 'metric': 'euclidean', 'n_neighbors': 18, 'weights': 'distance'}
030,4,0,57,11.00383996963501,{'leaf_size': 5, 'metric': 'euclidean', 'n_neighbors': 28, 'weights': 'distance'}
060,0,0,60,7.422353506088257,{'leaf_size': 5, 'metric': 'euclidean', 'n_neighbors': 28, 'weights': 'distance'}
100,0,0,58,1.585387945175171,{'leaf_size': 5, 'metric': 'euclidean', 'n_neighbors': 12, 'weights': 'distance'}
015,0,0,54,55.42398405075073,{'leaf_size': 5, 'metric': 'euclidean', 'n_neighbors': 12, 'weights': 'distance'}
100,2,0,58,7.910226821899414,{'leaf_size': 5, 'metric': 'euclidean', 'n_neighbors': 28, 'weights': 'distance'}
060,2,0,62,9.412776470184326,{'leaf_size': 5, 'metric': 'manhattan', 'n_neighbors': 18, 'weights': 'distance'}
100,3,0,59,8.830682516098022,{'leaf_size': 5, 'metric': 'manhattan', 'n_neighbors': 18, 'weights': 'distance'}
015,1,0,55,57.24960494041443,{'leaf_size': 5, 'metric': 'manhattan', 'n_neighbors': 18, 'weights': 'distance'}
060,4,0,58,10.048549175262451,{'leaf_size': 5, 'metric': 'euclidean', 'n_neighbors': 18, 'weights': 'distance'}
100,1,0,58,7.295161008834839,{'leaf_size': 5, 'metric': 'euclidean', 'n_neighbors': 12, 'weights': 'distance'}
100,4,0,58,8.387817144393921,{'leaf_size': 5, 'metric': 'euclidean', 'n_neighbors': 28, 'weights': 'distance'}
015,2,0,51,66.46189069747925,{'leaf_size': 5, 'metric': 'euclidean', 'n_neighbors': 12, 'weights': 'distance'}
015,3,0,52,81.6189935207367,{'leaf_size': 5, 'metric': 'manhattan', 'n_neighbors': 28, 'weights': 'distance'}
015,4,0,59,81.85545921325684,{'leaf_size': 5, 'metric': 'manhattan', 'n_neighbors': 12, 'weights': 'distance'}
005,3,0,57,101.90696215629578,{'leaf_size': 5, 'metric': 'euclidean', 'n_neighbors': 6, 'weights': 'distance'}
005,4,0,62,109.21232748031616,{'leaf_size': 5, 'metric': 'euclidean', 'n_neighbors': 6, 'weights': 'distance'}
005,1,0,58,113.96633315086365,{'leaf_size': 5, 'metric': 'euclidean', 'n_neighbors': 6, 'weights': 'distance'}
010,2,0,58,110.30462718009949,{'leaf_size': 5, 'metric': 'euclidean', 'n_neighbors': 28, 'weights': 'distance'}
010,0,0,60,116.98077630996704,{'leaf_size': 5, 'metric': 'euclidean', 'n_neighbors': 18, 'weights': 'distance'}
010,4,0,51,109.03710794448853,{'leaf_size': 5, 'metric': 'euclidean', 'n_neighbors': 12, 'weights': 'distance'}
010,1,0,50,121.23796772956848,{'leaf_size': 5, 'metric': 'euclidean', 'n_neighbors': 12, 'weights': 'distance'}
010,3,0,56,123.02171230316162,{'leaf_size': 5, 'metric': 'euclidean', 'n_neighbors': 18, 'weights': 'distance'}
005,2,0,59,136.3985731601715,{'leaf_size': 5, 'metric': 'euclidean', 'n_neighbors': 6, 'weights': 'distance'}
005,0,0,52,140.73792481422424,{'leaf_size': 5, 'metric': 'euclidean', 'n_neighbors': 6, 'weights': 'distance'}
020,1,0,62,2.3678858280181885,{'leaf_size': 5, 'metric': 'euclidean', 'n_neighbors': 12, 'weights': 'distance'}
020,3,0,58,5.075584888458252,{'leaf_size': 5, 'metric': 'euclidean', 'n_neighbors': 18, 'weights': 'distance'}
020,0,0,56,6.084726810455322,{'leaf_size': 5, 'metric': 'euclidean', 'n_neighbors': 28, 'weights': 'distance'}
020,2,0,56,6.017144203186035,{'leaf_size': 5, 'metric': 'manhattan', 'n_neighbors': 18, 'weights': 'distance'}
020,4,0,57,6.482796907424927,{'leaf_size': 5, 'metric': 'euclidean', 'n_neighbors': 12, 'weights': 'distance'}
030,1,0,60,3.2412333488464355,{'leaf_size': 5, 'metric': 'euclidean', 'n_neighbors': 28, 'weights': 'distance'}
030,0,0,61,7.6252052783966064,{'leaf_size': 5, 'metric': 'manhattan', 'n_neighbors': 12, 'weights': 'distance'}
060,0,0,57,3.968135118484497,{'leaf_size': 5, 'metric': 'euclidean', 'n_neighbors': 12, 'weights': 'distance'}
030,3,0,63,5.902109146118164,{'leaf_size': 5, 'metric': 'manhattan', 'n_neighbors': 18, 'weights': 'distance'}
030,4,0,57,5.493854999542236,{'leaf_size': 5, 'metric': 'euclidean', 'n_neighbors': 28, 'weights': 'distance'}
060,2,0,57,7.339494705200195,{'leaf_size': 5, 'metric': 'euclidean', 'n_neighbors': 12, 'weights': 'distance'}
030,2,0,57,8.340290784835815,{'leaf_size': 5, 'metric': 'manhattan', 'n_neighbors': 12, 'weights': 'distance'}
060,1,0,60,1.2721819877624512,{'leaf_size': 5, 'metric': 'euclidean', 'n_neighbors': 28, 'weights': 'distance'}
100,0,0,56,3.1227974891662598,{'leaf_size': 5, 'metric': 'manhattan', 'n_neighbors': 12, 'weights': 'distance'}
100,1,0,56,5.871074438095093,{'leaf_size': 5, 'metric': 'manhattan', 'n_neighbors': 12, 'weights': 'distance'}
100,4,0,59,4.476953506469727,{'leaf_size': 5, 'metric': 'manhattan', 'n_neighbors': 18, 'weights': 'distance'}
100,3,0,58,3.562727212905884,{'leaf_size': 5, 'metric': 'euclidean', 'n_neighbors': 12, 'weights': 'distance'}
060,4,0,61,4.901921510696411,{'leaf_size': 5, 'metric': 'euclidean', 'n_neighbors': 28, 'weights': 'distance'}
060,3,0,55,12.319212198257446,{'leaf_size': 5, 'metric': 'manhattan', 'n_neighbors': 12, 'weights': 'distance'}
015,0,0,53,69.45470070838928,{'leaf_size': 5, 'metric': 'euclidean', 'n_neighbors': 28, 'weights': 'distance'}
015,2,0,57,67.47873950004578,{'leaf_size': 5, 'metric': 'euclidean', 'n_neighbors': 28, 'weights': 'distance'}
015,1,0,58,69.91634845733643,{'leaf_size': 5, 'metric': 'manhattan', 'n_neighbors': 28, 'weights': 'distance'}
015,3,0,52,68.76209259033203,{'leaf_size': 5, 'metric': 'euclidean', 'n_neighbors': 12, 'weights': 'distance'}
100,2,0,59,9.676299810409546,{'leaf_size': 5, 'metric': 'manhattan', 'n_neighbors': 18, 'weights': 'distance'}
005,4,0,62,92.61663222312927,{'leaf_size': 5, 'metric': 'euclidean', 'n_neighbors': 6, 'weights': 'distance'}
015,4,0,59,73.1250479221344,{'leaf_size': 5, 'metric': 'euclidean', 'n_neighbors': 12, 'weights': 'distance'}
010,2,0,55,108.01726913452148,{'leaf_size': 5, 'metric': 'euclidean', 'n_neighbors': 18, 'weights': 'distance'}
005,2,0,59,124.25470423698425,{'leaf_size': 5, 'metric': 'euclidean', 'n_neighbors': 6, 'weights': 'distance'}
005,0,0,52,131.1639723777771,{'leaf_size': 5, 'metric': 'euclidean', 'n_neighbors': 6, 'weights': 'distance'}
010,4,0,51,113.92520785331726,{'leaf_size': 5, 'metric': 'euclidean', 'n_neighbors': 12, 'weights': 'distance'}
010,3,0,56,118.2280821800232,{'leaf_size': 5, 'metric': 'euclidean', 'n_neighbors': 18, 'weights': 'distance'}
005,1,0,58,147.29971981048584,{'leaf_size': 5, 'metric': 'euclidean', 'n_neighbors': 6, 'weights': 'distance'}
010,1,0,50,136.66811800003052,{'leaf_size': 5, 'metric': 'euclidean', 'n_neighbors': 12, 'weights': 'distance'}
010,0,0,57,142.283793926239,{'leaf_size': 5, 'metric': 'euclidean', 'n_neighbors': 12, 'weights': 'distance'}
005,3,0,57,144.65111446380615,{'leaf_size': 5, 'metric': 'euclidean', 'n_neighbors': 6, 'weights': 'distance'}
020,0,0,56,5.658388614654541,{'leaf_size': 5, 'metric': 'euclidean', 'n_neighbors': 18, 'weights': 'distance'}
020,4,0,57,1.5421791076660156,{'leaf_size': 5, 'metric': 'euclidean', 'n_neighbors': 12, 'weights': 'distance'}
020,1,0,59,6.0549750328063965,{'leaf_size': 5, 'metric': 'manhattan', 'n_neighbors': 12, 'weights': 'distance'}
020,2,0,56,1.3979251384735107,{'leaf_size': 5, 'metric': 'euclidean', 'n_neighbors': 12, 'weights': 'distance'}
020,3,0,58,0.8678820133209229,{'leaf_size': 5, 'metric': 'euclidean', 'n_neighbors': 12, 'weights': 'distance'}
030,1,0,60,5.4586803913116455,{'leaf_size': 5, 'metric': 'euclidean', 'n_neighbors': 18, 'weights': 'distance'}
030,4,0,55,6.702416181564331,{'leaf_size': 5, 'metric': 'manhattan', 'n_neighbors': 12, 'weights': 'distance'}
030,3,0,62,4.594456911087036,{'leaf_size': 5, 'metric': 'euclidean', 'n_neighbors': 12, 'weights': 'distance'}
030,0,0,61,5.717116117477417,{'leaf_size': 5, 'metric': 'euclidean', 'n_neighbors': 12, 'weights': 'distance'}
060,1,0,60,8.943637609481812,{'leaf_size': 5, 'metric': 'euclidean', 'n_neighbors': 28, 'weights': 'distance'}
060,0,0,60,9.280364036560059,{'leaf_size': 5, 'metric': 'euclidean', 'n_neighbors': 28, 'weights': 'distance'}
030,2,0,59,8.149352073669434,{'leaf_size': 5, 'metric': 'manhattan', 'n_neighbors': 18, 'weights': 'distance'}
060,4,0,63,7.563421249389648,{'leaf_size': 5, 'metric': 'manhattan', 'n_neighbors': 28, 'weights': 'distance'}
100,1,0,59,7.434192895889282,{'leaf_size': 5, 'metric': 'manhattan', 'n_neighbors': 18, 'weights': 'distance'}
060,2,0,60,5.752792835235596,{'leaf_size': 5, 'metric': 'manhattan', 'n_neighbors': 12, 'weights': 'distance'}
100,2,0,56,6.733808755874634,{'leaf_size': 5, 'metric': 'manhattan', 'n_neighbors': 12, 'weights': 'distance'}
100,4,0,59,1.211925983428955,{'leaf_size': 5, 'metric': 'manhattan', 'n_neighbors': 18, 'weights': 'distance'}
060,3,0,55,10.627988576889038,{'leaf_size': 5, 'metric': 'euclidean', 'n_neighbors': 12, 'weights': 'distance'}
100,0,0,56,7.3340559005737305,{'leaf_size': 5, 'metric': 'manhattan', 'n_neighbors': 12, 'weights': 'distance'}
100,3,0,60,7.647603511810303,{'leaf_size': 5, 'metric': 'euclidean', 'n_neighbors': 18, 'weights': 'distance'}
015,3,0,52,71.43660283088684,{'leaf_size': 5, 'metric': 'euclidean', 'n_neighbors': 12, 'weights': 'distance'}
015,2,0,51,73.17355012893677,{'leaf_size': 5, 'metric': 'euclidean', 'n_neighbors': 12, 'weights': 'distance'}
005,4,0,62,94.84488105773926,{'leaf_size': 5, 'metric': 'euclidean', 'n_neighbors': 6, 'weights': 'distance'}
015,4,0,59,72.39726042747498,{'leaf_size': 5, 'metric': 'euclidean', 'n_neighbors': 12, 'weights': 'distance'}
015,1,0,55,82.97888326644897,{'leaf_size': 5, 'metric': 'euclidean', 'n_neighbors': 28, 'weights': 'distance'}
015,0,0,54,88.6949553489685,{'leaf_size': 5, 'metric': 'euclidean', 'n_neighbors': 18, 'weights': 'distance'}
010,4,0,55,98.50600337982178,{'leaf_size': 5, 'metric': 'euclidean', 'n_neighbors': 18, 'weights': 'distance'}
005,1,0,56,118.13685870170593,{'leaf_size': 5, 'metric': 'euclidean', 'n_neighbors': 14, 'weights': 'distance'}
005,3,0,57,125.1733181476593,{'leaf_size': 5, 'metric': 'euclidean', 'n_neighbors': 6, 'weights': 'distance'}
005,0,0,52,135.88389372825623,{'leaf_size': 5, 'metric': 'euclidean', 'n_neighbors': 6, 'weights': 'distance'}
010,0,0,57,130.77877616882324,{'leaf_size': 5, 'metric': 'euclidean', 'n_neighbors': 12, 'weights': 'distance'}
010,2,0,54,123.47592067718506,{'leaf_size': 5, 'metric': 'euclidean', 'n_neighbors': 12, 'weights': 'distance'}
005,2,0,59,141.67521595954895,{'leaf_size': 5, 'metric': 'manhattan', 'n_neighbors': 6, 'weights': 'distance'}
010,3,0,52,127.07436323165894,{'leaf_size': 5, 'metric': 'euclidean', 'n_neighbors': 12, 'weights': 'distance'}
010,1,0,50,133.1415090560913,{'leaf_size': 5, 'metric': 'euclidean', 'n_neighbors': 12, 'weights': 'distance'}
020,0,0,55,4.797824382781982,{'leaf_size': 5, 'metric': 'euclidean', 'n_neighbors': 12, 'weights': 'distance'}
020,2,0,56,4.55195426940918,{'leaf_size': 5, 'metric': 'euclidean', 'n_neighbors': 12, 'weights': 'distance'}
020,4,0,60,2.5234124660491943,{'leaf_size': 5, 'metric': 'euclidean', 'n_neighbors': 18, 'weights': 'distance'}
020,3,0,60,10.098334789276123,{'leaf_size': 5, 'metric': 'manhattan', 'n_neighbors': 28, 'weights': 'distance'}
030,0,0,61,3.5992560386657715,{'leaf_size': 5, 'metric': 'manhattan', 'n_neighbors': 12, 'weights': 'distance'}
030,4,0,57,1.078808069229126,{'leaf_size': 5, 'metric': 'euclidean', 'n_neighbors': 28, 'weights': 'distance'}
020,1,0,59,10.687626600265503,{'leaf_size': 5, 'metric': 'manhattan', 'n_neighbors': 12, 'weights': 'distance'}
030,3,0,61,0.8973386287689209,{'leaf_size': 5, 'metric': 'manhattan', 'n_neighbors': 12, 'weights': 'distance'}
030,1,0,60,10.88031554222107,{'leaf_size': 5, 'metric': 'euclidean', 'n_neighbors': 28, 'weights': 'distance'}
030,2,0,59,10.646988153457642,{'leaf_size': 5, 'metric': 'euclidean', 'n_neighbors': 12, 'weights': 'distance'}
015,2,0,57,44.03350877761841,{'leaf_size': 5, 'metric': 'euclidean', 'n_neighbors': 28, 'weights': 'distance'}
100,1,0,59,2.4660634994506836,{'leaf_size': 5, 'metric': 'manhattan', 'n_neighbors': 28, 'weights': 'distance'}
060,1,0,58,10.419464349746704,{'leaf_size': 5, 'metric': 'manhattan', 'n_neighbors': 18, 'weights': 'distance'}
060,0,0,58,10.019362926483154,{'leaf_size': 5, 'metric': 'euclidean', 'n_neighbors': 18, 'weights': 'distance'}
060,2,0,60,4.731278896331787,{'leaf_size': 5, 'metric': 'euclidean', 'n_neighbors': 28, 'weights': 'distance'}
060,4,0,58,6.789457082748413,{'leaf_size': 5, 'metric': 'euclidean', 'n_neighbors': 12, 'weights': 'distance'}
060,3,0,55,10.259616136550903,{'leaf_size': 5, 'metric': 'euclidean', 'n_neighbors': 12, 'weights': 'distance'}
015,1,0,54,61.87912130355835,{'leaf_size': 5, 'metric': 'manhattan', 'n_neighbors': 12, 'weights': 'distance'}
100,2,0,56,5.048747539520264,{'leaf_size': 5, 'metric': 'manhattan', 'n_neighbors': 12, 'weights': 'distance'}
100,3,0,58,4.870051145553589,{'leaf_size': 5, 'metric': 'euclidean', 'n_neighbors': 12, 'weights': 'distance'}
100,4,0,58,3.082728862762451,{'leaf_size': 5, 'metric': 'euclidean', 'n_neighbors': 12, 'weights': 'distance'}
100,0,0,59,4.838892221450806,{'leaf_size': 5, 'metric': 'manhattan', 'n_neighbors': 28, 'weights': 'distance'}
015,4,0,59,73.28223514556885,{'leaf_size': 5, 'metric': 'euclidean', 'n_neighbors': 18, 'weights': 'distance'}
015,3,0,52,77.79873561859131,{'leaf_size': 5, 'metric': 'manhattan', 'n_neighbors': 28, 'weights': 'distance'}
005,2,0,59,102.20385599136353,{'leaf_size': 5, 'metric': 'euclidean', 'n_neighbors': 6, 'weights': 'distance'}
015,0,0,52,103.3117425441742,{'leaf_size': 5, 'metric': 'manhattan', 'n_neighbors': 18, 'weights': 'distance'}
005,4,0,62,117.74570918083191,{'leaf_size': 5, 'metric': 'euclidean', 'n_neighbors': 6, 'weights': 'distance'}
005,3,0,57,119.87262535095215,{'leaf_size': 5, 'metric': 'euclidean', 'n_neighbors': 6, 'weights': 'distance'}
005,0,0,52,127.72982215881348,{'leaf_size': 5, 'metric': 'euclidean', 'n_neighbors': 6, 'weights': 'distance'}
010,1,0,55,118.80792498588562,{'leaf_size': 5, 'metric': 'euclidean', 'n_neighbors': 28, 'weights': 'distance'}
010,2,0,55,125.73764944076538,{'leaf_size': 5, 'metric': 'euclidean', 'n_neighbors': 18, 'weights': 'distance'}
010,4,0,51,119.4404513835907,{'leaf_size': 5, 'metric': 'euclidean', 'n_neighbors': 12, 'weights': 'distance'}
005,1,0,55,146.801824092865,{'leaf_size': 5, 'metric': 'manhattan', 'n_neighbors': 14, 'weights': 'distance'}
010,0,0,57,141.36302709579468,{'leaf_size': 5, 'metric': 'euclidean', 'n_neighbors': 12, 'weights': 'distance'}
010,3,0,56,139.05260515213013,{'leaf_size': 5, 'metric': 'euclidean', 'n_neighbors': 18, 'weights': 'distance'}
020,0,0,55,4.532913446426392,{'leaf_size': 5, 'metric': 'euclidean', 'n_neighbors': 12, 'weights': 'distance'}
020,3,0,58,4.017947435379028,{'leaf_size': 5, 'metric': 'euclidean', 'n_neighbors': 18, 'weights': 'distance'}
030,0,0,61,2.6427347660064697,{'leaf_size': 5, 'metric': 'manhattan', 'n_neighbors': 12, 'weights': 'distance'}
030,2,0,57,0.45537590980529785,{'leaf_size': 5, 'metric': 'euclidean', 'n_neighbors': 18, 'weights': 'distance'}
020,1,0,63,6.648205518722534,{'leaf_size': 5, 'metric': 'euclidean', 'n_neighbors': 18, 'weights': 'distance'}
030,3,0,62,1.6249382495880127,{'leaf_size': 5, 'metric': 'euclidean', 'n_neighbors': 12, 'weights': 'distance'}
030,1,0,58,5.648369789123535,{'leaf_size': 5, 'metric': 'manhattan', 'n_neighbors': 12, 'weights': 'distance'}
020,2,0,59,11.793707370758057,{'leaf_size': 5, 'metric': 'euclidean', 'n_neighbors': 28, 'weights': 'distance'}
020,4,0,57,8.51817274093628,{'leaf_size': 5, 'metric': 'euclidean', 'n_neighbors': 12, 'weights': 'distance'}
060,0,0,57,1.7335896492004395,{'leaf_size': 5, 'metric': 'euclidean', 'n_neighbors': 12, 'weights': 'distance'}
060,1,0,60,2.6389596462249756,{'leaf_size': 5, 'metric': 'euclidean', 'n_neighbors': 28, 'weights': 'distance'}
030,4,0,55,8.361196517944336,{'leaf_size': 5, 'metric': 'manhattan', 'n_neighbors': 28, 'weights': 'distance'}
060,2,0,60,4.48428750038147,{'leaf_size': 5, 'metric': 'manhattan', 'n_neighbors': 12, 'weights': 'distance'}
100,2,0,56,3.647280216217041,{'leaf_size': 5, 'metric': 'manhattan', 'n_neighbors': 12, 'weights': 'distance'}
060,4,0,63,6.801148176193237,{'leaf_size': 5, 'metric': 'manhattan', 'n_neighbors': 28, 'weights': 'distance'}
100,0,0,60,2.990941047668457,{'leaf_size': 5, 'metric': 'euclidean', 'n_neighbors': 18, 'weights': 'distance'}
060,3,0,59,7.627434968948364,{'leaf_size': 5, 'metric': 'euclidean', 'n_neighbors': 28, 'weights': 'distance'}
015,1,0,55,54.87725806236267,{'leaf_size': 5, 'metric': 'manhattan', 'n_neighbors': 18, 'weights': 'distance'}
100,4,0,58,6.7440102100372314,{'leaf_size': 5, 'metric': 'euclidean', 'n_neighbors': 12, 'weights': 'distance'}
015,0,0,54,61.41908502578735,{'leaf_size': 5, 'metric': 'euclidean', 'n_neighbors': 12, 'weights': 'distance'}
015,3,0,52,59.20916271209717,{'leaf_size': 5, 'metric': 'euclidean', 'n_neighbors': 12, 'weights': 'distance'}
100,3,0,58,5.092911720275879,{'leaf_size': 5, 'metric': 'euclidean', 'n_neighbors': 12, 'weights': 'distance'}
100,1,0,58,8.954459190368652,{'leaf_size': 5, 'metric': 'euclidean', 'n_neighbors': 12, 'weights': 'distance'}
015,2,0,57,82.92007875442505,{'leaf_size': 5, 'metric': 'euclidean', 'n_neighbors': 28, 'weights': 'distance'}
005,0,0,52,104.87846970558167,{'leaf_size': 5, 'metric': 'euclidean', 'n_neighbors': 10, 'weights': 'distance'}
005,3,0,57,102.78429055213928,{'leaf_size': 5, 'metric': 'euclidean', 'n_neighbors': 6, 'weights': 'distance'}
010,0,0,57,100.19565558433533,{'leaf_size': 5, 'metric': 'euclidean', 'n_neighbors': 12, 'weights': 'distance'}
005,2,0,59,108.55340075492859,{'leaf_size': 5, 'metric': 'euclidean', 'n_neighbors': 6, 'weights': 'distance'}
005,4,0,62,107.97259974479675,{'leaf_size': 5, 'metric': 'euclidean', 'n_neighbors': 6, 'weights': 'distance'}
010,1,0,50,106.47402429580688,{'leaf_size': 5, 'metric': 'euclidean', 'n_neighbors': 12, 'weights': 'distance'}
015,4,0,61,94.85798597335815,{'leaf_size': 5, 'metric': 'manhattan', 'n_neighbors': 18, 'weights': 'distance'}
010,3,0,56,118.28543210029602,{'leaf_size': 5, 'metric': 'euclidean', 'n_neighbors': 18, 'weights': 'distance'}
010,2,0,55,120.56091022491455,{'leaf_size': 5, 'metric': 'euclidean', 'n_neighbors': 18, 'weights': 'distance'}
010,4,0,55,121.11588716506958,{'leaf_size': 5, 'metric': 'euclidean', 'n_neighbors': 18, 'weights': 'distance'}
005,1,0,58,135.22626376152039,{'leaf_size': 5, 'metric': 'euclidean', 'n_neighbors': 6, 'weights': 'distance'}
