005,3,0,57,237.7864167690277,{'criterion': 'gini', 'max_depth': 3, 'max_features': 'sqrt', 'n_estimators': 75}
005,1,0,52,299.190505027771,{'criterion': 'entropy', 'max_depth': 3, 'max_features': 'sqrt', 'n_estimators': 50}
005,0,0,59,286.21951270103455,{'criterion': 'entropy', 'max_depth': 3, 'max_features': 'log2', 'n_estimators': 25}
010,3,0,60,364.9255404472351,{'criterion': 'gini', 'max_depth': 5, 'max_features': 'log2', 'n_estimators': 50}
015,2,0,70,418.2469689846039,{'criterion': 'entropy', 'max_depth': 7, 'max_features': 'sqrt', 'n_estimators': 100}
015,0,0,66,433.2140402793884,{'criterion': 'gini', 'max_depth': 3, 'max_features': 'log2', 'n_estimators': 75}
005,2,0,55,479.2661225795746,{'criterion': 'gini', 'max_depth': 7, 'max_features': 'sqrt', 'n_estimators': 75}
020,4,0,62,463.82824540138245,{'criterion': 'entropy', 'max_depth': 3, 'max_features': 'log2', 'n_estimators': 50}
005,4,0,50,494.25297570228577,{'criterion': 'gini', 'max_depth': 3, 'max_features': 'sqrt', 'n_estimators': 50}
030,0,0,70,472.5027701854706,{'criterion': 'entropy', 'max_depth': 7, 'max_features': 'sqrt', 'n_estimators': 25}
020,0,0,69,499.21813678741455,{'criterion': 'entropy', 'max_depth': 3, 'max_features': 'sqrt', 'n_estimators': 25}
015,4,0,68,499.0292077064514,{'criterion': 'gini', 'max_depth': 7, 'max_features': 'sqrt', 'n_estimators': 100}
020,2,0,70,497.0928294658661,{'criterion': 'entropy', 'max_depth': 7, 'max_features': 'sqrt', 'n_estimators': 150}
010,0,0,62,519.0703136920929,{'criterion': 'gini', 'max_depth': 3, 'max_features': 'sqrt', 'n_estimators': 125}
020,1,0,71,519.8090920448303,{'criterion': 'gini', 'max_depth': 3, 'max_features': 'sqrt', 'n_estimators': 125}
030,4,0,68,482.86671686172485,{'criterion': 'gini', 'max_depth': 3, 'max_features': 'sqrt', 'n_estimators': 25}
010,1,0,60,539.1029894351959,{'criterion': 'entropy', 'max_depth': 5, 'max_features': 'log2', 'n_estimators': 25}
015,3,0,71,526.1067235469818,{'criterion': 'gini', 'max_depth': 5, 'max_features': 'log2', 'n_estimators': 50}
010,2,0,68,558.8465757369995,{'criterion': 'entropy', 'max_depth': 3, 'max_features': 'log2', 'n_estimators': 50}
015,1,0,68,570.7196288108826,{'criterion': 'gini', 'max_depth': 3, 'max_features': 'log2', 'n_estimators': 150}
010,4,0,59,614.8449823856354,{'criterion': 'gini', 'max_depth': 7, 'max_features': 'sqrt', 'n_estimators': 50}
020,3,0,68,629.9414513111115,{'criterion': 'entropy', 'max_depth': 3, 'max_features': 'log2', 'n_estimators': 75}
030,1,0,64,626.4190883636475,{'criterion': 'entropy', 'max_depth': 5, 'max_features': 'sqrt', 'n_estimators': 25}
060,0,0,70,624.0634894371033,{'criterion': 'gini', 'max_depth': 3, 'max_features': 'log2', 'n_estimators': 150}
060,2,0,72,674.5600316524506,{'criterion': 'gini', 'max_depth': 3, 'max_features': 'sqrt', 'n_estimators': 150}
030,2,0,66,701.5471415519714,{'criterion': 'entropy', 'max_depth': 5, 'max_features': 'sqrt', 'n_estimators': 25}
030,3,0,70,750.6116495132446,{'criterion': 'gini', 'max_depth': 3, 'max_features': 'log2', 'n_estimators': 150}
100,4,0,73,749.3776159286499,{'criterion': 'entropy', 'max_depth': 5, 'max_features': 'sqrt', 'n_estimators': 25}
060,3,0,67,782.6669707298279,{'criterion': 'entropy', 'max_depth': 5, 'max_features': 'log2', 'n_estimators': 25}
060,4,0,72,804.9039978981018,{'criterion': 'entropy', 'max_depth': 3, 'max_features': 'log2', 'n_estimators': 25}
060,1,0,71,829.1554577350616,{'criterion': 'gini', 'max_depth': 7, 'max_features': 'log2', 'n_estimators': 100}
010,0,0,63,230.08215308189392,{'criterion': 'entropy', 'max_depth': 5, 'max_features': 'log2', 'n_estimators': 50}
005,0,0,64,247.67622995376587,{'criterion': 'entropy', 'max_depth': 7, 'max_features': 'log2', 'n_estimators': 75}
005,1,0,60,252.13606357574463,{'criterion': 'gini', 'max_depth': 3, 'max_features': 'log2', 'n_estimators': 125}
100,0,0,69,891.1990368366241,{'criterion': 'gini', 'max_depth': 5, 'max_features': 'log2', 'n_estimators': 25}
005,4,0,56,332.4010670185089,{'criterion': 'gini', 'max_depth': 3, 'max_features': 'sqrt', 'n_estimators': 25}
010,3,0,55,324.5243158340454,{'criterion': 'gini', 'max_depth': 3, 'max_features': 'sqrt', 'n_estimators': 125}
015,3,0,70,368.75996375083923,{'criterion': 'gini', 'max_depth': 7, 'max_features': 'sqrt', 'n_estimators': 50}
005,2,0,62,401.800009727478,{'criterion': 'gini', 'max_depth': 5, 'max_features': 'sqrt', 'n_estimators': 25}
015,1,0,64,424.2574496269226,{'criterion': 'entropy', 'max_depth': 7, 'max_features': 'log2', 'n_estimators': 25}
010,4,0,59,445.20056557655334,{'criterion': 'entropy', 'max_depth': 7, 'max_features': 'sqrt', 'n_estimators': 125}
010,1,0,60,440.89167737960815,{'criterion': 'entropy', 'max_depth': 5, 'max_features': 'log2', 'n_estimators': 75}
100,2,0,72,1071.2476909160614,{'criterion': 'gini', 'max_depth': 7, 'max_features': 'sqrt', 'n_estimators': 50}
030,2,0,66,438.2659258842468,{'criterion': 'entropy', 'max_depth': 5, 'max_features': 'log2', 'n_estimators': 25}
015,0,0,67,482.42067980766296,{'criterion': 'gini', 'max_depth': 3, 'max_features': 'log2', 'n_estimators': 50}
010,2,0,68,504.91124391555786,{'criterion': 'gini', 'max_depth': 5, 'max_features': 'log2', 'n_estimators': 25}
015,4,0,68,487.3737621307373,{'criterion': 'gini', 'max_depth': 7, 'max_features': 'log2', 'n_estimators': 125}
100,3,0,70,1128.0661268234253,{'criterion': 'entropy', 'max_depth': 3, 'max_features': 'log2', 'n_estimators': 125}
020,4,0,68,480.53901720046997,{'criterion': 'gini', 'max_depth': 5, 'max_features': 'sqrt', 'n_estimators': 25}
015,2,0,64,533.5841062068939,{'criterion': 'entropy', 'max_depth': 3, 'max_features': 'log2', 'n_estimators': 25}
005,3,0,61,585.0134871006012,{'criterion': 'gini', 'max_depth': 5, 'max_features': 'sqrt', 'n_estimators': 25}
060,3,0,74,554.5596823692322,{'criterion': 'entropy', 'max_depth': 3, 'max_features': 'sqrt', 'n_estimators': 100}
030,4,0,69,607.2892255783081,{'criterion': 'gini', 'max_depth': 5, 'max_features': 'log2', 'n_estimators': 125}
020,1,0,72,650.1857032775879,{'criterion': 'gini', 'max_depth': 5, 'max_features': 'sqrt', 'n_estimators': 50}
020,2,0,67,656.619832277298,{'criterion': 'gini', 'max_depth': 5, 'max_features': 'sqrt', 'n_estimators': 150}
100,1,0,72,1290.597883939743,{'criterion': 'entropy', 'max_depth': 3, 'max_features': 'log2', 'n_estimators': 25}
020,3,0,65,668.0052678585052,{'criterion': 'gini', 'max_depth': 3, 'max_features': 'sqrt', 'n_estimators': 25}
030,0,0,74,680.0718960762024,{'criterion': 'gini', 'max_depth': 3, 'max_features': 'sqrt', 'n_estimators': 100}
030,3,0,71,672.2649393081665,{'criterion': 'gini', 'max_depth': 3, 'max_features': 'sqrt', 'n_estimators': 100}
020,0,0,70,683.5646975040436,{'criterion': 'entropy', 'max_depth': 3, 'max_features': 'sqrt', 'n_estimators': 25}
030,1,0,68,651.2277433872223,{'criterion': 'gini', 'max_depth': 3, 'max_features': 'sqrt', 'n_estimators': 100}
060,4,0,73,670.4439482688904,{'criterion': 'entropy', 'max_depth': 3, 'max_features': 'sqrt', 'n_estimators': 100}
060,0,0,72,690.826611995697,{'criterion': 'gini', 'max_depth': 3, 'max_features': 'sqrt', 'n_estimators': 75}
060,1,0,74,704.8863484859467,{'criterion': 'entropy', 'max_depth': 3, 'max_features': 'sqrt', 'n_estimators': 150}
060,2,0,74,805.7696771621704,{'criterion': 'gini', 'max_depth': 3, 'max_features': 'sqrt', 'n_estimators': 150}
100,0,0,72,754.4383959770203,{'criterion': 'entropy', 'max_depth': 7, 'max_features': 'sqrt', 'n_estimators': 75}
020,1,0,72,207.6624460220337,{'criterion': 'gini', 'max_depth': 7, 'max_features': 'sqrt', 'n_estimators': 25}
100,3,0,70,778.9562087059021,{'criterion': 'gini', 'max_depth': 3, 'max_features': 'log2', 'n_estimators': 25}
005,0,0,57,364.30589413642883,{'criterion': 'entropy', 'max_depth': 3, 'max_features': 'sqrt', 'n_estimators': 25}
030,4,0,71,348.9323425292969,{'criterion': 'gini', 'max_depth': 7, 'max_features': 'log2', 'n_estimators': 125}
100,4,0,73,823.5560464859009,{'criterion': 'entropy', 'max_depth': 5, 'max_features': 'log2', 'n_estimators': 100}
020,2,0,68,445.3455822467804,{'criterion': 'gini', 'max_depth': 3, 'max_features': 'log2', 'n_estimators': 150}
010,0,0,62,446.482950925827,{'criterion': 'entropy', 'max_depth': 3, 'max_features': 'sqrt', 'n_estimators': 25}
020,3,0,68,451.77658772468567,{'criterion': 'gini', 'max_depth': 5, 'max_features': 'sqrt', 'n_estimators': 50}
005,4,0,54,500.75838923454285,{'criterion': 'gini', 'max_depth': 7, 'max_features': 'log2', 'n_estimators': 25}
030,0,0,73,451.12550115585327,{'criterion': 'gini', 'max_depth': 5, 'max_features': 'sqrt', 'n_estimators': 75}
010,1,0,60,494.2409710884094,{'criterion': 'entropy', 'max_depth': 3, 'max_features': 'sqrt', 'n_estimators': 50}
100,2,0,70,1011.2394943237305,{'criterion': 'entropy', 'max_depth': 3, 'max_features': 'log2', 'n_estimators': 25}
015,0,0,70,491.38181042671204,{'criterion': 'entropy', 'max_depth': 5, 'max_features': 'sqrt', 'n_estimators': 25}
005,2,0,58,532.9735071659088,{'criterion': 'entropy', 'max_depth': 7, 'max_features': 'log2', 'n_estimators': 25}
005,3,0,54,538.9457488059998,{'criterion': 'entropy', 'max_depth': 5, 'max_features': 'log2', 'n_estimators': 25}
005,1,0,50,582.6306257247925,{'criterion': 'gini', 'max_depth': 5, 'max_features': 'log2', 'n_estimators': 25}
030,1,0,71,538.173600435257,{'criterion': 'gini', 'max_depth': 7, 'max_features': 'sqrt', 'n_estimators': 125}
010,4,0,62,556.3115735054016,{'criterion': 'gini', 'max_depth': 7, 'max_features': 'sqrt', 'n_estimators': 50}
010,2,0,67,586.224702835083,{'criterion': 'gini', 'max_depth': 5, 'max_features': 'log2', 'n_estimators': 25}
015,1,0,63,562.9066705703735,{'criterion': 'entropy', 'max_depth': 5, 'max_features': 'sqrt', 'n_estimators': 25}
015,2,0,72,582.0090916156769,{'criterion': 'entropy', 'max_depth': 3, 'max_features': 'sqrt', 'n_estimators': 100}
030,3,0,71,577.5482590198517,{'criterion': 'gini', 'max_depth': 3, 'max_features': 'sqrt', 'n_estimators': 75}
010,3,0,61,623.3727283477783,{'criterion': 'gini', 'max_depth': 5, 'max_features': 'log2', 'n_estimators': 100}
015,3,0,66,606.5812046527863,{'criterion': 'entropy', 'max_depth': 5, 'max_features': 'log2', 'n_estimators': 25}
020,0,0,68,612.263304233551,{'criterion': 'entropy', 'max_depth': 7, 'max_features': 'sqrt', 'n_estimators': 25}
015,4,0,70,634.7672255039215,{'criterion': 'gini', 'max_depth': 7, 'max_features': 'log2', 'n_estimators': 75}
100,1,0,71,1183.5593881607056,{'criterion': 'gini', 'max_depth': 3, 'max_features': 'log2', 'n_estimators': 100}
060,1,0,70,594.9281413555145,{'criterion': 'entropy', 'max_depth': 3, 'max_features': 'log2', 'n_estimators': 25}
030,2,0,66,665.3321671485901,{'criterion': 'gini', 'max_depth': 7, 'max_features': 'sqrt', 'n_estimators': 125}
020,4,0,66,679.6341817378998,{'criterion': 'gini', 'max_depth': 3, 'max_features': 'log2', 'n_estimators': 50}
060,2,0,74,650.1743474006653,{'criterion': 'gini', 'max_depth': 3, 'max_features': 'sqrt', 'n_estimators': 150}
100,3,0,72,669.6715085506439,{'criterion': 'gini', 'max_depth': 3, 'max_features': 'sqrt', 'n_estimators': 50}
060,3,0,68,859.809859752655,{'criterion': 'gini', 'max_depth': 3, 'max_features': 'sqrt', 'n_estimators': 25}
100,0,0,74,838.4691450595856,{'criterion': 'entropy', 'max_depth': 3, 'max_features': 'sqrt', 'n_estimators': 125}
015,0,0,67,377.8934271335602,{'criterion': 'entropy', 'max_depth': 5, 'max_features': 'log2', 'n_estimators': 100}
100,4,0,72,832.9584009647369,{'criterion': 'gini', 'max_depth': 3, 'max_features': 'sqrt', 'n_estimators': 50}
060,0,0,73,933.1334176063538,{'criterion': 'entropy', 'max_depth': 3, 'max_features': 'sqrt', 'n_estimators': 125}
010,3,0,56,392.39882469177246,{'criterion': 'entropy', 'max_depth': 7, 'max_features': 'log2', 'n_estimators': 25}
010,1,0,62,409.0637683868408,{'criterion': 'gini', 'max_depth': 5, 'max_features': 'sqrt', 'n_estimators': 25}
005,4,0,52,445.8828489780426,{'criterion': 'gini', 'max_depth': 7, 'max_features': 'log2', 'n_estimators': 25}
020,3,0,67,420.43849897384644,{'criterion': 'gini', 'max_depth': 5, 'max_features': 'sqrt', 'n_estimators': 75}
060,4,0,72,1002.2996084690094,{'criterion': 'gini', 'max_depth': 3, 'max_features': 'sqrt', 'n_estimators': 150}
020,0,0,68,444.68639183044434,{'criterion': 'gini', 'max_depth': 7, 'max_features': 'sqrt', 'n_estimators': 50}
020,4,0,70,461.13388872146606,{'criterion': 'gini', 'max_depth': 5, 'max_features': 'sqrt', 'n_estimators': 25}
015,1,0,69,481.1181786060333,{'criterion': 'gini', 'max_depth': 7, 'max_features': 'log2', 'n_estimators': 50}
100,2,0,72,993.6937024593353,{'criterion': 'gini', 'max_depth': 7, 'max_features': 'sqrt', 'n_estimators': 50}
010,2,0,68,482.8823130130768,{'criterion': 'gini', 'max_depth': 7, 'max_features': 'log2', 'n_estimators': 25}
100,1,0,73,1004.1974568367004,{'criterion': 'entropy', 'max_depth': 3, 'max_features': 'log2', 'n_estimators': 100}
010,0,0,66,520.8613483905792,{'criterion': 'entropy', 'max_depth': 5, 'max_features': 'log2', 'n_estimators': 100}
030,2,0,63,477.8789575099945,{'criterion': 'gini', 'max_depth': 7, 'max_features': 'log2', 'n_estimators': 150}
005,1,0,56,563.9464538097382,{'criterion': 'gini', 'max_depth': 5, 'max_features': 'log2', 'n_estimators': 25}
005,3,0,61,560.9045786857605,{'criterion': 'entropy', 'max_depth': 5, 'max_features': 'log2', 'n_estimators': 25}
030,1,0,69,525.2120168209076,{'criterion': 'gini', 'max_depth': 7, 'max_features': 'sqrt', 'n_estimators': 150}
010,4,0,60,559.7707016468048,{'criterion': 'entropy', 'max_depth': 3, 'max_features': 'log2', 'n_estimators': 50}
005,0,0,57,572.9571232795715,{'criterion': 'gini', 'max_depth': 3, 'max_features': 'log2', 'n_estimators': 75}
015,3,0,67,556.5337145328522,{'criterion': 'gini', 'max_depth': 7, 'max_features': 'log2', 'n_estimators': 150}
015,2,0,70,560.15189909935,{'criterion': 'gini', 'max_depth': 7, 'max_features': 'sqrt', 'n_estimators': 50}
020,1,0,70,559.8330159187317,{'criterion': 'entropy', 'max_depth': 7, 'max_features': 'sqrt', 'n_estimators': 150}
015,4,0,66,575.2254059314728,{'criterion': 'entropy', 'max_depth': 5, 'max_features': 'sqrt', 'n_estimators': 25}
030,0,0,69,561.8192279338837,{'criterion': 'gini', 'max_depth': 5, 'max_features': 'log2', 'n_estimators': 75}
020,2,0,70,557.7023501396179,{'criterion': 'entropy', 'max_depth': 5, 'max_features': 'sqrt', 'n_estimators': 100}
030,4,0,71,557.9809908866882,{'criterion': 'gini', 'max_depth': 3, 'max_features': 'sqrt', 'n_estimators': 150}
005,2,0,52,649.8263676166534,{'criterion': 'gini', 'max_depth': 3, 'max_features': 'log2', 'n_estimators': 25}
060,4,0,72,584.235193490982,{'criterion': 'entropy', 'max_depth': 3, 'max_features': 'sqrt', 'n_estimators': 25}
060,1,0,72,612.3347291946411,{'criterion': 'gini', 'max_depth': 3, 'max_features': 'log2', 'n_estimators': 125}
060,0,0,70,596.5809805393219,{'criterion': 'gini', 'max_depth': 7, 'max_features': 'sqrt', 'n_estimators': 25}
030,3,0,71,766.2863907814026,{'criterion': 'entropy', 'max_depth': 7, 'max_features': 'log2', 'n_estimators': 125}
060,3,0,71,754.6671941280365,{'criterion': 'entropy', 'max_depth': 5, 'max_features': 'sqrt', 'n_estimators': 100}
060,2,0,72,768.9489343166351,{'criterion': 'gini', 'max_depth': 5, 'max_features': 'sqrt', 'n_estimators': 75}
030,4,0,70,218.01827192306519,{'criterion': 'entropy', 'max_depth': 3, 'max_features': 'log2', 'n_estimators': 125}
015,3,0,69,254.68092560768127,{'criterion': 'gini', 'max_depth': 3, 'max_features': 'log2', 'n_estimators': 125}
100,1,0,74,644.5283696651459,{'criterion': 'entropy', 'max_depth': 5, 'max_features': 'log2', 'n_estimators': 50}
010,1,0,59,281.2846703529358,{'criterion': 'gini', 'max_depth': 7, 'max_features': 'sqrt', 'n_estimators': 25}
005,2,0,56,306.7518332004547,{'criterion': 'entropy', 'max_depth': 5, 'max_features': 'log2', 'n_estimators': 50}
020,1,0,66,295.16405487060547,{'criterion': 'gini', 'max_depth': 5, 'max_features': 'log2', 'n_estimators': 50}
015,0,0,71,358.6593220233917,{'criterion': 'entropy', 'max_depth': 5, 'max_features': 'sqrt', 'n_estimators': 75}
005,0,0,60,367.072389125824,{'criterion': 'gini', 'max_depth': 3, 'max_features': 'sqrt', 'n_estimators': 25}
005,1,0,54,400.1262457370758,{'criterion': 'gini', 'max_depth': 5, 'max_features': 'sqrt', 'n_estimators': 50}
010,4,0,60,409.19402980804443,{'criterion': 'gini', 'max_depth': 3, 'max_features': 'sqrt', 'n_estimators': 50}
010,3,0,58,394.35851550102234,{'criterion': 'gini', 'max_depth': 7, 'max_features': 'sqrt', 'n_estimators': 25}
100,3,0,72,908.1887209415436,{'criterion': 'entropy', 'max_depth': 3, 'max_features': 'log2', 'n_estimators': 125}
100,4,0,73,960.7772054672241,{'criterion': 'gini', 'max_depth': 5, 'max_features': 'sqrt', 'n_estimators': 150}
005,3,0,57,462.65908455848694,{'criterion': 'gini', 'max_depth': 3, 'max_features': 'sqrt', 'n_estimators': 25}
010,2,0,69,476.20182847976685,{'criterion': 'entropy', 'max_depth': 3, 'max_features': 'sqrt', 'n_estimators': 25}
005,4,0,55,481.72430896759033,{'criterion': 'entropy', 'max_depth': 7, 'max_features': 'sqrt', 'n_estimators': 50}
030,2,0,68,456.0527219772339,{'criterion': 'entropy', 'max_depth': 3, 'max_features': 'log2', 'n_estimators': 50}
030,0,0,75,460.7717123031616,{'criterion': 'gini', 'max_depth': 3, 'max_features': 'sqrt', 'n_estimators': 100}
060,0,0,74,457.8453996181488,{'criterion': 'entropy', 'max_depth': 3, 'max_features': 'sqrt', 'n_estimators': 75}
100,2,0,72,1010.27760887146,{'criterion': 'gini', 'max_depth': 7, 'max_features': 'log2', 'n_estimators': 100}
020,4,0,66,500.69767451286316,{'criterion': 'entropy', 'max_depth': 7, 'max_features': 'sqrt', 'n_estimators': 25}
015,4,0,69,522.2989847660065,{'criterion': 'entropy', 'max_depth': 7, 'max_features': 'sqrt', 'n_estimators': 100}
020,0,0,65,515.4134676456451,{'criterion': 'gini', 'max_depth': 3, 'max_features': 'log2', 'n_estimators': 50}
030,1,0,70,518.9802012443542,{'criterion': 'gini', 'max_depth': 5, 'max_features': 'sqrt', 'n_estimators': 25}
100,0,0,72,1086.6605081558228,{'criterion': 'entropy', 'max_depth': 7, 'max_features': 'log2', 'n_estimators': 75}
020,3,0,69,547.599189043045,{'criterion': 'gini', 'max_depth': 5, 'max_features': 'sqrt', 'n_estimators': 100}
030,3,0,72,551.2516946792603,{'criterion': 'entropy', 'max_depth': 5, 'max_features': 'sqrt', 'n_estimators': 100}
060,3,0,69,579.9388976097107,{'criterion': 'gini', 'max_depth': 7, 'max_features': 'sqrt', 'n_estimators': 75}
015,1,0,68,606.1965923309326,{'criterion': 'gini', 'max_depth': 3, 'max_features': 'log2', 'n_estimators': 150}
010,0,0,62,658.759330034256,{'criterion': 'entropy', 'max_depth': 7, 'max_features': 'log2', 'n_estimators': 25}
020,2,0,66,644.05646443367,{'criterion': 'gini', 'max_depth': 3, 'max_features': 'sqrt', 'n_estimators': 50}
015,2,0,72,692.8394374847412,{'criterion': 'entropy', 'max_depth': 7, 'max_features': 'sqrt', 'n_estimators': 50}
060,1,0,73,695.390459060669,{'criterion': 'gini', 'max_depth': 3, 'max_features': 'log2', 'n_estimators': 25}
060,4,0,74,720.722395658493,{'criterion': 'entropy', 'max_depth': 3, 'max_features': 'sqrt', 'n_estimators': 125}
100,4,0,71,682.3325703144073,{'criterion': 'entropy', 'max_depth': 3, 'max_features': 'sqrt', 'n_estimators': 50}
100,1,0,73,691.6708979606628,{'criterion': 'entropy', 'max_depth': 7, 'max_features': 'log2', 'n_estimators': 125}
060,2,0,71,750.9751467704773,{'criterion': 'entropy', 'max_depth': 7, 'max_features': 'sqrt', 'n_estimators': 100}
100,0,0,73,831.5166299343109,{'criterion': 'entropy', 'max_depth': 3, 'max_features': 'log2', 'n_estimators': 150}
100,3,0,76,894.912919998169,{'criterion': 'gini', 'max_depth': 7, 'max_features': 'sqrt', 'n_estimators': 150}
020,3,0,57,353.5586040019989,{'criterion': 'gini', 'max_depth': 3, 'max_features': 'log2', 'n_estimators': 25}
010,1,0,62,428.72585892677307,{'criterion': 'gini', 'max_depth': 3, 'max_features': 'sqrt', 'n_estimators': 25}
005,3,0,60,450.9623067378998,{'criterion': 'gini', 'max_depth': 3, 'max_features': 'sqrt', 'n_estimators': 125}
005,4,0,56,472.1525468826294,{'criterion': 'gini', 'max_depth': 3, 'max_features': 'sqrt', 'n_estimators': 25}
100,2,0,74,1004.3044111728668,{'criterion': 'entropy', 'max_depth': 5, 'max_features': 'sqrt', 'n_estimators': 150}
030,2,0,68,447.55705428123474,{'criterion': 'entropy', 'max_depth': 3, 'max_features': 'log2', 'n_estimators': 75}
015,3,0,70,504.5033962726593,{'criterion': 'entropy', 'max_depth': 7, 'max_features': 'sqrt', 'n_estimators': 25}
005,1,0,55,549.9644746780396,{'criterion': 'gini', 'max_depth': 7, 'max_features': 'log2', 'n_estimators': 25}
015,4,0,68,503.95274901390076,{'criterion': 'gini', 'max_depth': 5, 'max_features': 'log2', 'n_estimators': 75}
010,4,0,59,543.8903424739838,{'criterion': 'gini', 'max_depth': 5, 'max_features': 'log2', 'n_estimators': 50}
005,0,0,60,628.4995546340942,{'criterion': 'gini', 'max_depth': 7, 'max_features': 'sqrt', 'n_estimators': 100}
010,2,0,66,604.4404618740082,{'criterion': 'entropy', 'max_depth': 5, 'max_features': 'log2', 'n_estimators': 50}
060,1,0,72,533.133572101593,{'criterion': 'entropy', 'max_depth': 5, 'max_features': 'log2', 'n_estimators': 75}
015,1,0,69,618.1266627311707,{'criterion': 'gini', 'max_depth': 5, 'max_features': 'sqrt', 'n_estimators': 150}
010,0,0,62,637.231573343277,{'criterion': 'entropy', 'max_depth': 3, 'max_features': 'log2', 'n_estimators': 50}
030,4,0,71,582.7722339630127,{'criterion': 'entropy', 'max_depth': 7, 'max_features': 'log2', 'n_estimators': 100}
020,0,0,70,615.8586683273315,{'criterion': 'gini', 'max_depth': 3, 'max_features': 'log2', 'n_estimators': 150}
020,1,0,73,594.7063901424408,{'criterion': 'entropy', 'max_depth': 7, 'max_features': 'sqrt', 'n_estimators': 150}
015,0,0,68,645.3815383911133,{'criterion': 'entropy', 'max_depth': 5, 'max_features': 'sqrt', 'n_estimators': 75}
005,2,0,60,681.2089321613312,{'criterion': 'entropy', 'max_depth': 5, 'max_features': 'log2', 'n_estimators': 150}
030,1,0,71,643.7374386787415,{'criterion': 'entropy', 'max_depth': 7, 'max_features': 'sqrt', 'n_estimators': 25}
060,3,0,70,609.4940936565399,{'criterion': 'entropy', 'max_depth': 5, 'max_features': 'sqrt', 'n_estimators': 75}
010,3,0,60,697.8094005584717,{'criterion': 'entropy', 'max_depth': 3, 'max_features': 'log2', 'n_estimators': 75}
015,2,0,73,692.114739894867,{'criterion': 'gini', 'max_depth': 5, 'max_features': 'sqrt', 'n_estimators': 125}
030,0,0,72,666.2157895565033,{'criterion': 'entropy', 'max_depth': 3, 'max_features': 'sqrt', 'n_estimators': 125}
020,4,0,66,690.5375242233276,{'criterion': 'gini', 'max_depth': 3, 'max_features': 'sqrt', 'n_estimators': 50}
030,3,0,72,674.3061821460724,{'criterion': 'entropy', 'max_depth': 3, 'max_features': 'sqrt', 'n_estimators': 50}
060,2,0,70,685.6473355293274,{'criterion': 'gini', 'max_depth': 7, 'max_features': 'sqrt', 'n_estimators': 75}
020,2,0,69,815.6335425376892,{'criterion': 'entropy', 'max_depth': 7, 'max_features': 'sqrt', 'n_estimators': 100}
100,0,0,73,875.9281003475189,{'criterion': 'entropy', 'max_depth': 7, 'max_features': 'sqrt', 'n_estimators': 25}
060,0,0,72,910.9162380695343,{'criterion': 'entropy', 'max_depth': 5, 'max_features': 'sqrt', 'n_estimators': 125}
100,2,0,75,954.912918806076,{'criterion': 'entropy', 'max_depth': 7, 'max_features': 'sqrt', 'n_estimators': 75}
060,4,0,72,933.4240407943726,{'criterion': 'entropy', 'max_depth': 3, 'max_features': 'log2', 'n_estimators': 150}
100,4,0,72,940.7825937271118,{'criterion': 'entropy', 'max_depth': 7, 'max_features': 'sqrt', 'n_estimators': 150}
020,3,0,72,457.26805329322815,{'criterion': 'gini', 'max_depth': 3, 'max_features': 'sqrt', 'n_estimators': 75}
010,0,0,61,452.9405438899994,{'criterion': 'gini', 'max_depth': 7, 'max_features': 'sqrt', 'n_estimators': 50}
020,1,0,71,456.5699825286865,{'criterion': 'gini', 'max_depth': 3, 'max_features': 'sqrt', 'n_estimators': 150}
015,4,0,68,481.6085867881775,{'criterion': 'entropy', 'max_depth': 5, 'max_features': 'sqrt', 'n_estimators': 25}
010,1,0,61,485.63175344467163,{'criterion': 'gini', 'max_depth': 5, 'max_features': 'log2', 'n_estimators': 100}
030,3,0,76,470.3544816970825,{'criterion': 'entropy', 'max_depth': 7, 'max_features': 'sqrt', 'n_estimators': 75}
020,4,0,64,487.2845358848572,{'criterion': 'entropy', 'max_depth': 7, 'max_features': 'log2', 'n_estimators': 125}
005,2,0,59,512.5371427536011,{'criterion': 'gini', 'max_depth': 3, 'max_features': 'sqrt', 'n_estimators': 100}
015,0,0,65,510.28484869003296,{'criterion': 'gini', 'max_depth': 7, 'max_features': 'log2', 'n_estimators': 75}
010,4,0,60,504.16243028640747,{'criterion': 'gini', 'max_depth': 7, 'max_features': 'log2', 'n_estimators': 25}
010,3,0,58,534.7814712524414,{'criterion': 'gini', 'max_depth': 3, 'max_features': 'sqrt', 'n_estimators': 50}
005,1,0,56,558.3953659534454,{'criterion': 'gini', 'max_depth': 3, 'max_features': 'sqrt', 'n_estimators': 50}
010,2,0,64,552.6087715625763,{'criterion': 'gini', 'max_depth': 7, 'max_features': 'log2', 'n_estimators': 25}
015,2,0,66,560.93665599823,{'criterion': 'gini', 'max_depth': 7, 'max_features': 'sqrt', 'n_estimators': 25}
015,3,0,68,553.8896105289459,{'criterion': 'entropy', 'max_depth': 3, 'max_features': 'sqrt', 'n_estimators': 100}
100,3,0,72,1064.9149508476257,{'criterion': 'entropy', 'max_depth': 3, 'max_features': 'sqrt', 'n_estimators': 25}
030,1,0,71,571.6645877361298,{'criterion': 'entropy', 'max_depth': 5, 'max_features': 'sqrt', 'n_estimators': 50}
005,4,0,53,605.6062285900116,{'criterion': 'entropy', 'max_depth': 3, 'max_features': 'log2', 'n_estimators': 50}
020,2,0,66,591.3746626377106,{'criterion': 'gini', 'max_depth': 3, 'max_features': 'sqrt', 'n_estimators': 125}
005,3,0,56,636.2776982784271,{'criterion': 'entropy', 'max_depth': 3, 'max_features': 'sqrt', 'n_estimators': 25}
030,4,0,69,609.6206381320953,{'criterion': 'gini', 'max_depth': 5, 'max_features': 'log2', 'n_estimators': 75}
015,1,0,61,652.1429681777954,{'criterion': 'entropy', 'max_depth': 3, 'max_features': 'log2', 'n_estimators': 25}
100,1,0,72,1148.1023724079132,{'criterion': 'gini', 'max_depth': 5, 'max_features': 'sqrt', 'n_estimators': 150}
020,0,0,67,679.5716750621796,{'criterion': 'entropy', 'max_depth': 7, 'max_features': 'sqrt', 'n_estimators': 25}
060,0,0,70,610.0121073722839,{'criterion': 'gini', 'max_depth': 3, 'max_features': 'log2', 'n_estimators': 50}
030,0,0,73,687.8883183002472,{'criterion': 'gini', 'max_depth': 7, 'max_features': 'sqrt', 'n_estimators': 100}
060,1,0,75,639.9288530349731,{'criterion': 'gini', 'max_depth': 7, 'max_features': 'sqrt', 'n_estimators': 100}
030,2,0,68,695.9216620922089,{'criterion': 'gini', 'max_depth': 5, 'max_features': 'sqrt', 'n_estimators': 50}
005,0,0,59,754.9181046485901,{'criterion': 'gini', 'max_depth': 3, 'max_features': 'sqrt', 'n_estimators': 75}
060,4,0,72,661.6624031066895,{'criterion': 'entropy', 'max_depth': 5, 'max_features': 'sqrt', 'n_estimators': 100}
100,3,0,72,644.1741065979004,{'criterion': 'gini', 'max_depth': 5, 'max_features': 'sqrt', 'n_estimators': 100}
100,2,0,74,682.0987622737885,{'criterion': 'entropy', 'max_depth': 3, 'max_features': 'sqrt', 'n_estimators': 100}
060,3,0,68,754.0781004428864,{'criterion': 'entropy', 'max_depth': 7, 'max_features': 'log2', 'n_estimators': 50}
100,1,0,72,712.7790944576263,{'criterion': 'gini', 'max_depth': 7, 'max_features': 'sqrt', 'n_estimators': 100}
060,2,0,70,786.2113354206085,{'criterion': 'entropy', 'max_depth': 3, 'max_features': 'sqrt', 'n_estimators': 25}
100,4,0,72,823.6080164909363,{'criterion': 'gini', 'max_depth': 3, 'max_features': 'sqrt', 'n_estimators': 75}
015,4,0,64,363.413809299469,{'criterion': 'entropy', 'max_depth': 7, 'max_features': 'sqrt', 'n_estimators': 50}
020,2,0,66,384.5200216770172,{'criterion': 'entropy', 'max_depth': 3, 'max_features': 'log2', 'n_estimators': 25}
005,2,0,56,434.2308142185211,{'criterion': 'entropy', 'max_depth': 5, 'max_features': 'log2', 'n_estimators': 50}
015,2,0,71,414.26186776161194,{'criterion': 'entropy', 'max_depth': 7, 'max_features': 'log2', 'n_estimators': 75}
005,4,0,54,448.5926938056946,{'criterion': 'entropy', 'max_depth': 3, 'max_features': 'sqrt', 'n_estimators': 50}
005,1,0,55,455.482736825943,{'criterion': 'entropy', 'max_depth': 5, 'max_features': 'log2', 'n_estimators': 50}
010,2,0,68,432.8879053592682,{'criterion': 'entropy', 'max_depth': 5, 'max_features': 'log2', 'n_estimators': 25}
010,0,0,56,455.80671668052673,{'criterion': 'entropy', 'max_depth': 7, 'max_features': 'sqrt', 'n_estimators': 25}
030,2,0,69,431.6189241409302,{'criterion': 'entropy', 'max_depth': 5, 'max_features': 'sqrt', 'n_estimators': 75}
015,1,0,69,463.80913496017456,{'criterion': 'entropy', 'max_depth': 7, 'max_features': 'log2', 'n_estimators': 25}
015,0,0,71,463.6625123023987,{'criterion': 'entropy', 'max_depth': 5, 'max_features': 'log2', 'n_estimators': 75}
030,4,0,70,463.03146386146545,{'criterion': 'gini', 'max_depth': 3, 'max_features': 'sqrt', 'n_estimators': 75}
010,1,0,64,635.480993270874,{'criterion': 'gini', 'max_depth': 5, 'max_features': 'sqrt', 'n_estimators': 125}
020,0,0,70,615.5232646465302,{'criterion': 'gini', 'max_depth': 5, 'max_features': 'sqrt', 'n_estimators': 75}
030,0,0,72,569.5932643413544,{'criterion': 'gini', 'max_depth': 7, 'max_features': 'sqrt', 'n_estimators': 100}
005,0,0,57,658.2289907932281,{'criterion': 'gini', 'max_depth': 3, 'max_features': 'sqrt', 'n_estimators': 25}
100,0,0,70,1079.5072870254517,{'criterion': 'entropy', 'max_depth': 5, 'max_features': 'log2', 'n_estimators': 100}
010,4,0,60,651.547988653183,{'criterion': 'gini', 'max_depth': 3, 'max_features': 'sqrt', 'n_estimators': 50}
030,1,0,66,638.2557921409607,{'criterion': 'entropy', 'max_depth': 5, 'max_features': 'log2', 'n_estimators': 25}
060,1,0,74,589.302223443985,{'criterion': 'gini', 'max_depth': 3, 'max_features': 'sqrt', 'n_estimators': 100}
060,0,0,72,604.1605322360992,{'criterion': 'gini', 'max_depth': 5, 'max_features': 'log2', 'n_estimators': 50}
010,3,0,68,664.7203099727631,{'criterion': 'gini', 'max_depth': 3, 'max_features': 'log2', 'n_estimators': 25}
015,3,0,70,664.8889753818512,{'criterion': 'gini', 'max_depth': 5, 'max_features': 'sqrt', 'n_estimators': 125}
020,4,0,59,679.4646689891815,{'criterion': 'gini', 'max_depth': 3, 'max_features': 'log2', 'n_estimators': 25}
020,1,0,72,681.79536485672,{'criterion': 'gini', 'max_depth': 3, 'max_features': 'sqrt', 'n_estimators': 50}
020,3,0,65,677.3827815055847,{'criterion': 'entropy', 'max_depth': 7, 'max_features': 'sqrt', 'n_estimators': 25}
005,3,0,56,740.4971625804901,{'criterion': 'gini', 'max_depth': 3, 'max_features': 'sqrt', 'n_estimators': 25}
100,4,0,71,661.6673245429993,{'criterion': 'gini', 'max_depth': 3, 'max_features': 'log2', 'n_estimators': 150}
030,3,0,70,786.5535686016083,{'criterion': 'gini', 'max_depth': 7, 'max_features': 'sqrt', 'n_estimators': 150}
060,3,0,72,781.1112716197968,{'criterion': 'gini', 'max_depth': 7, 'max_features': 'log2', 'n_estimators': 75}
005,4,0,56,296.43497228622437,{'criterion': 'entropy', 'max_depth': 3, 'max_features': 'log2', 'n_estimators': 50}
060,2,0,71,842.7848718166351,{'criterion': 'gini', 'max_depth': 3, 'max_features': 'sqrt', 'n_estimators': 100}
005,2,0,52,416.7011778354645,{'criterion': 'entropy', 'max_depth': 3, 'max_features': 'log2', 'n_estimators': 25}
010,0,0,61,432.2425756454468,{'criterion': 'gini', 'max_depth': 7, 'max_features': 'log2', 'n_estimators': 25}
015,4,0,66,428.63314414024353,{'criterion': 'gini', 'max_depth': 3, 'max_features': 'log2', 'n_estimators': 100}
020,2,0,68,431.0194365978241,{'criterion': 'gini', 'max_depth': 3, 'max_features': 'log2', 'n_estimators': 50}
020,1,0,69,439.2693862915039,{'criterion': 'gini', 'max_depth': 5, 'max_features': 'sqrt', 'n_estimators': 25}
005,1,0,54,458.709365606308,{'criterion': 'gini', 'max_depth': 3, 'max_features': 'log2', 'n_estimators': 100}
030,1,0,71,427.7944881916046,{'criterion': 'gini', 'max_depth': 3, 'max_features': 'sqrt', 'n_estimators': 150}
060,4,0,70,973.4775915145874,{'criterion': 'gini', 'max_depth': 7, 'max_features': 'sqrt', 'n_estimators': 25}
010,1,0,58,478.7197971343994,{'criterion': 'entropy', 'max_depth': 7, 'max_features': 'log2', 'n_estimators': 25}
020,3,0,63,463.98987007141113,{'criterion': 'gini', 'max_depth': 7, 'max_features': 'log2', 'n_estimators': 25}
020,4,0,66,459.75719141960144,{'criterion': 'gini', 'max_depth': 7, 'max_features': 'sqrt', 'n_estimators': 75}
005,3,0,58,495.92154693603516,{'criterion': 'gini', 'max_depth': 3, 'max_features': 'sqrt', 'n_estimators': 50}
030,2,0,68,461.79323840141296,{'criterion': 'entropy', 'max_depth': 5, 'max_features': 'sqrt', 'n_estimators': 50}
005,0,0,60,547.6327726840973,{'criterion': 'gini', 'max_depth': 3, 'max_features': 'log2', 'n_estimators': 25}
010,3,0,65,543.9531028270721,{'criterion': 'entropy', 'max_depth': 3, 'max_features': 'log2', 'n_estimators': 75}
030,4,0,65,514.1729655265808,{'criterion': 'gini', 'max_depth': 3, 'max_features': 'log2', 'n_estimators': 50}
015,3,0,67,538.7256948947906,{'criterion': 'entropy', 'max_depth': 7, 'max_features': 'log2', 'n_estimators': 50}
015,2,0,72,538.2222664356232,{'criterion': 'gini', 'max_depth': 3, 'max_features': 'log2', 'n_estimators': 150}
030,0,0,72,554.8221855163574,{'criterion': 'gini', 'max_depth': 5, 'max_features': 'log2', 'n_estimators': 50}
015,1,0,69,572.8819091320038,{'criterion': 'gini', 'max_depth': 3, 'max_features': 'sqrt', 'n_estimators': 125}
010,2,0,64,597.5243909358978,{'criterion': 'gini', 'max_depth': 5, 'max_features': 'log2', 'n_estimators': 25}
100,2,0,71,1084.4063119888306,{'criterion': 'entropy', 'max_depth': 5, 'max_features': 'log2', 'n_estimators': 50}
100,1,0,72,1059.557425737381,{'criterion': 'gini', 'max_depth': 7, 'max_features': 'log2', 'n_estimators': 75}
060,2,0,68,571.7287182807922,{'criterion': 'gini', 'max_depth': 3, 'max_features': 'log2', 'n_estimators': 100}
015,0,0,70,633.5346536636353,{'criterion': 'entropy', 'max_depth': 3, 'max_features': 'sqrt', 'n_estimators': 75}
020,0,0,67,624.3465783596039,{'criterion': 'gini', 'max_depth': 3, 'max_features': 'log2', 'n_estimators': 50}
010,4,0,63,652.0797865390778,{'criterion': 'entropy', 'max_depth': 5, 'max_features': 'log2', 'n_estimators': 100}
030,3,0,71,640.2188761234283,{'criterion': 'entropy', 'max_depth': 7, 'max_features': 'sqrt', 'n_estimators': 100}
100,3,0,72,1042.1312787532806,{'criterion': 'gini', 'max_depth': 5, 'max_features': 'sqrt', 'n_estimators': 100}
060,4,0,71,629.5318393707275,{'criterion': 'gini', 'max_depth': 7, 'max_features': 'sqrt', 'n_estimators': 125}
100,0,0,71,1201.4540894031525,{'criterion': 'gini', 'max_depth': 5, 'max_features': 'sqrt', 'n_estimators': 100}
060,3,0,74,725.7426559925079,{'criterion': 'entropy', 'max_depth': 3, 'max_features': 'sqrt', 'n_estimators': 50}
100,0,0,71,696.0483067035675,{'criterion': 'gini', 'max_depth': 5, 'max_features': 'sqrt', 'n_estimators': 25}
100,2,0,72,773.57124376297,{'criterion': 'entropy', 'max_depth': 3, 'max_features': 'sqrt', 'n_estimators': 25}
100,1,0,71,771.6414694786072,{'criterion': 'gini', 'max_depth': 3, 'max_features': 'log2', 'n_estimators': 150}
100,4,0,71,779.648003578186,{'criterion': 'gini', 'max_depth': 3, 'max_features': 'sqrt', 'n_estimators': 25}
010,0,0,63,244.5241084098816,{'criterion': 'gini', 'max_depth': 3, 'max_features': 'sqrt', 'n_estimators': 50}
020,0,0,65,249.99884033203125,{'criterion': 'gini', 'max_depth': 7, 'max_features': 'log2', 'n_estimators': 25}
005,1,0,52,274.47761154174805,{'criterion': 'gini', 'max_depth': 3, 'max_features': 'log2', 'n_estimators': 25}
005,4,0,50,278.7590563297272,{'criterion': 'gini', 'max_depth': 3, 'max_features': 'log2', 'n_estimators': 25}
005,3,0,58,276.4585916996002,{'criterion': 'gini', 'max_depth': 3, 'max_features': 'log2', 'n_estimators': 50}
060,1,0,74,845.1034495830536,{'criterion': 'gini', 'max_depth': 5, 'max_features': 'log2', 'n_estimators': 50}
005,2,0,54,286.84205651283264,{'criterion': 'gini', 'max_depth': 5, 'max_features': 'sqrt', 'n_estimators': 50}
005,0,0,56,290.4028379917145,{'criterion': 'entropy', 'max_depth': 5, 'max_features': 'log2', 'n_estimators': 25}
030,1,0,64,235.01697945594788,{'criterion': 'entropy', 'max_depth': 5, 'max_features': 'log2', 'n_estimators': 50}
015,3,0,68,256.1158676147461,{'criterion': 'gini', 'max_depth': 3, 'max_features': 'log2', 'n_estimators': 25}
010,2,0,65,279.60005927085876,{'criterion': 'entropy', 'max_depth': 5, 'max_features': 'log2', 'n_estimators': 25}
060,0,0,71,854.602777004242,{'criterion': 'entropy', 'max_depth': 5, 'max_features': 'log2', 'n_estimators': 50}
020,3,0,72,266.65395283699036,{'criterion': 'gini', 'max_depth': 3, 'max_features': 'log2', 'n_estimators': 100}
010,3,0,61,271.2005844116211,{'criterion': 'entropy', 'max_depth': 7, 'max_features': 'log2', 'n_estimators': 25}
100,3,0,72,699.1892411708832,{'criterion': 'entropy', 'max_depth': 5, 'max_features': 'sqrt', 'n_estimators': 25}
010,1,0,64,290.10234904289246,{'criterion': 'gini', 'max_depth': 7, 'max_features': 'sqrt', 'n_estimators': 50}
020,2,0,71,281.2644989490509,{'criterion': 'entropy', 'max_depth': 7, 'max_features': 'sqrt', 'n_estimators': 100}
015,0,0,70,270.4255907535553,{'criterion': 'entropy', 'max_depth': 3, 'max_features': 'sqrt', 'n_estimators': 150}
010,4,0,59,273.76426339149475,{'criterion': 'gini', 'max_depth': 3, 'max_features': 'sqrt', 'n_estimators': 150}
015,4,0,62,279.2613916397095,{'criterion': 'gini', 'max_depth': 5, 'max_features': 'sqrt', 'n_estimators': 50}
060,3,0,69,226.03479027748108,{'criterion': 'gini', 'max_depth': 3, 'max_features': 'log2', 'n_estimators': 150}
030,3,0,70,249.70803260803223,{'criterion': 'gini', 'max_depth': 7, 'max_features': 'sqrt', 'n_estimators': 50}
030,0,0,71,270.97027373313904,{'criterion': 'entropy', 'max_depth': 3, 'max_features': 'sqrt', 'n_estimators': 25}
015,1,0,64,283.2867887020111,{'criterion': 'gini', 'max_depth': 3, 'max_features': 'sqrt', 'n_estimators': 25}
015,2,0,71,282.85669136047363,{'criterion': 'gini', 'max_depth': 3, 'max_features': 'sqrt', 'n_estimators': 25}
020,1,0,69,282.1535711288452,{'criterion': 'gini', 'max_depth': 5, 'max_features': 'sqrt', 'n_estimators': 50}
030,2,0,67,265.54510831832886,{'criterion': 'gini', 'max_depth': 7, 'max_features': 'sqrt', 'n_estimators': 150}
030,4,0,71,242.97677087783813,{'criterion': 'entropy', 'max_depth': 3, 'max_features': 'sqrt', 'n_estimators': 100}
060,0,0,72,240.8030252456665,{'criterion': 'entropy', 'max_depth': 3, 'max_features': 'sqrt', 'n_estimators': 100}
100,1,0,72,197.17059063911438,{'criterion': 'gini', 'max_depth': 3, 'max_features': 'sqrt', 'n_estimators': 25}
020,4,0,63,272.02614855766296,{'criterion': 'entropy', 'max_depth': 3, 'max_features': 'log2', 'n_estimators': 25}
060,2,0,72,173.9051113128662,{'criterion': 'gini', 'max_depth': 3, 'max_features': 'sqrt', 'n_estimators': 100}
060,4,0,72,199.1180295944214,{'criterion': 'entropy', 'max_depth': 3, 'max_features': 'sqrt', 'n_estimators': 75}
100,0,0,72,162.10505485534668,{'criterion': 'entropy', 'max_depth': 5, 'max_features': 'log2', 'n_estimators': 100}
060,1,0,72,221.90588426589966,{'criterion': 'entropy', 'max_depth': 7, 'max_features': 'sqrt', 'n_estimators': 100}
100,2,0,70,187.8609585762024,{'criterion': 'gini', 'max_depth': 7, 'max_features': 'log2', 'n_estimators': 25}
100,3,0,72,191.51449346542358,{'criterion': 'gini', 'max_depth': 5, 'max_features': 'sqrt', 'n_estimators': 50}
100,4,0,72,145.1595447063446,{'criterion': 'gini', 'max_depth': 3, 'max_features': 'log2', 'n_estimators': 100}
