010,1,0,62,206.98134565353394,{'leaf_size': 5, 'metric': 'euclidean', 'n_neighbors': 10, 'weights': 'uniform'}
015,4,0,62,168.61264395713806,{'leaf_size': 5, 'metric': 'euclidean', 'n_neighbors': 9, 'weights': 'uniform'}
015,3,0,62,186.0213987827301,{'leaf_size': 5, 'metric': 'manhattan', 'n_neighbors': 21, 'weights': 'uniform'}
005,4,0,64,238.03128123283386,{'leaf_size': 5, 'metric': 'euclidean', 'n_neighbors': 3, 'weights': 'uniform'}
005,3,0,59,235.03984546661377,{'leaf_size': 5, 'metric': 'manhattan', 'n_neighbors': 3, 'weights': 'uniform'}
010,0,0,60,239.31312227249146,{'leaf_size': 5, 'metric': 'euclidean', 'n_neighbors': 6, 'weights': 'uniform'}
005,2,0,52,254.97490882873535,{'leaf_size': 5, 'metric': 'euclidean', 'n_neighbors': 7, 'weights': 'uniform'}
005,0,0,53,262.32972145080566,{'leaf_size': 5, 'metric': 'euclidean', 'n_neighbors': 7, 'weights': 'uniform'}
005,1,0,66,261.8807830810547,{'leaf_size': 5, 'metric': 'euclidean', 'n_neighbors': 3, 'weights': 'uniform'}
010,2,0,59,264.85078501701355,{'leaf_size': 5, 'metric': 'euclidean', 'n_neighbors': 6, 'weights': 'uniform'}
010,4,0,66,263.6617217063904,{'leaf_size': 5, 'metric': 'euclidean', 'n_neighbors': 14, 'weights': 'uniform'}
010,3,0,55,268.6522674560547,{'leaf_size': 5, 'metric': 'euclidean', 'n_neighbors': 14, 'weights': 'distance'}
100,2,0,70,80.71629786491394,{'leaf_size': 5, 'metric': 'euclidean', 'n_neighbors': 12, 'weights': 'distance'}
015,0,0,65,265.22238063812256,{'leaf_size': 5, 'metric': 'euclidean', 'n_neighbors': 21, 'weights': 'uniform'}
020,1,0,64,213.7078037261963,{'leaf_size': 5, 'metric': 'euclidean', 'n_neighbors': 18, 'weights': 'uniform'}
015,2,0,66,259.386944770813,{'leaf_size': 5, 'metric': 'euclidean', 'n_neighbors': 21, 'weights': 'uniform'}
015,1,0,65,247.0856750011444,{'leaf_size': 5, 'metric': 'euclidean', 'n_neighbors': 9, 'weights': 'uniform'}
060,1,0,71,89.07883143424988,{'leaf_size': 5, 'metric': 'euclidean', 'n_neighbors': 12, 'weights': 'distance'}
030,3,0,69,133.0918664932251,{'leaf_size': 5, 'metric': 'euclidean', 'n_neighbors': 28, 'weights': 'distance'}
020,0,0,68,239.81315922737122,{'leaf_size': 5, 'metric': 'euclidean', 'n_neighbors': 28, 'weights': 'distance'}
030,1,0,64,167.6134331226349,{'leaf_size': 5, 'metric': 'euclidean', 'n_neighbors': 18, 'weights': 'uniform'}
030,4,0,68,168.8931849002838,{'leaf_size': 5, 'metric': 'euclidean', 'n_neighbors': 28, 'weights': 'distance'}
020,2,0,65,206.155699968338,{'leaf_size': 5, 'metric': 'manhattan', 'n_neighbors': 12, 'weights': 'uniform'}
060,2,0,64,144.89332675933838,{'leaf_size': 5, 'metric': 'euclidean', 'n_neighbors': 12, 'weights': 'uniform'}
060,3,0,64,130.81398010253906,{'leaf_size': 5, 'metric': 'manhattan', 'n_neighbors': 28, 'weights': 'uniform'}
020,3,0,59,227.70139050483704,{'leaf_size': 5, 'metric': 'euclidean', 'n_neighbors': 12, 'weights': 'uniform'}
020,4,0,68,217.0888340473175,{'leaf_size': 5, 'metric': 'euclidean', 'n_neighbors': 18, 'weights': 'uniform'}
030,2,0,70,183.69087386131287,{'leaf_size': 5, 'metric': 'euclidean', 'n_neighbors': 12, 'weights': 'uniform'}
060,4,0,66,190.915381193161,{'leaf_size': 5, 'metric': 'euclidean', 'n_neighbors': 12, 'weights': 'uniform'}
100,0,0,70,179.55783700942993,{'leaf_size': 5, 'metric': 'manhattan', 'n_neighbors': 28, 'weights': 'distance'}
030,0,0,66,229.71966528892517,{'leaf_size': 5, 'metric': 'euclidean', 'n_neighbors': 28, 'weights': 'distance'}
100,1,0,70,170.97477340698242,{'leaf_size': 5, 'metric': 'euclidean', 'n_neighbors': 28, 'weights': 'distance'}
100,4,0,69,132.79660844802856,{'leaf_size': 5, 'metric': 'euclidean', 'n_neighbors': 18, 'weights': 'distance'}
060,0,0,65,205.12449598312378,{'leaf_size': 5, 'metric': 'euclidean', 'n_neighbors': 12, 'weights': 'uniform'}
100,3,0,68,196.93447494506836,{'leaf_size': 5, 'metric': 'euclidean', 'n_neighbors': 28, 'weights': 'uniform'}
005,0,0,60,98.62872505187988,{'leaf_size': 5, 'metric': 'manhattan', 'n_neighbors': 3, 'weights': 'uniform'}
005,2,0,55,109.89601159095764,{'leaf_size': 5, 'metric': 'euclidean', 'n_neighbors': 7, 'weights': 'uniform'}
010,3,0,55,110.38456583023071,{'leaf_size': 5, 'metric': 'manhattan', 'n_neighbors': 14, 'weights': 'distance'}
010,2,0,56,124.28389739990234,{'leaf_size': 5, 'metric': 'euclidean', 'n_neighbors': 14, 'weights': 'uniform'}
015,2,0,68,111.89259886741638,{'leaf_size': 5, 'metric': 'euclidean', 'n_neighbors': 15, 'weights': 'uniform'}
015,3,0,58,101.68727946281433,{'leaf_size': 5, 'metric': 'manhattan', 'n_neighbors': 21, 'weights': 'uniform'}
010,0,0,61,145.85842275619507,{'leaf_size': 5, 'metric': 'euclidean', 'n_neighbors': 10, 'weights': 'uniform'}
015,1,0,66,153.77641487121582,{'leaf_size': 5, 'metric': 'euclidean', 'n_neighbors': 21, 'weights': 'uniform'}
060,0,0,66,98.55825972557068,{'leaf_size': 5, 'metric': 'euclidean', 'n_neighbors': 18, 'weights': 'uniform'}
005,1,0,62,189.39039421081543,{'leaf_size': 5, 'metric': 'euclidean', 'n_neighbors': 5, 'weights': 'uniform'}
005,3,0,66,196.48517656326294,{'leaf_size': 5, 'metric': 'manhattan', 'n_neighbors': 3, 'weights': 'uniform'}
005,4,0,63,206.73194217681885,{'leaf_size': 5, 'metric': 'euclidean', 'n_neighbors': 3, 'weights': 'uniform'}
015,4,0,64,202.7819790840149,{'leaf_size': 5, 'metric': 'euclidean', 'n_neighbors': 15, 'weights': 'uniform'}
010,1,0,66,220.0474500656128,{'leaf_size': 5, 'metric': 'euclidean', 'n_neighbors': 10, 'weights': 'uniform'}
020,0,0,63,204.40056109428406,{'leaf_size': 5, 'metric': 'manhattan', 'n_neighbors': 28, 'weights': 'uniform'}
010,4,0,66,228.12521815299988,{'leaf_size': 5, 'metric': 'euclidean', 'n_neighbors': 6, 'weights': 'distance'}
020,4,0,70,193.47032737731934,{'leaf_size': 5, 'metric': 'euclidean', 'n_neighbors': 28, 'weights': 'distance'}
020,3,0,57,199.87444949150085,{'leaf_size': 5, 'metric': 'euclidean', 'n_neighbors': 28, 'weights': 'distance'}
015,0,0,65,229.60300517082214,{'leaf_size': 5, 'metric': 'manhattan', 'n_neighbors': 15, 'weights': 'uniform'}
020,2,0,66,228.89283919334412,{'leaf_size': 5, 'metric': 'euclidean', 'n_neighbors': 18, 'weights': 'distance'}
020,1,0,67,216.9036750793457,{'leaf_size': 5, 'metric': 'euclidean', 'n_neighbors': 12, 'weights': 'distance'}
030,2,0,70,212.5561888217926,{'leaf_size': 5, 'metric': 'euclidean', 'n_neighbors': 12, 'weights': 'uniform'}
030,1,0,65,218.13575434684753,{'leaf_size': 5, 'metric': 'euclidean', 'n_neighbors': 12, 'weights': 'distance'}
030,4,0,67,196.0366313457489,{'leaf_size': 5, 'metric': 'euclidean', 'n_neighbors': 28, 'weights': 'distance'}
030,3,0,68,200.83506798744202,{'leaf_size': 5, 'metric': 'euclidean', 'n_neighbors': 28, 'weights': 'uniform'}
030,0,0,64,229.44890213012695,{'leaf_size': 5, 'metric': 'euclidean', 'n_neighbors': 28, 'weights': 'uniform'}
100,4,0,69,109.78663372993469,{'leaf_size': 5, 'metric': 'euclidean', 'n_neighbors': 28, 'weights': 'distance'}
060,2,0,69,202.0677044391632,{'leaf_size': 5, 'metric': 'euclidean', 'n_neighbors': 28, 'weights': 'uniform'}
060,1,0,70,225.97046041488647,{'leaf_size': 5, 'metric': 'euclidean', 'n_neighbors': 28, 'weights': 'distance'}
060,4,0,68,186.81070184707642,{'leaf_size': 5, 'metric': 'euclidean', 'n_neighbors': 18, 'weights': 'distance'}
100,0,0,68,195.77582430839539,{'leaf_size': 5, 'metric': 'euclidean', 'n_neighbors': 28, 'weights': 'uniform'}
060,3,0,67,200.8529872894287,{'leaf_size': 5, 'metric': 'manhattan', 'n_neighbors': 18, 'weights': 'distance'}
100,1,0,67,212.42986726760864,{'leaf_size': 5, 'metric': 'manhattan', 'n_neighbors': 18, 'weights': 'uniform'}
100,3,0,68,179.56387567520142,{'leaf_size': 5, 'metric': 'euclidean', 'n_neighbors': 28, 'weights': 'uniform'}
100,2,0,69,198.5711691379547,{'leaf_size': 5, 'metric': 'euclidean', 'n_neighbors': 18, 'weights': 'uniform'}
005,1,0,65,100.23784923553467,{'leaf_size': 5, 'metric': 'euclidean', 'n_neighbors': 7, 'weights': 'uniform'}
005,4,0,57,103.91826391220093,{'leaf_size': 5, 'metric': 'manhattan', 'n_neighbors': 5, 'weights': 'uniform'}
010,0,0,60,113.78378295898438,{'leaf_size': 5, 'metric': 'euclidean', 'n_neighbors': 6, 'weights': 'uniform'}
015,3,0,62,104.79588055610657,{'leaf_size': 5, 'metric': 'manhattan', 'n_neighbors': 21, 'weights': 'uniform'}
020,0,0,69,102.14984822273254,{'leaf_size': 5, 'metric': 'euclidean', 'n_neighbors': 28, 'weights': 'distance'}
015,0,0,66,113.29402256011963,{'leaf_size': 5, 'metric': 'euclidean', 'n_neighbors': 9, 'weights': 'uniform'}
010,3,0,54,114.93625545501709,{'leaf_size': 5, 'metric': 'euclidean', 'n_neighbors': 14, 'weights': 'uniform'}
005,2,0,62,140.62330031394958,{'leaf_size': 5, 'metric': 'euclidean', 'n_neighbors': 5, 'weights': 'uniform'}
010,1,0,64,141.03270387649536,{'leaf_size': 5, 'metric': 'euclidean', 'n_neighbors': 14, 'weights': 'uniform'}
020,2,0,58,129.5463593006134,{'leaf_size': 5, 'metric': 'manhattan', 'n_neighbors': 28, 'weights': 'uniform'}
005,0,0,57,180.099684715271,{'leaf_size': 5, 'metric': 'euclidean', 'n_neighbors': 7, 'weights': 'uniform'}
010,2,0,59,163.37282276153564,{'leaf_size': 5, 'metric': 'euclidean', 'n_neighbors': 6, 'weights': 'uniform'}
060,1,0,68,85.22268486022949,{'leaf_size': 5, 'metric': 'euclidean', 'n_neighbors': 28, 'weights': 'uniform'}
030,0,0,68,130.38398790359497,{'leaf_size': 5, 'metric': 'euclidean', 'n_neighbors': 28, 'weights': 'distance'}
030,3,0,69,140.6081736087799,{'leaf_size': 5, 'metric': 'euclidean', 'n_neighbors': 28, 'weights': 'distance'}
060,3,0,67,105.62238764762878,{'leaf_size': 5, 'metric': 'manhattan', 'n_neighbors': 12, 'weights': 'uniform'}
100,2,0,67,93.29492735862732,{'leaf_size': 5, 'metric': 'euclidean', 'n_neighbors': 12, 'weights': 'uniform'}
015,2,0,66,179.67236161231995,{'leaf_size': 5, 'metric': 'euclidean', 'n_neighbors': 15, 'weights': 'uniform'}
060,0,0,68,148.98611736297607,{'leaf_size': 5, 'metric': 'euclidean', 'n_neighbors': 12, 'weights': 'distance'}
020,4,0,64,194.53233218193054,{'leaf_size': 5, 'metric': 'euclidean', 'n_neighbors': 12, 'weights': 'uniform'}
005,3,0,64,233.03845047950745,{'leaf_size': 5, 'metric': 'euclidean', 'n_neighbors': 3, 'weights': 'uniform'}
010,4,0,62,226.28938341140747,{'leaf_size': 5, 'metric': 'euclidean', 'n_neighbors': 10, 'weights': 'uniform'}
030,1,0,65,189.70460438728333,{'leaf_size': 5, 'metric': 'euclidean', 'n_neighbors': 12, 'weights': 'uniform'}
020,1,0,68,214.48586177825928,{'leaf_size': 5, 'metric': 'euclidean', 'n_neighbors': 18, 'weights': 'distance'}
015,1,0,71,244.92530822753906,{'leaf_size': 5, 'metric': 'euclidean', 'n_neighbors': 15, 'weights': 'uniform'}
030,2,0,67,226.68276715278625,{'leaf_size': 5, 'metric': 'euclidean', 'n_neighbors': 28, 'weights': 'uniform'}
060,2,0,70,186.04971289634705,{'leaf_size': 5, 'metric': 'euclidean', 'n_neighbors': 28, 'weights': 'uniform'}
020,3,0,53,247.39939856529236,{'leaf_size': 5, 'metric': 'euclidean', 'n_neighbors': 28, 'weights': 'uniform'}
015,4,0,61,259.4538924694061,{'leaf_size': 5, 'metric': 'manhattan', 'n_neighbors': 21, 'weights': 'uniform'}
030,4,0,67,226.63634371757507,{'leaf_size': 5, 'metric': 'euclidean', 'n_neighbors': 18, 'weights': 'uniform'}
060,4,0,66,214.5961570739746,{'leaf_size': 5, 'metric': 'manhattan', 'n_neighbors': 28, 'weights': 'distance'}
100,1,0,68,180.921466588974,{'leaf_size': 5, 'metric': 'euclidean', 'n_neighbors': 28, 'weights': 'uniform'}
100,3,0,69,212.04228901863098,{'leaf_size': 5, 'metric': 'euclidean', 'n_neighbors': 28, 'weights': 'uniform'}
100,0,0,66,230.935804605484,{'leaf_size': 5, 'metric': 'euclidean', 'n_neighbors': 12, 'weights': 'uniform'}
100,4,0,68,220.71188950538635,{'leaf_size': 5, 'metric': 'euclidean', 'n_neighbors': 12, 'weights': 'uniform'}
005,0,0,58,64.61706900596619,{'leaf_size': 5, 'metric': 'euclidean', 'n_neighbors': 5, 'weights': 'uniform'}
010,1,0,59,72.739981174469,{'leaf_size': 5, 'metric': 'euclidean', 'n_neighbors': 14, 'weights': 'uniform'}
005,4,0,65,80.85556626319885,{'leaf_size': 5, 'metric': 'euclidean', 'n_neighbors': 3, 'weights': 'uniform'}
015,4,0,64,77.5362446308136,{'leaf_size': 5, 'metric': 'euclidean', 'n_neighbors': 9, 'weights': 'uniform'}
015,2,0,65,107.81258177757263,{'leaf_size': 5, 'metric': 'euclidean', 'n_neighbors': 21, 'weights': 'distance'}
010,2,0,60,128.18695735931396,{'leaf_size': 5, 'metric': 'euclidean', 'n_neighbors': 6, 'weights': 'uniform'}
030,1,0,62,66.76526260375977,{'leaf_size': 5, 'metric': 'euclidean', 'n_neighbors': 28, 'weights': 'distance'}
010,0,0,60,134.38103723526,{'leaf_size': 5, 'metric': 'euclidean', 'n_neighbors': 6, 'weights': 'uniform'}
015,0,0,66,146.40659308433533,{'leaf_size': 5, 'metric': 'euclidean', 'n_neighbors': 15, 'weights': 'uniform'}
020,2,0,64,128.65475916862488,{'leaf_size': 5, 'metric': 'euclidean', 'n_neighbors': 12, 'weights': 'uniform'}
015,3,0,62,147.56189560890198,{'leaf_size': 5, 'metric': 'euclidean', 'n_neighbors': 21, 'weights': 'uniform'}
005,3,0,64,187.76563906669617,{'leaf_size': 5, 'metric': 'euclidean', 'n_neighbors': 3, 'weights': 'uniform'}
020,1,0,65,147.3021605014801,{'leaf_size': 5, 'metric': 'euclidean', 'n_neighbors': 18, 'weights': 'uniform'}
015,1,0,67,174.9876434803009,{'leaf_size': 5, 'metric': 'euclidean', 'n_neighbors': 21, 'weights': 'uniform'}
060,0,0,67,101.06052732467651,{'leaf_size': 5, 'metric': 'euclidean', 'n_neighbors': 28, 'weights': 'distance'}
060,1,0,68,89.15299439430237,{'leaf_size': 5, 'metric': 'euclidean', 'n_neighbors': 12, 'weights': 'uniform'}
005,1,0,66,213.44048142433167,{'leaf_size': 5, 'metric': 'euclidean', 'n_neighbors': 5, 'weights': 'uniform'}
030,2,0,71,140.04141330718994,{'leaf_size': 5, 'metric': 'euclidean', 'n_neighbors': 12, 'weights': 'distance'}
020,3,0,54,161.310795545578,{'leaf_size': 5, 'metric': 'euclidean', 'n_neighbors': 28, 'weights': 'uniform'}
005,2,0,53,225.18856167793274,{'leaf_size': 5, 'metric': 'euclidean', 'n_neighbors': 7, 'weights': 'uniform'}
100,0,0,70,105.65607476234436,{'leaf_size': 5, 'metric': 'euclidean', 'n_neighbors': 28, 'weights': 'distance'}
020,4,0,64,160.33936262130737,{'leaf_size': 5, 'metric': 'euclidean', 'n_neighbors': 18, 'weights': 'uniform'}
100,2,0,68,69.21349143981934,{'leaf_size': 5, 'metric': 'manhattan', 'n_neighbors': 28, 'weights': 'uniform'}
010,3,0,52,225.2220540046692,{'leaf_size': 5, 'metric': 'euclidean', 'n_neighbors': 14, 'weights': 'uniform'}
010,4,0,66,233.30498003959656,{'leaf_size': 5, 'metric': 'euclidean', 'n_neighbors': 10, 'weights': 'uniform'}
060,4,0,66,127.21871638298035,{'leaf_size': 5, 'metric': 'euclidean', 'n_neighbors': 18, 'weights': 'uniform'}
100,4,0,68,89.04654383659363,{'leaf_size': 5, 'metric': 'euclidean', 'n_neighbors': 28, 'weights': 'distance'}
020,0,0,67,209.8854353427887,{'leaf_size': 5, 'metric': 'euclidean', 'n_neighbors': 12, 'weights': 'distance'}
060,2,0,63,163.23870396614075,{'leaf_size': 5, 'metric': 'manhattan', 'n_neighbors': 12, 'weights': 'uniform'}
030,0,0,64,213.8783209323883,{'leaf_size': 5, 'metric': 'euclidean', 'n_neighbors': 28, 'weights': 'distance'}
030,4,0,63,210.76357007026672,{'leaf_size': 5, 'metric': 'manhattan', 'n_neighbors': 28, 'weights': 'uniform'}
030,3,0,67,228.41446805000305,{'leaf_size': 5, 'metric': 'euclidean', 'n_neighbors': 28, 'weights': 'uniform'}
060,3,0,67,196.44478273391724,{'leaf_size': 5, 'metric': 'euclidean', 'n_neighbors': 28, 'weights': 'uniform'}
100,1,0,67,200.61125802993774,{'leaf_size': 5, 'metric': 'euclidean', 'n_neighbors': 18, 'weights': 'distance'}
100,3,0,67,230.01865148544312,{'leaf_size': 5, 'metric': 'manhattan', 'n_neighbors': 18, 'weights': 'uniform'}
010,0,0,56,64.39236116409302,{'leaf_size': 5, 'metric': 'manhattan', 'n_neighbors': 6, 'weights': 'uniform'}
010,3,0,55,60.89052867889404,{'leaf_size': 5, 'metric': 'euclidean', 'n_neighbors': 14, 'weights': 'distance'}
010,1,0,66,78.1952452659607,{'leaf_size': 5, 'metric': 'euclidean', 'n_neighbors': 10, 'weights': 'uniform'}
005,3,0,65,92.11686682701111,{'leaf_size': 5, 'metric': 'euclidean', 'n_neighbors': 3, 'weights': 'uniform'}
015,0,0,62,96.13732957839966,{'leaf_size': 5, 'metric': 'manhattan', 'n_neighbors': 15, 'weights': 'uniform'}
020,2,0,66,108.06394290924072,{'leaf_size': 5, 'metric': 'euclidean', 'n_neighbors': 28, 'weights': 'uniform'}
020,3,0,59,130.39302682876587,{'leaf_size': 5, 'metric': 'euclidean', 'n_neighbors': 12, 'weights': 'uniform'}
010,2,0,60,160.21927285194397,{'leaf_size': 5, 'metric': 'euclidean', 'n_neighbors': 6, 'weights': 'uniform'}
015,4,0,62,142.63934779167175,{'leaf_size': 5, 'metric': 'euclidean', 'n_neighbors': 9, 'weights': 'uniform'}
005,0,0,52,174.78281569480896,{'leaf_size': 5, 'metric': 'euclidean', 'n_neighbors': 7, 'weights': 'uniform'}
015,1,0,68,158.44678807258606,{'leaf_size': 5, 'metric': 'euclidean', 'n_neighbors': 15, 'weights': 'uniform'}
020,1,0,65,144.9630832672119,{'leaf_size': 5, 'metric': 'euclidean', 'n_neighbors': 12, 'weights': 'uniform'}
020,0,0,61,151.61793994903564,{'leaf_size': 5, 'metric': 'manhattan', 'n_neighbors': 28, 'weights': 'uniform'}
060,1,0,70,97.01149296760559,{'leaf_size': 5, 'metric': 'euclidean', 'n_neighbors': 12, 'weights': 'distance'}
060,0,0,66,92.76133847236633,{'leaf_size': 5, 'metric': 'euclidean', 'n_neighbors': 18, 'weights': 'uniform'}
030,0,0,64,116.49429559707642,{'leaf_size': 5, 'metric': 'euclidean', 'n_neighbors': 28, 'weights': 'uniform'}
005,4,0,60,207.3864357471466,{'leaf_size': 5, 'metric': 'manhattan', 'n_neighbors': 5, 'weights': 'uniform'}
005,2,0,52,210.11606359481812,{'leaf_size': 5, 'metric': 'euclidean', 'n_neighbors': 7, 'weights': 'uniform'}
100,2,0,69,82.07419681549072,{'leaf_size': 5, 'metric': 'euclidean', 'n_neighbors': 28, 'weights': 'distance'}
030,4,0,64,143.8709795475006,{'leaf_size': 5, 'metric': 'euclidean', 'n_neighbors': 28, 'weights': 'uniform'}
010,4,0,68,218.51134991645813,{'leaf_size': 5, 'metric': 'manhattan', 'n_neighbors': 14, 'weights': 'distance'}
015,3,0,64,232.85504460334778,{'leaf_size': 5, 'metric': 'euclidean', 'n_neighbors': 21, 'weights': 'uniform'}
005,1,0,66,271.9108295440674,{'leaf_size': 5, 'metric': 'euclidean', 'n_neighbors': 7, 'weights': 'uniform'}
100,3,0,69,141.58150029182434,{'leaf_size': 5, 'metric': 'euclidean', 'n_neighbors': 18, 'weights': 'distance'}
015,2,0,65,252.7563774585724,{'leaf_size': 5, 'metric': 'euclidean', 'n_neighbors': 15, 'weights': 'uniform'}
030,2,0,72,205.5450828075409,{'leaf_size': 5, 'metric': 'euclidean', 'n_neighbors': 18, 'weights': 'distance'}
100,1,0,68,144.7802393436432,{'leaf_size': 5, 'metric': 'euclidean', 'n_neighbors': 12, 'weights': 'distance'}
030,1,0,65,227.6127598285675,{'leaf_size': 5, 'metric': 'euclidean', 'n_neighbors': 18, 'weights': 'distance'}
020,4,0,68,243.2999608516693,{'leaf_size': 5, 'metric': 'manhattan', 'n_neighbors': 28, 'weights': 'distance'}
060,2,0,70,196.47337985038757,{'leaf_size': 5, 'metric': 'euclidean', 'n_neighbors': 28, 'weights': 'uniform'}
060,3,0,67,201.2059977054596,{'leaf_size': 5, 'metric': 'manhattan', 'n_neighbors': 28, 'weights': 'uniform'}
030,3,0,65,259.88105750083923,{'leaf_size': 5, 'metric': 'manhattan', 'n_neighbors': 28, 'weights': 'uniform'}
060,4,0,68,233.0232915878296,{'leaf_size': 5, 'metric': 'euclidean', 'n_neighbors': 18, 'weights': 'distance'}
100,4,0,67,231.9408402442932,{'leaf_size': 5, 'metric': 'euclidean', 'n_neighbors': 28, 'weights': 'uniform'}
100,0,0,70,245.7401750087738,{'leaf_size': 5, 'metric': 'euclidean', 'n_neighbors': 18, 'weights': 'distance'}
005,2,0,57,116.98556613922119,{'leaf_size': 5, 'metric': 'euclidean', 'n_neighbors': 7, 'weights': 'uniform'}
020,4,0,67,97.0991780757904,{'leaf_size': 5, 'metric': 'manhattan', 'n_neighbors': 18, 'weights': 'distance'}
015,3,0,61,112.76079154014587,{'leaf_size': 5, 'metric': 'manhattan', 'n_neighbors': 21, 'weights': 'uniform'}
005,4,0,66,138.7750964164734,{'leaf_size': 5, 'metric': 'euclidean', 'n_neighbors': 5, 'weights': 'uniform'}
010,1,0,63,140.61595106124878,{'leaf_size': 5, 'metric': 'manhattan', 'n_neighbors': 14, 'weights': 'uniform'}
005,1,0,62,156.11443829536438,{'leaf_size': 5, 'metric': 'euclidean', 'n_neighbors': 3, 'weights': 'uniform'}
030,2,0,69,110.65979981422424,{'leaf_size': 5, 'metric': 'euclidean', 'n_neighbors': 18, 'weights': 'uniform'}
020,3,0,62,129.19285225868225,{'leaf_size': 5, 'metric': 'manhattan', 'n_neighbors': 18, 'weights': 'distance'}
030,0,0,63,121.09195518493652,{'leaf_size': 5, 'metric': 'euclidean', 'n_neighbors': 28, 'weights': 'uniform'}
060,0,0,70,117.90270495414734,{'leaf_size': 5, 'metric': 'euclidean', 'n_neighbors': 28, 'weights': 'distance'}
010,3,0,54,177.41967606544495,{'leaf_size': 5, 'metric': 'manhattan', 'n_neighbors': 14, 'weights': 'distance'}
015,1,0,68,186.07642531394958,{'leaf_size': 5, 'metric': 'euclidean', 'n_neighbors': 9, 'weights': 'uniform'}
005,0,0,53,218.00999569892883,{'leaf_size': 5, 'metric': 'euclidean', 'n_neighbors': 7, 'weights': 'uniform'}
020,1,0,67,192.2193958759308,{'leaf_size': 5, 'metric': 'euclidean', 'n_neighbors': 18, 'weights': 'distance'}
015,2,0,70,196.39698028564453,{'leaf_size': 5, 'metric': 'euclidean', 'n_neighbors': 21, 'weights': 'distance'}
020,0,0,62,180.54693126678467,{'leaf_size': 5, 'metric': 'euclidean', 'n_neighbors': 18, 'weights': 'uniform'}
005,3,0,68,212.72770762443542,{'leaf_size': 5, 'metric': 'euclidean', 'n_neighbors': 3, 'weights': 'uniform'}
015,4,0,64,191.97653555870056,{'leaf_size': 5, 'metric': 'euclidean', 'n_neighbors': 9, 'weights': 'uniform'}
010,2,0,56,206.9494309425354,{'leaf_size': 5, 'metric': 'manhattan', 'n_neighbors': 10, 'weights': 'uniform'}
030,4,0,68,152.15580344200134,{'leaf_size': 5, 'metric': 'euclidean', 'n_neighbors': 28, 'weights': 'distance'}
060,1,0,67,154.22572898864746,{'leaf_size': 5, 'metric': 'euclidean', 'n_neighbors': 18, 'weights': 'uniform'}
010,0,0,59,216.29576563835144,{'leaf_size': 5, 'metric': 'euclidean', 'n_neighbors': 14, 'weights': 'uniform'}
020,2,0,66,201.34350848197937,{'leaf_size': 5, 'metric': 'euclidean', 'n_neighbors': 18, 'weights': 'uniform'}
010,4,0,64,215.65297174453735,{'leaf_size': 5, 'metric': 'euclidean', 'n_neighbors': 14, 'weights': 'uniform'}
015,0,0,66,216.54749393463135,{'leaf_size': 5, 'metric': 'euclidean', 'n_neighbors': 9, 'weights': 'uniform'}
030,3,0,70,207.90627932548523,{'leaf_size': 5, 'metric': 'euclidean', 'n_neighbors': 28, 'weights': 'distance'}
100,3,0,70,127.51042079925537,{'leaf_size': 5, 'metric': 'euclidean', 'n_neighbors': 18, 'weights': 'distance'}
060,4,0,66,163.13936686515808,{'leaf_size': 5, 'metric': 'euclidean', 'n_neighbors': 18, 'weights': 'uniform'}
100,2,0,68,131.159569978714,{'leaf_size': 5, 'metric': 'euclidean', 'n_neighbors': 28, 'weights': 'uniform'}
030,1,0,65,220.74340891838074,{'leaf_size': 5, 'metric': 'euclidean', 'n_neighbors': 18, 'weights': 'uniform'}
060,2,0,68,199.31853580474854,{'leaf_size': 5, 'metric': 'euclidean', 'n_neighbors': 28, 'weights': 'uniform'}
100,4,0,70,167.51583671569824,{'leaf_size': 5, 'metric': 'euclidean', 'n_neighbors': 28, 'weights': 'distance'}
060,3,0,66,201.65480256080627,{'leaf_size': 5, 'metric': 'manhattan', 'n_neighbors': 18, 'weights': 'uniform'}
100,0,0,68,156.27037596702576,{'leaf_size': 5, 'metric': 'euclidean', 'n_neighbors': 28, 'weights': 'uniform'}
100,1,0,66,212.27785539627075,{'leaf_size': 5, 'metric': 'euclidean', 'n_neighbors': 12, 'weights': 'uniform'}
010,2,0,60,66.75708270072937,{'leaf_size': 5, 'metric': 'euclidean', 'n_neighbors': 6, 'weights': 'uniform'}
005,1,0,66,85.20862936973572,{'leaf_size': 5, 'metric': 'euclidean', 'n_neighbors': 7, 'weights': 'uniform'}
005,0,0,52,95.0901312828064,{'leaf_size': 5, 'metric': 'euclidean', 'n_neighbors': 7, 'weights': 'uniform'}
010,0,0,56,107.53715968132019,{'leaf_size': 5, 'metric': 'euclidean', 'n_neighbors': 10, 'weights': 'uniform'}
010,1,0,66,108.12130117416382,{'leaf_size': 5, 'metric': 'euclidean', 'n_neighbors': 10, 'weights': 'uniform'}
005,2,0,54,125.45897769927979,{'leaf_size': 5, 'metric': 'euclidean', 'n_neighbors': 7, 'weights': 'uniform'}
030,0,0,64,72.86817383766174,{'leaf_size': 5, 'metric': 'euclidean', 'n_neighbors': 28, 'weights': 'uniform'}
010,4,0,65,114.91817164421082,{'leaf_size': 5, 'metric': 'euclidean', 'n_neighbors': 14, 'weights': 'uniform'}
010,3,0,54,120.56927108764648,{'leaf_size': 5, 'metric': 'euclidean', 'n_neighbors': 10, 'weights': 'uniform'}
005,3,0,68,167.2432520389557,{'leaf_size': 5, 'metric': 'euclidean', 'n_neighbors': 3, 'weights': 'uniform'}
015,2,0,67,134.2570025920868,{'leaf_size': 5, 'metric': 'euclidean', 'n_neighbors': 21, 'weights': 'uniform'}
020,3,0,54,132.06423473358154,{'leaf_size': 5, 'metric': 'euclidean', 'n_neighbors': 28, 'weights': 'uniform'}
020,4,0,66,139.70527696609497,{'leaf_size': 5, 'metric': 'euclidean', 'n_neighbors': 28, 'weights': 'uniform'}
015,4,0,62,158.2713017463684,{'leaf_size': 5, 'metric': 'manhattan', 'n_neighbors': 9, 'weights': 'uniform'}
060,4,0,64,103.6143205165863,{'leaf_size': 5, 'metric': 'euclidean', 'n_neighbors': 12, 'weights': 'uniform'}
015,0,0,66,179.4885745048523,{'leaf_size': 5, 'metric': 'euclidean', 'n_neighbors': 9, 'weights': 'uniform'}
030,1,0,66,138.7974569797516,{'leaf_size': 5, 'metric': 'euclidean', 'n_neighbors': 12, 'weights': 'distance'}
020,1,0,64,176.12127208709717,{'leaf_size': 5, 'metric': 'euclidean', 'n_neighbors': 18, 'weights': 'uniform'}
015,1,0,72,187.00597047805786,{'leaf_size': 5, 'metric': 'euclidean', 'n_neighbors': 15, 'weights': 'uniform'}
060,3,0,70,122.78854632377625,{'leaf_size': 5, 'metric': 'euclidean', 'n_neighbors': 28, 'weights': 'distance'}
005,4,0,57,213.69805479049683,{'leaf_size': 5, 'metric': 'euclidean', 'n_neighbors': 7, 'weights': 'uniform'}
030,4,0,70,140.86994576454163,{'leaf_size': 5, 'metric': 'euclidean', 'n_neighbors': 18, 'weights': 'distance'}
100,1,0,69,64.792400598526,{'leaf_size': 5, 'metric': 'euclidean', 'n_neighbors': 12, 'weights': 'distance'}
030,3,0,70,149.27077412605286,{'leaf_size': 5, 'metric': 'euclidean', 'n_neighbors': 18, 'weights': 'distance'}
100,4,0,70,92.38067507743835,{'leaf_size': 5, 'metric': 'euclidean', 'n_neighbors': 28, 'weights': 'distance'}
020,2,0,64,190.57941961288452,{'leaf_size': 5, 'metric': 'euclidean', 'n_neighbors': 18, 'weights': 'uniform'}
015,3,0,60,212.21452713012695,{'leaf_size': 5, 'metric': 'manhattan', 'n_neighbors': 21, 'weights': 'uniform'}
020,0,0,62,214.2358615398407,{'leaf_size': 5, 'metric': 'euclidean', 'n_neighbors': 18, 'weights': 'distance'}
100,0,0,70,76.7794075012207,{'leaf_size': 5, 'metric': 'euclidean', 'n_neighbors': 18, 'weights': 'distance'}
060,2,0,71,170.7800989151001,{'leaf_size': 5, 'metric': 'euclidean', 'n_neighbors': 18, 'weights': 'distance'}
030,2,0,66,196.26902842521667,{'leaf_size': 5, 'metric': 'manhattan', 'n_neighbors': 28, 'weights': 'uniform'}
060,1,0,69,175.05558061599731,{'leaf_size': 5, 'metric': 'euclidean', 'n_neighbors': 12, 'weights': 'uniform'}
060,0,0,66,203.8833076953888,{'leaf_size': 5, 'metric': 'euclidean', 'n_neighbors': 18, 'weights': 'uniform'}
100,2,0,69,178.8402304649353,{'leaf_size': 5, 'metric': 'euclidean', 'n_neighbors': 28, 'weights': 'distance'}
100,3,0,68,197.2573630809784,{'leaf_size': 5, 'metric': 'euclidean', 'n_neighbors': 18, 'weights': 'uniform'}
005,2,0,51,76.9597761631012,{'leaf_size': 5, 'metric': 'euclidean', 'n_neighbors': 7, 'weights': 'uniform'}
015,1,0,66,70.684978723526,{'leaf_size': 5, 'metric': 'euclidean', 'n_neighbors': 21, 'weights': 'uniform'}
015,4,0,65,75.09154748916626,{'leaf_size': 5, 'metric': 'manhattan', 'n_neighbors': 15, 'weights': 'uniform'}
020,0,0,62,77.82944679260254,{'leaf_size': 5, 'metric': 'manhattan', 'n_neighbors': 28, 'weights': 'uniform'}
010,1,0,64,108.01067996025085,{'leaf_size': 5, 'metric': 'euclidean', 'n_neighbors': 10, 'weights': 'uniform'}
005,3,0,67,124.96820282936096,{'leaf_size': 5, 'metric': 'euclidean', 'n_neighbors': 3, 'weights': 'uniform'}
060,0,0,66,70.78444862365723,{'leaf_size': 5, 'metric': 'euclidean', 'n_neighbors': 28, 'weights': 'distance'}
030,0,0,66,106.62752747535706,{'leaf_size': 5, 'metric': 'manhattan', 'n_neighbors': 28, 'weights': 'distance'}
030,2,0,68,86.62009692192078,{'leaf_size': 5, 'metric': 'euclidean', 'n_neighbors': 18, 'weights': 'uniform'}
015,2,0,66,159.46432495117188,{'leaf_size': 5, 'metric': 'euclidean', 'n_neighbors': 21, 'weights': 'uniform'}
020,3,0,55,138.10007238388062,{'leaf_size': 5, 'metric': 'euclidean', 'n_neighbors': 18, 'weights': 'uniform'}
010,2,0,58,177.22625970840454,{'leaf_size': 5, 'metric': 'euclidean', 'n_neighbors': 6, 'weights': 'uniform'}
020,1,0,68,156.45018196105957,{'leaf_size': 5, 'metric': 'manhattan', 'n_neighbors': 28, 'weights': 'distance'}
030,1,0,64,125.46128010749817,{'leaf_size': 5, 'metric': 'euclidean', 'n_neighbors': 18, 'weights': 'uniform'}
100,1,0,70,72.06719875335693,{'leaf_size': 5, 'metric': 'euclidean', 'n_neighbors': 28, 'weights': 'uniform'}
010,3,0,55,205.10026860237122,{'leaf_size': 5, 'metric': 'euclidean', 'n_neighbors': 6, 'weights': 'distance'}
005,0,0,52,217.70546674728394,{'leaf_size': 5, 'metric': 'euclidean', 'n_neighbors': 7, 'weights': 'uniform'}
100,4,0,69,77.34558439254761,{'leaf_size': 5, 'metric': 'euclidean', 'n_neighbors': 12, 'weights': 'distance'}
010,4,0,65,208.99469447135925,{'leaf_size': 5, 'metric': 'euclidean', 'n_neighbors': 14, 'weights': 'uniform'}
005,1,0,66,239.75991487503052,{'leaf_size': 5, 'metric': 'euclidean', 'n_neighbors': 3, 'weights': 'uniform'}
020,2,0,65,198.954998254776,{'leaf_size': 5, 'metric': 'euclidean', 'n_neighbors': 18, 'weights': 'uniform'}
005,4,0,61,237.8212993144989,{'leaf_size': 5, 'metric': 'manhattan', 'n_neighbors': 5, 'weights': 'uniform'}
015,0,0,69,224.8198902606964,{'leaf_size': 5, 'metric': 'euclidean', 'n_neighbors': 9, 'weights': 'uniform'}
010,0,0,59,235.1727738380432,{'leaf_size': 5, 'metric': 'euclidean', 'n_neighbors': 10, 'weights': 'uniform'}
015,3,0,62,224.40958499908447,{'leaf_size': 5, 'metric': 'manhattan', 'n_neighbors': 21, 'weights': 'uniform'}
060,2,0,68,154.37043857574463,{'leaf_size': 5, 'metric': 'euclidean', 'n_neighbors': 28, 'weights': 'uniform'}
100,2,0,70,123.4355583190918,{'leaf_size': 5, 'metric': 'euclidean', 'n_neighbors': 28, 'weights': 'distance'}
020,4,0,63,218.70176196098328,{'leaf_size': 5, 'metric': 'euclidean', 'n_neighbors': 28, 'weights': 'uniform'}
030,3,0,66,199.88581156730652,{'leaf_size': 5, 'metric': 'euclidean', 'n_neighbors': 28, 'weights': 'uniform'}
060,4,0,64,169.76015043258667,{'leaf_size': 5, 'metric': 'manhattan', 'n_neighbors': 28, 'weights': 'uniform'}
100,3,0,70,170.12419033050537,{'leaf_size': 5, 'metric': 'euclidean', 'n_neighbors': 12, 'weights': 'distance'}
030,4,0,71,236.70411562919617,{'leaf_size': 5, 'metric': 'euclidean', 'n_neighbors': 28, 'weights': 'distance'}
100,0,0,69,197.60633778572083,{'leaf_size': 5, 'metric': 'euclidean', 'n_neighbors': 28, 'weights': 'distance'}
060,3,0,66,218.5690405368805,{'leaf_size': 5, 'metric': 'manhattan', 'n_neighbors': 28, 'weights': 'uniform'}
060,1,0,66,225.16835498809814,{'leaf_size': 5, 'metric': 'euclidean', 'n_neighbors': 28, 'weights': 'uniform'}
005,4,0,60,69.42700386047363,{'leaf_size': 5, 'metric': 'euclidean', 'n_neighbors': 5, 'weights': 'uniform'}
010,4,0,61,81.78109574317932,{'leaf_size': 5, 'metric': 'euclidean', 'n_neighbors': 14, 'weights': 'uniform'}
010,0,0,60,105.79215240478516,{'leaf_size': 5, 'metric': 'euclidean', 'n_neighbors': 6, 'weights': 'uniform'}
010,1,0,66,104.7221200466156,{'leaf_size': 5, 'metric': 'euclidean', 'n_neighbors': 10, 'weights': 'uniform'}
015,0,0,65,99.8819625377655,{'leaf_size': 5, 'metric': 'manhattan', 'n_neighbors': 15, 'weights': 'uniform'}
010,3,0,56,100.40372967720032,{'leaf_size': 5, 'metric': 'euclidean', 'n_neighbors': 14, 'weights': 'distance'}
010,2,0,66,111.04900026321411,{'leaf_size': 5, 'metric': 'euclidean', 'n_neighbors': 10, 'weights': 'distance'}
005,0,0,54,133.4606111049652,{'leaf_size': 5, 'metric': 'euclidean', 'n_neighbors': 7, 'weights': 'uniform'}
030,2,0,66,92.56520628929138,{'leaf_size': 5, 'metric': 'euclidean', 'n_neighbors': 12, 'weights': 'uniform'}
005,2,0,56,155.2002375125885,{'leaf_size': 5, 'metric': 'euclidean', 'n_neighbors': 7, 'weights': 'uniform'}
005,1,0,63,171.85307455062866,{'leaf_size': 5, 'metric': 'euclidean', 'n_neighbors': 5, 'weights': 'uniform'}
015,3,0,63,142.83766174316406,{'leaf_size': 5, 'metric': 'euclidean', 'n_neighbors': 21, 'weights': 'uniform'}
060,1,0,69,74.18339562416077,{'leaf_size': 5, 'metric': 'euclidean', 'n_neighbors': 12, 'weights': 'uniform'}
030,3,0,68,126.01358652114868,{'leaf_size': 5, 'metric': 'manhattan', 'n_neighbors': 18, 'weights': 'distance'}
030,1,0,66,120.16015243530273,{'leaf_size': 5, 'metric': 'euclidean', 'n_neighbors': 18, 'weights': 'distance'}
005,3,0,61,185.2490336894989,{'leaf_size': 5, 'metric': 'euclidean', 'n_neighbors': 5, 'weights': 'uniform'}
030,0,0,62,117.03760623931885,{'leaf_size': 5, 'metric': 'manhattan', 'n_neighbors': 28, 'weights': 'distance'}
020,3,0,53,147.01954650878906,{'leaf_size': 5, 'metric': 'euclidean', 'n_neighbors': 18, 'weights': 'uniform'}
015,4,0,66,159.75659775733948,{'leaf_size': 5, 'metric': 'manhattan', 'n_neighbors': 15, 'weights': 'uniform'}
030,4,0,69,120.26082134246826,{'leaf_size': 5, 'metric': 'euclidean', 'n_neighbors': 18, 'weights': 'distance'}
015,1,0,66,177.7023138999939,{'leaf_size': 5, 'metric': 'euclidean', 'n_neighbors': 21, 'weights': 'uniform'}
100,0,0,68,73.94058084487915,{'leaf_size': 5, 'metric': 'euclidean', 'n_neighbors': 12, 'weights': 'uniform'}
015,2,0,68,180.3177227973938,{'leaf_size': 5, 'metric': 'euclidean', 'n_neighbors': 15, 'weights': 'uniform'}
020,0,0,65,186.3374900817871,{'leaf_size': 5, 'metric': 'manhattan', 'n_neighbors': 28, 'weights': 'uniform'}
020,1,0,67,184.84300112724304,{'leaf_size': 5, 'metric': 'manhattan', 'n_neighbors': 18, 'weights': 'distance'}
020,2,0,67,186.1657943725586,{'leaf_size': 5, 'metric': 'euclidean', 'n_neighbors': 28, 'weights': 'uniform'}
020,4,0,64,189.1248002052307,{'leaf_size': 5, 'metric': 'euclidean', 'n_neighbors': 28, 'weights': 'uniform'}
100,4,0,68,87.30067157745361,{'leaf_size': 5, 'metric': 'euclidean', 'n_neighbors': 12, 'weights': 'uniform'}
100,1,0,70,106.71093916893005,{'leaf_size': 5, 'metric': 'euclidean', 'n_neighbors': 12, 'weights': 'distance'}
060,3,0,71,154.64599227905273,{'leaf_size': 5, 'metric': 'manhattan', 'n_neighbors': 28, 'weights': 'uniform'}
060,0,0,68,169.39113068580627,{'leaf_size': 5, 'metric': 'euclidean', 'n_neighbors': 28, 'weights': 'distance'}
060,2,0,69,136.2851583957672,{'leaf_size': 5, 'metric': 'euclidean', 'n_neighbors': 12, 'weights': 'distance'}
060,4,0,67,154.5232813358307,{'leaf_size': 5, 'metric': 'euclidean', 'n_neighbors': 18, 'weights': 'uniform'}
100,2,0,67,158.38929319381714,{'leaf_size': 5, 'metric': 'euclidean', 'n_neighbors': 18, 'weights': 'uniform'}
100,3,0,70,158.15087866783142,{'leaf_size': 5, 'metric': 'euclidean', 'n_neighbors': 28, 'weights': 'distance'}
005,3,0,65,72.8975567817688,{'leaf_size': 5, 'metric': 'euclidean', 'n_neighbors': 3, 'weights': 'uniform'}
005,2,0,52,99.41581392288208,{'leaf_size': 5, 'metric': 'euclidean', 'n_neighbors': 7, 'weights': 'uniform'}
020,2,0,63,77.78393959999084,{'leaf_size': 5, 'metric': 'manhattan', 'n_neighbors': 12, 'weights': 'uniform'}
015,1,0,68,99.54607391357422,{'leaf_size': 5, 'metric': 'euclidean', 'n_neighbors': 9, 'weights': 'uniform'}
015,4,0,64,100.26271986961365,{'leaf_size': 5, 'metric': 'euclidean', 'n_neighbors': 9, 'weights': 'uniform'}
005,4,0,63,128.54417276382446,{'leaf_size': 5, 'metric': 'euclidean', 'n_neighbors': 3, 'weights': 'uniform'}
020,3,0,56,103.4827229976654,{'leaf_size': 5, 'metric': 'euclidean', 'n_neighbors': 18, 'weights': 'uniform'}
030,1,0,69,89.33939790725708,{'leaf_size': 5, 'metric': 'euclidean', 'n_neighbors': 12, 'weights': 'distance'}
015,0,0,65,132.49906945228577,{'leaf_size': 5, 'metric': 'manhattan', 'n_neighbors': 9, 'weights': 'uniform'}
010,0,0,60,148.66662621498108,{'leaf_size': 5, 'metric': 'euclidean', 'n_neighbors': 6, 'weights': 'uniform'}
010,1,0,66,159.49423360824585,{'leaf_size': 5, 'metric': 'euclidean', 'n_neighbors': 10, 'weights': 'uniform'}
010,4,0,64,154.78828501701355,{'leaf_size': 5, 'metric': 'euclidean', 'n_neighbors': 14, 'weights': 'uniform'}
030,0,0,64,108.12942051887512,{'leaf_size': 5, 'metric': 'euclidean', 'n_neighbors': 28, 'weights': 'uniform'}
030,2,0,70,119.65109467506409,{'leaf_size': 5, 'metric': 'euclidean', 'n_neighbors': 28, 'weights': 'distance'}
015,2,0,65,148.95792031288147,{'leaf_size': 5, 'metric': 'euclidean', 'n_neighbors': 15, 'weights': 'uniform'}
010,3,0,55,172.8860833644867,{'leaf_size': 5, 'metric': 'euclidean', 'n_neighbors': 14, 'weights': 'distance'}
005,1,0,64,198.30593299865723,{'leaf_size': 5, 'metric': 'euclidean', 'n_neighbors': 7, 'weights': 'uniform'}
005,0,0,59,201.77376079559326,{'leaf_size': 5, 'metric': 'euclidean', 'n_neighbors': 5, 'weights': 'uniform'}
015,3,0,64,169.9126205444336,{'leaf_size': 5, 'metric': 'manhattan', 'n_neighbors': 21, 'weights': 'distance'}
030,3,0,70,142.05637168884277,{'leaf_size': 5, 'metric': 'manhattan', 'n_neighbors': 28, 'weights': 'distance'}
010,2,0,60,200.40350675582886,{'leaf_size': 5, 'metric': 'euclidean', 'n_neighbors': 6, 'weights': 'uniform'}
060,4,0,65,94.15953087806702,{'leaf_size': 5, 'metric': 'euclidean', 'n_neighbors': 12, 'weights': 'uniform'}
100,2,0,69,95.82349181175232,{'leaf_size': 5, 'metric': 'euclidean', 'n_neighbors': 28, 'weights': 'uniform'}
060,0,0,69,129.10460114479065,{'leaf_size': 5, 'metric': 'euclidean', 'n_neighbors': 28, 'weights': 'distance'}
030,4,0,64,145.61518669128418,{'leaf_size': 5, 'metric': 'euclidean', 'n_neighbors': 28, 'weights': 'uniform'}
060,3,0,68,127.59005808830261,{'leaf_size': 5, 'metric': 'euclidean', 'n_neighbors': 28, 'weights': 'uniform'}
020,0,0,65,210.23625087738037,{'leaf_size': 5, 'metric': 'euclidean', 'n_neighbors': 28, 'weights': 'uniform'}
060,2,0,71,105.8985846042633,{'leaf_size': 5, 'metric': 'euclidean', 'n_neighbors': 12, 'weights': 'distance'}
100,0,0,68,78.67315554618835,{'leaf_size': 5, 'metric': 'euclidean', 'n_neighbors': 28, 'weights': 'uniform'}
020,4,0,69,203.29770469665527,{'leaf_size': 5, 'metric': 'manhattan', 'n_neighbors': 28, 'weights': 'distance'}
020,1,0,66,212.5336434841156,{'leaf_size': 5, 'metric': 'euclidean', 'n_neighbors': 18, 'weights': 'distance'}
060,1,0,67,144.32905173301697,{'leaf_size': 5, 'metric': 'euclidean', 'n_neighbors': 18, 'weights': 'uniform'}
100,4,0,68,108.8049647808075,{'leaf_size': 5, 'metric': 'euclidean', 'n_neighbors': 28, 'weights': 'uniform'}
100,1,0,69,120.18579864501953,{'leaf_size': 5, 'metric': 'euclidean', 'n_neighbors': 18, 'weights': 'distance'}
100,3,0,69,154.875408411026,{'leaf_size': 5, 'metric': 'euclidean', 'n_neighbors': 28, 'weights': 'distance'}
