005,0,0,62,32.00768780708313,{'criterion': 'entropy', 'max_depth': 3, 'max_features': 'sqrt', 'n_estimators': 125}
005,1,0,63,32.04992628097534,{'criterion': 'gini', 'max_depth': 3, 'max_features': 'sqrt', 'n_estimators': 100}
005,2,0,54,32.11472845077515,{'criterion': 'gini', 'max_depth': 5, 'max_features': 'sqrt', 'n_estimators': 50}
005,3,0,61,32.14303255081177,{'criterion': 'entropy', 'max_depth': 3, 'max_features': 'log2', 'n_estimators': 100}
005,4,0,55,31.948609352111816,{'criterion': 'gini', 'max_depth': 5, 'max_features': 'log2', 'n_estimators': 50}
010,0,0,55,32.09333872795105,{'criterion': 'gini', 'max_depth': 5, 'max_features': 'log2', 'n_estimators': 75}
010,1,0,55,32.104533672332764,{'criterion': 'entropy', 'max_depth': 3, 'max_features': 'log2', 'n_estimators': 25}
010,2,0,63,32.158202171325684,{'criterion': 'gini', 'max_depth': 3, 'max_features': 'log2', 'n_estimators': 100}
010,3,0,54,32.03454852104187,{'criterion': 'entropy', 'max_depth': 3, 'max_features': 'sqrt', 'n_estimators': 25}
010,4,0,61,32.25197172164917,{'criterion': 'gini', 'max_depth': 3, 'max_features': 'log2', 'n_estimators': 150}
015,0,0,54,32.27410936355591,{'criterion': 'entropy', 'max_depth': 3, 'max_features': 'log2', 'n_estimators': 150}
015,1,0,58,32.17583441734314,{'criterion': 'gini', 'max_depth': 3, 'max_features': 'log2', 'n_estimators': 75}
015,2,0,50,32.23182702064514,{'criterion': 'gini', 'max_depth': 7, 'max_features': 'log2', 'n_estimators': 100}
015,3,0,53,32.17811059951782,{'criterion': 'gini', 'max_depth': 5, 'max_features': 'sqrt', 'n_estimators': 100}
015,4,0,60,32.13002276420593,{'criterion': 'entropy', 'max_depth': 5, 'max_features': 'log2', 'n_estimators': 25}
020,0,0,63,32.28605818748474,{'criterion': 'entropy', 'max_depth': 3, 'max_features': 'sqrt', 'n_estimators': 50}
020,1,0,52,32.41079139709473,{'criterion': 'gini', 'max_depth': 7, 'max_features': 'log2', 'n_estimators': 25}
020,2,0,54,32.34227776527405,{'criterion': 'gini', 'max_depth': 3, 'max_features': 'sqrt', 'n_estimators': 50}
020,3,0,59,32.29368591308594,{'criterion': 'gini', 'max_depth': 3, 'max_features': 'log2', 'n_estimators': 25}
020,4,0,59,32.39591836929321,{'criterion': 'gini', 'max_depth': 3, 'max_features': 'sqrt', 'n_estimators': 150}
030,0,0,63,32.68273878097534,{'criterion': 'entropy', 'max_depth': 3, 'max_features': 'log2', 'n_estimators': 150}
030,1,0,58,32.57112646102905,{'criterion': 'entropy', 'max_depth': 3, 'max_features': 'log2', 'n_estimators': 25}
030,2,0,56,32.66282868385315,{'criterion': 'gini', 'max_depth': 5, 'max_features': 'sqrt', 'n_estimators': 25}
030,3,0,62,32.630016803741455,{'criterion': 'entropy', 'max_depth': 3, 'max_features': 'sqrt', 'n_estimators': 150}
030,4,0,58,32.52532458305359,{'criterion': 'gini', 'max_depth': 3, 'max_features': 'log2', 'n_estimators': 25}
060,0,0,60,33.52932667732239,{'criterion': 'gini', 'max_depth': 3, 'max_features': 'sqrt', 'n_estimators': 125}
060,1,0,63,33.61473560333252,{'criterion': 'gini', 'max_depth': 5, 'max_features': 'log2', 'n_estimators': 150}
060,2,0,60,33.51513361930847,{'criterion': 'gini', 'max_depth': 7, 'max_features': 'sqrt', 'n_estimators': 75}
060,3,0,60,33.464752435684204,{'criterion': 'entropy', 'max_depth': 3, 'max_features': 'sqrt', 'n_estimators': 50}
060,4,0,61,33.50475811958313,{'criterion': 'entropy', 'max_depth': 3, 'max_features': 'sqrt', 'n_estimators': 25}
100,0,0,58,34.741777181625366,{'criterion': 'entropy', 'max_depth': 3, 'max_features': 'sqrt', 'n_estimators': 25}
100,1,0,62,34.937812089920044,{'criterion': 'gini', 'max_depth': 3, 'max_features': 'log2', 'n_estimators': 75}
100,2,0,61,34.88485527038574,{'criterion': 'gini', 'max_depth': 3, 'max_features': 'sqrt', 'n_estimators': 125}
100,3,0,62,34.87236762046814,{'criterion': 'gini', 'max_depth': 3, 'max_features': 'log2', 'n_estimators': 50}
100,4,0,62,35.04425549507141,{'criterion': 'entropy', 'max_depth': 3, 'max_features': 'log2', 'n_estimators': 75}
005,0,0,62,31.97856616973877,{'criterion': 'gini', 'max_depth': 3, 'max_features': 'log2', 'n_estimators': 75}
005,1,0,64,32.09309673309326,{'criterion': 'gini', 'max_depth': 3, 'max_features': 'sqrt', 'n_estimators': 100}
005,2,0,55,31.971444129943848,{'criterion': 'entropy', 'max_depth': 3, 'max_features': 'log2', 'n_estimators': 25}
005,3,0,59,31.980431079864502,{'criterion': 'gini', 'max_depth': 7, 'max_features': 'log2', 'n_estimators': 25}
005,4,0,53,31.955434322357178,{'criterion': 'gini', 'max_depth': 7, 'max_features': 'sqrt', 'n_estimators': 25}
010,0,0,58,32.14203476905823,{'criterion': 'gini', 'max_depth': 3, 'max_features': 'sqrt', 'n_estimators': 50}
010,1,0,52,32.14717984199524,{'criterion': 'gini', 'max_depth': 3, 'max_features': 'log2', 'n_estimators': 25}
010,2,0,60,32.162537574768066,{'criterion': 'gini', 'max_depth': 3, 'max_features': 'sqrt', 'n_estimators': 75}
010,3,0,58,32.19341158866882,{'criterion': 'gini', 'max_depth': 3, 'max_features': 'sqrt', 'n_estimators': 50}
010,4,0,58,32.24389123916626,{'criterion': 'gini', 'max_depth': 7, 'max_features': 'log2', 'n_estimators': 25}
015,0,0,52,32.4073383808136,{'criterion': 'gini', 'max_depth': 3, 'max_features': 'sqrt', 'n_estimators': 100}
015,1,0,58,32.31428551673889,{'criterion': 'gini', 'max_depth': 7, 'max_features': 'log2', 'n_estimators': 25}
015,2,0,50,32.33194136619568,{'criterion': 'gini', 'max_depth': 7, 'max_features': 'sqrt', 'n_estimators': 25}
015,3,0,52,32.298951625823975,{'criterion': 'gini', 'max_depth': 5, 'max_features': 'sqrt', 'n_estimators': 25}
015,4,0,59,32.410494565963745,{'criterion': 'entropy', 'max_depth': 7, 'max_features': 'sqrt', 'n_estimators': 75}
020,0,0,60,32.4660918712616,{'criterion': 'gini', 'max_depth': 7, 'max_features': 'log2', 'n_estimators': 50}
020,1,0,57,32.51488256454468,{'criterion': 'entropy', 'max_depth': 5, 'max_features': 'sqrt', 'n_estimators': 25}
020,2,0,55,32.424070835113525,{'criterion': 'entropy', 'max_depth': 3, 'max_features': 'log2', 'n_estimators': 25}
020,3,0,60,32.49947190284729,{'criterion': 'gini', 'max_depth': 3, 'max_features': 'log2', 'n_estimators': 75}
020,4,0,59,32.50399971008301,{'criterion': 'gini', 'max_depth': 3, 'max_features': 'sqrt', 'n_estimators': 100}
030,0,0,62,32.89570355415344,{'criterion': 'gini', 'max_depth': 3, 'max_features': 'log2', 'n_estimators': 150}
030,1,0,61,32.85655760765076,{'criterion': 'gini', 'max_depth': 3, 'max_features': 'sqrt', 'n_estimators': 50}
030,2,0,61,32.95254063606262,{'criterion': 'gini', 'max_depth': 3, 'max_features': 'sqrt', 'n_estimators': 100}
030,3,0,64,32.78357172012329,{'criterion': 'gini', 'max_depth': 3, 'max_features': 'sqrt', 'n_estimators': 50}
030,4,0,61,32.74043869972229,{'criterion': 'entropy', 'max_depth': 5, 'max_features': 'log2', 'n_estimators': 25}
060,0,0,59,33.75688624382019,{'criterion': 'entropy', 'max_depth': 3, 'max_features': 'sqrt', 'n_estimators': 125}
060,1,0,62,33.759947776794434,{'criterion': 'gini', 'max_depth': 5, 'max_features': 'log2', 'n_estimators': 75}
060,2,0,57,33.667115688323975,{'criterion': 'entropy', 'max_depth': 7, 'max_features': 'log2', 'n_estimators': 25}
060,3,0,57,33.85602307319641,{'criterion': 'entropy', 'max_depth': 5, 'max_features': 'log2', 'n_estimators': 25}
060,4,0,61,33.60047721862793,{'criterion': 'gini', 'max_depth': 3, 'max_features': 'log2', 'n_estimators': 25}
100,0,0,60,35.20474457740784,{'criterion': 'entropy', 'max_depth': 3, 'max_features': 'log2', 'n_estimators': 100}
100,1,0,64,35.16282343864441,{'criterion': 'gini', 'max_depth': 3, 'max_features': 'sqrt', 'n_estimators': 125}
100,2,0,62,35.11839294433594,{'criterion': 'gini', 'max_depth': 3, 'max_features': 'sqrt', 'n_estimators': 150}
100,3,0,63,35.178441286087036,{'criterion': 'gini', 'max_depth': 3, 'max_features': 'log2', 'n_estimators': 125}
100,4,0,60,35.13999342918396,{'criterion': 'gini', 'max_depth': 3, 'max_features': 'log2', 'n_estimators': 75}
005,0,0,63,32.20993208885193,{'criterion': 'gini', 'max_depth': 3, 'max_features': 'sqrt', 'n_estimators': 150}
005,1,0,64,32.250576972961426,{'criterion': 'gini', 'max_depth': 3, 'max_features': 'sqrt', 'n_estimators': 75}
005,2,0,54,32.157010316848755,{'criterion': 'gini', 'max_depth': 7, 'max_features': 'sqrt', 'n_estimators': 25}
005,3,0,60,32.115777254104614,{'criterion': 'entropy', 'max_depth': 5, 'max_features': 'log2', 'n_estimators': 25}
005,4,0,55,31.99492597579956,{'criterion': 'gini', 'max_depth': 7, 'max_features': 'sqrt', 'n_estimators': 25}
010,0,0,57,32.15975737571716,{'criterion': 'entropy', 'max_depth': 3, 'max_features': 'sqrt', 'n_estimators': 25}
010,1,0,52,32.31277871131897,{'criterion': 'entropy', 'max_depth': 3, 'max_features': 'sqrt', 'n_estimators': 125}
010,2,0,58,32.323824405670166,{'criterion': 'entropy', 'max_depth': 3, 'max_features': 'log2', 'n_estimators': 25}
010,3,0,55,32.33480215072632,{'criterion': 'entropy', 'max_depth': 5, 'max_features': 'log2', 'n_estimators': 50}
010,4,0,58,32.42682695388794,{'criterion': 'gini', 'max_depth': 7, 'max_features': 'log2', 'n_estimators': 75}
015,0,0,52,32.510721921920776,{'criterion': 'entropy', 'max_depth': 3, 'max_features': 'sqrt', 'n_estimators': 150}
015,1,0,53,32.393880128860474,{'criterion': 'gini', 'max_depth': 5, 'max_features': 'log2', 'n_estimators': 25}
015,2,0,54,32.417216300964355,{'criterion': 'gini', 'max_depth': 7, 'max_features': 'sqrt', 'n_estimators': 50}
015,3,0,56,32.49939441680908,{'criterion': 'gini', 'max_depth': 5, 'max_features': 'log2', 'n_estimators': 75}
015,4,0,61,32.47183609008789,{'criterion': 'gini', 'max_depth': 7, 'max_features': 'log2', 'n_estimators': 50}
020,0,0,63,32.57269477844238,{'criterion': 'entropy', 'max_depth': 3, 'max_features': 'sqrt', 'n_estimators': 75}
020,1,0,55,32.39485454559326,{'criterion': 'entropy', 'max_depth': 7, 'max_features': 'sqrt', 'n_estimators': 25}
020,2,0,56,32.446614503860474,{'criterion': 'gini', 'max_depth': 3, 'max_features': 'sqrt', 'n_estimators': 75}
020,3,0,58,32.401859998703,{'criterion': 'gini', 'max_depth': 3, 'max_features': 'log2', 'n_estimators': 50}
020,4,0,60,32.42803645133972,{'criterion': 'gini', 'max_depth': 3, 'max_features': 'log2', 'n_estimators': 25}
030,0,0,61,32.82515525817871,{'criterion': 'entropy', 'max_depth': 3, 'max_features': 'log2', 'n_estimators': 25}
030,1,0,60,32.777907609939575,{'criterion': 'gini', 'max_depth': 3, 'max_features': 'log2', 'n_estimators': 50}
030,2,0,60,32.870925426483154,{'criterion': 'gini', 'max_depth': 7, 'max_features': 'sqrt', 'n_estimators': 150}
030,3,0,64,32.738520860672,{'criterion': 'entropy', 'max_depth': 3, 'max_features': 'log2', 'n_estimators': 125}
030,4,0,56,33.00919842720032,{'criterion': 'gini', 'max_depth': 7, 'max_features': 'sqrt', 'n_estimators': 100}
060,0,0,60,33.93711495399475,{'criterion': 'gini', 'max_depth': 3, 'max_features': 'sqrt', 'n_estimators': 125}
060,1,0,59,33.88781666755676,{'criterion': 'gini', 'max_depth': 5, 'max_features': 'log2', 'n_estimators': 25}
060,2,0,60,33.82248067855835,{'criterion': 'gini', 'max_depth': 3, 'max_features': 'sqrt', 'n_estimators': 25}
060,3,0,60,34.02117347717285,{'criterion': 'entropy', 'max_depth': 3, 'max_features': 'log2', 'n_estimators': 150}
060,4,0,62,33.87660002708435,{'criterion': 'gini', 'max_depth': 3, 'max_features': 'sqrt', 'n_estimators': 25}
100,0,0,59,35.35904049873352,{'criterion': 'gini', 'max_depth': 3, 'max_features': 'sqrt', 'n_estimators': 150}
100,1,0,60,35.4334602355957,{'criterion': 'entropy', 'max_depth': 3, 'max_features': 'log2', 'n_estimators': 125}
100,2,0,63,35.35542178153992,{'criterion': 'gini', 'max_depth': 5, 'max_features': 'log2', 'n_estimators': 50}
100,3,0,64,35.484288454055786,{'criterion': 'gini', 'max_depth': 3, 'max_features': 'sqrt', 'n_estimators': 150}
100,4,0,62,35.34812045097351,{'criterion': 'gini', 'max_depth': 3, 'max_features': 'sqrt', 'n_estimators': 50}
005,0,0,64,32.12310791015625,{'criterion': 'gini', 'max_depth': 3, 'max_features': 'sqrt', 'n_estimators': 50}
005,1,0,62,32.21927452087402,{'criterion': 'gini', 'max_depth': 3, 'max_features': 'log2', 'n_estimators': 50}
005,2,0,60,32.2741379737854,{'criterion': 'gini', 'max_depth': 5, 'max_features': 'log2', 'n_estimators': 50}
005,3,0,62,32.11254167556763,{'criterion': 'gini', 'max_depth': 3, 'max_features': 'sqrt', 'n_estimators': 100}
005,4,0,58,32.045225620269775,{'criterion': 'gini', 'max_depth': 3, 'max_features': 'sqrt', 'n_estimators': 25}
010,0,0,58,32.21734642982483,{'criterion': 'entropy', 'max_depth': 5, 'max_features': 'sqrt', 'n_estimators': 25}
010,1,0,52,32.37026524543762,{'criterion': 'gini', 'max_depth': 3, 'max_features': 'sqrt', 'n_estimators': 150}
010,2,0,62,32.365246057510376,{'criterion': 'gini', 'max_depth': 3, 'max_features': 'log2', 'n_estimators': 150}
010,3,0,58,32.31546354293823,{'criterion': 'entropy', 'max_depth': 7, 'max_features': 'sqrt', 'n_estimators': 25}
010,4,0,58,32.16294884681702,{'criterion': 'gini', 'max_depth': 7, 'max_features': 'sqrt', 'n_estimators': 50}
015,0,0,55,32.26618528366089,{'criterion': 'entropy', 'max_depth': 3, 'max_features': 'sqrt', 'n_estimators': 25}
015,1,0,59,32.34268808364868,{'criterion': 'gini', 'max_depth': 5, 'max_features': 'log2', 'n_estimators': 50}
015,2,0,53,32.31731653213501,{'criterion': 'gini', 'max_depth': 7, 'max_features': 'sqrt', 'n_estimators': 50}
015,3,0,55,32.384012937545776,{'criterion': 'entropy', 'max_depth': 7, 'max_features': 'sqrt', 'n_estimators': 125}
015,4,0,60,32.335931062698364,{'criterion': 'entropy', 'max_depth': 3, 'max_features': 'sqrt', 'n_estimators': 75}
020,0,0,63,32.52282238006592,{'criterion': 'gini', 'max_depth': 3, 'max_features': 'sqrt', 'n_estimators': 75}
020,1,0,54,32.4225435256958,{'criterion': 'gini', 'max_depth': 7, 'max_features': 'sqrt', 'n_estimators': 50}
020,2,0,56,32.5459189414978,{'criterion': 'entropy', 'max_depth': 5, 'max_features': 'log2', 'n_estimators': 150}
020,3,0,60,32.48137974739075,{'criterion': 'entropy', 'max_depth': 3, 'max_features': 'log2', 'n_estimators': 75}
020,4,0,56,32.46128511428833,{'criterion': 'entropy', 'max_depth': 5, 'max_features': 'sqrt', 'n_estimators': 50}
030,0,0,61,32.7817587852478,{'criterion': 'gini', 'max_depth': 3, 'max_features': 'sqrt', 'n_estimators': 50}
030,1,0,59,32.79095935821533,{'criterion': 'gini', 'max_depth': 3, 'max_features': 'sqrt', 'n_estimators': 50}
030,2,0,56,32.73773431777954,{'criterion': 'entropy', 'max_depth': 7, 'max_features': 'sqrt', 'n_estimators': 25}
030,3,0,62,32.72431397438049,{'criterion': 'gini', 'max_depth': 3, 'max_features': 'log2', 'n_estimators': 50}
030,4,0,59,32.83483815193176,{'criterion': 'gini', 'max_depth': 3, 'max_features': 'log2', 'n_estimators': 150}
060,0,0,58,33.640986919403076,{'criterion': 'entropy', 'max_depth': 3, 'max_features': 'log2', 'n_estimators': 25}
060,1,0,58,33.6104691028595,{'criterion': 'gini', 'max_depth': 7, 'max_features': 'log2', 'n_estimators': 50}
060,2,0,58,33.571253061294556,{'criterion': 'entropy', 'max_depth': 3, 'max_features': 'sqrt', 'n_estimators': 25}
060,3,0,57,33.64751386642456,{'criterion': 'gini', 'max_depth': 5, 'max_features': 'log2', 'n_estimators': 125}
060,4,0,61,33.658132553100586,{'criterion': 'entropy', 'max_depth': 3, 'max_features': 'sqrt', 'n_estimators': 125}
100,0,0,60,35.08802795410156,{'criterion': 'gini', 'max_depth': 3, 'max_features': 'sqrt', 'n_estimators': 125}
100,1,0,60,34.98267483711243,{'criterion': 'gini', 'max_depth': 7, 'max_features': 'sqrt', 'n_estimators': 25}
100,2,0,60,34.989551305770874,{'criterion': 'entropy', 'max_depth': 7, 'max_features': 'log2', 'n_estimators': 75}
100,3,0,63,35.1963152885437,{'criterion': 'gini', 'max_depth': 3, 'max_features': 'log2', 'n_estimators': 125}
100,4,0,60,34.87236571311951,{'criterion': 'gini', 'max_depth': 3, 'max_features': 'sqrt', 'n_estimators': 25}
005,0,0,62,32.20325756072998,{'criterion': 'gini', 'max_depth': 3, 'max_features': 'sqrt', 'n_estimators': 100}
005,1,0,64,32.206677198410034,{'criterion': 'gini', 'max_depth': 3, 'max_features': 'sqrt', 'n_estimators': 50}
005,2,0,58,32.241167306900024,{'criterion': 'gini', 'max_depth': 7, 'max_features': 'log2', 'n_estimators': 25}
005,3,0,60,32.213552713394165,{'criterion': 'entropy', 'max_depth': 5, 'max_features': 'sqrt', 'n_estimators': 25}
005,4,0,54,32.26332950592041,{'criterion': 'gini', 'max_depth': 5, 'max_features': 'sqrt', 'n_estimators': 150}
010,0,0,56,32.3375301361084,{'criterion': 'entropy', 'max_depth': 5, 'max_features': 'log2', 'n_estimators': 75}
010,1,0,53,32.322962284088135,{'criterion': 'entropy', 'max_depth': 3, 'max_features': 'log2', 'n_estimators': 75}
010,2,0,63,32.28518295288086,{'criterion': 'gini', 'max_depth': 3, 'max_features': 'log2', 'n_estimators': 75}
010,3,0,59,32.34109330177307,{'criterion': 'entropy', 'max_depth': 7, 'max_features': 'log2', 'n_estimators': 50}
010,4,0,62,32.42031383514404,{'criterion': 'gini', 'max_depth': 3, 'max_features': 'log2', 'n_estimators': 75}
015,0,0,55,32.38193154335022,{'criterion': 'gini', 'max_depth': 3, 'max_features': 'log2', 'n_estimators': 25}
015,1,0,54,32.37565469741821,{'criterion': 'entropy', 'max_depth': 5, 'max_features': 'sqrt', 'n_estimators': 25}
015,2,0,50,32.41846489906311,{'criterion': 'gini', 'max_depth': 7, 'max_features': 'log2', 'n_estimators': 50}
015,3,0,52,32.500258922576904,{'criterion': 'gini', 'max_depth': 5, 'max_features': 'sqrt', 'n_estimators': 100}
015,4,0,63,32.405457735061646,{'criterion': 'gini', 'max_depth': 7, 'max_features': 'sqrt', 'n_estimators': 25}
020,0,0,59,32.562490701675415,{'criterion': 'entropy', 'max_depth': 3, 'max_features': 'sqrt', 'n_estimators': 50}
020,1,0,55,32.604243755340576,{'criterion': 'entropy', 'max_depth': 7, 'max_features': 'log2', 'n_estimators': 125}
020,2,0,55,32.45262908935547,{'criterion': 'gini', 'max_depth': 3, 'max_features': 'log2', 'n_estimators': 75}
020,3,0,62,32.42905330657959,{'criterion': 'gini', 'max_depth': 7, 'max_features': 'log2', 'n_estimators': 50}
020,4,0,59,32.44357490539551,{'criterion': 'entropy', 'max_depth': 3, 'max_features': 'log2', 'n_estimators': 25}
030,0,0,62,32.784589529037476,{'criterion': 'gini', 'max_depth': 3, 'max_features': 'sqrt', 'n_estimators': 125}
030,1,0,59,32.82315254211426,{'criterion': 'entropy', 'max_depth': 3, 'max_features': 'sqrt', 'n_estimators': 50}
030,2,0,58,32.865633964538574,{'criterion': 'gini', 'max_depth': 5, 'max_features': 'log2', 'n_estimators': 100}
030,3,0,64,32.74122071266174,{'criterion': 'gini', 'max_depth': 3, 'max_features': 'sqrt', 'n_estimators': 75}
030,4,0,61,32.71518111228943,{'criterion': 'gini', 'max_depth': 3, 'max_features': 'sqrt', 'n_estimators': 25}
060,0,0,60,33.68121576309204,{'criterion': 'entropy', 'max_depth': 3, 'max_features': 'log2', 'n_estimators': 50}
060,1,0,60,33.731815338134766,{'criterion': 'gini', 'max_depth': 5, 'max_features': 'sqrt', 'n_estimators': 75}
060,2,0,59,33.86398506164551,{'criterion': 'gini', 'max_depth': 7, 'max_features': 'log2', 'n_estimators': 150}
060,3,0,55,33.69933605194092,{'criterion': 'gini', 'max_depth': 5, 'max_features': 'sqrt', 'n_estimators': 25}
060,4,0,58,33.69652795791626,{'criterion': 'entropy', 'max_depth': 7, 'max_features': 'log2', 'n_estimators': 25}
100,0,0,60,35.056692361831665,{'criterion': 'gini', 'max_depth': 3, 'max_features': 'sqrt', 'n_estimators': 125}
100,1,0,64,35.101197719573975,{'criterion': 'entropy', 'max_depth': 3, 'max_features': 'log2', 'n_estimators': 100}
100,2,0,61,35.17872953414917,{'criterion': 'gini', 'max_depth': 3, 'max_features': 'log2', 'n_estimators': 125}
100,3,0,60,35.16998362541199,{'criterion': 'entropy', 'max_depth': 7, 'max_features': 'sqrt', 'n_estimators': 75}
100,4,0,62,35.1871440410614,{'criterion': 'entropy', 'max_depth': 3, 'max_features': 'sqrt', 'n_estimators': 125}
005,0,0,58,32.311076164245605,{'criterion': 'gini', 'max_depth': 3, 'max_features': 'log2', 'n_estimators': 25}
005,1,0,64,32.45120716094971,{'criterion': 'entropy', 'max_depth': 3, 'max_features': 'sqrt', 'n_estimators': 125}
005,2,0,57,32.440743923187256,{'criterion': 'gini', 'max_depth': 3, 'max_features': 'sqrt', 'n_estimators': 25}
005,3,0,61,32.347060441970825,{'criterion': 'gini', 'max_depth': 5, 'max_features': 'sqrt', 'n_estimators': 150}
005,4,0,55,32.27748775482178,{'criterion': 'entropy', 'max_depth': 3, 'max_features': 'log2', 'n_estimators': 75}
010,0,0,57,32.37039017677307,{'criterion': 'gini', 'max_depth': 5, 'max_features': 'log2', 'n_estimators': 25}
010,1,0,51,32.41413927078247,{'criterion': 'entropy', 'max_depth': 3, 'max_features': 'sqrt', 'n_estimators': 25}
010,2,0,63,32.42719221115112,{'criterion': 'gini', 'max_depth': 3, 'max_features': 'sqrt', 'n_estimators': 50}
010,3,0,61,32.41916847229004,{'criterion': 'entropy', 'max_depth': 5, 'max_features': 'sqrt', 'n_estimators': 25}
010,4,0,62,32.569100856781006,{'criterion': 'gini', 'max_depth': 5, 'max_features': 'sqrt', 'n_estimators': 125}
015,0,0,56,32.499929428100586,{'criterion': 'entropy', 'max_depth': 3, 'max_features': 'sqrt', 'n_estimators': 50}
015,1,0,56,32.447773694992065,{'criterion': 'entropy', 'max_depth': 5, 'max_features': 'log2', 'n_estimators': 25}
015,2,0,49,32.53163290023804,{'criterion': 'entropy', 'max_depth': 5, 'max_features': 'log2', 'n_estimators': 25}
015,3,0,51,32.5490140914917,{'criterion': 'entropy', 'max_depth': 7, 'max_features': 'log2', 'n_estimators': 75}
015,4,0,60,32.57830762863159,{'criterion': 'gini', 'max_depth': 7, 'max_features': 'log2', 'n_estimators': 25}
020,0,0,59,32.718135356903076,{'criterion': 'entropy', 'max_depth': 3, 'max_features': 'log2', 'n_estimators': 25}
020,1,0,55,32.734378814697266,{'criterion': 'gini', 'max_depth': 3, 'max_features': 'log2', 'n_estimators': 100}
020,2,0,52,32.60206127166748,{'criterion': 'gini', 'max_depth': 3, 'max_features': 'sqrt', 'n_estimators': 25}
020,3,0,61,32.734076261520386,{'criterion': 'entropy', 'max_depth': 5, 'max_features': 'log2', 'n_estimators': 125}
020,4,0,56,32.80436086654663,{'criterion': 'entropy', 'max_depth': 5, 'max_features': 'sqrt', 'n_estimators': 150}
030,0,0,63,32.98819637298584,{'criterion': 'gini', 'max_depth': 3, 'max_features': 'sqrt', 'n_estimators': 50}
030,1,0,58,32.98911261558533,{'criterion': 'entropy', 'max_depth': 3, 'max_features': 'log2', 'n_estimators': 50}
030,2,0,57,32.718242168426514,{'criterion': 'gini', 'max_depth': 5, 'max_features': 'sqrt', 'n_estimators': 25}
030,3,0,62,32.9076943397522,{'criterion': 'entropy', 'max_depth': 3, 'max_features': 'sqrt', 'n_estimators': 50}
030,4,0,56,32.88177227973938,{'criterion': 'gini', 'max_depth': 3, 'max_features': 'sqrt', 'n_estimators': 25}
060,0,0,58,33.869770526885986,{'criterion': 'entropy', 'max_depth': 3, 'max_features': 'log2', 'n_estimators': 25}
060,1,0,64,34.001307010650635,{'criterion': 'entropy', 'max_depth': 3, 'max_features': 'log2', 'n_estimators': 125}
060,2,0,58,34.08935284614563,{'criterion': 'entropy', 'max_depth': 5, 'max_features': 'sqrt', 'n_estimators': 150}
060,3,0,59,33.89102602005005,{'criterion': 'entropy', 'max_depth': 3, 'max_features': 'log2', 'n_estimators': 75}
060,4,0,61,33.97204232215881,{'criterion': 'entropy', 'max_depth': 3, 'max_features': 'sqrt', 'n_estimators': 125}
100,0,0,58,35.241456508636475,{'criterion': 'entropy', 'max_depth': 3, 'max_features': 'log2', 'n_estimators': 75}
100,1,0,62,35.42030191421509,{'criterion': 'entropy', 'max_depth': 3, 'max_features': 'sqrt', 'n_estimators': 150}
100,2,0,62,35.40396499633789,{'criterion': 'gini', 'max_depth': 3, 'max_features': 'log2', 'n_estimators': 100}
100,3,0,64,35.4539520740509,{'criterion': 'gini', 'max_depth': 3, 'max_features': 'sqrt', 'n_estimators': 150}
100,4,0,60,35.22566628456116,{'criterion': 'entropy', 'max_depth': 3, 'max_features': 'log2', 'n_estimators': 25}
005,0,0,62,32.16521430015564,{'criterion': 'entropy', 'max_depth': 5, 'max_features': 'sqrt', 'n_estimators': 100}
005,1,0,62,32.19519591331482,{'criterion': 'entropy', 'max_depth': 3, 'max_features': 'log2', 'n_estimators': 25}
005,2,0,57,32.13113451004028,{'criterion': 'gini', 'max_depth': 3, 'max_features': 'sqrt', 'n_estimators': 25}
005,3,0,62,32.16555118560791,{'criterion': 'entropy', 'max_depth': 5, 'max_features': 'log2', 'n_estimators': 25}
005,4,0,58,32.036356687545776,{'criterion': 'gini', 'max_depth': 5, 'max_features': 'sqrt', 'n_estimators': 25}
010,0,0,60,32.18058681488037,{'criterion': 'gini', 'max_depth': 3, 'max_features': 'sqrt', 'n_estimators': 25}
010,1,0,51,32.27410697937012,{'criterion': 'gini', 'max_depth': 3, 'max_features': 'log2', 'n_estimators': 75}
010,2,0,62,32.32475018501282,{'criterion': 'gini', 'max_depth': 3, 'max_features': 'sqrt', 'n_estimators': 125}
010,3,0,58,32.228426456451416,{'criterion': 'gini', 'max_depth': 3, 'max_features': 'log2', 'n_estimators': 50}
010,4,0,59,32.29855179786682,{'criterion': 'entropy', 'max_depth': 5, 'max_features': 'sqrt', 'n_estimators': 25}
015,0,0,53,32.48452854156494,{'criterion': 'entropy', 'max_depth': 3, 'max_features': 'sqrt', 'n_estimators': 150}
015,1,0,56,32.419211626052856,{'criterion': 'entropy', 'max_depth': 3, 'max_features': 'log2', 'n_estimators': 125}
015,2,0,50,32.53754138946533,{'criterion': 'entropy', 'max_depth': 7, 'max_features': 'log2', 'n_estimators': 150}
015,3,0,52,32.348313331604004,{'criterion': 'gini', 'max_depth': 5, 'max_features': 'log2', 'n_estimators': 50}
015,4,0,63,32.44266080856323,{'criterion': 'gini', 'max_depth': 7, 'max_features': 'log2', 'n_estimators': 100}
020,0,0,61,32.67045044898987,{'criterion': 'entropy', 'max_depth': 7, 'max_features': 'sqrt', 'n_estimators': 125}
020,1,0,55,32.49475073814392,{'criterion': 'entropy', 'max_depth': 7, 'max_features': 'log2', 'n_estimators': 25}
020,2,0,56,32.35834002494812,{'criterion': 'entropy', 'max_depth': 3, 'max_features': 'log2', 'n_estimators': 50}
020,3,0,60,32.36341142654419,{'criterion': 'gini', 'max_depth': 3, 'max_features': 'sqrt', 'n_estimators': 50}
020,4,0,57,32.45925235748291,{'criterion': 'entropy', 'max_depth': 3, 'max_features': 'sqrt', 'n_estimators': 50}
030,0,0,63,32.75769782066345,{'criterion': 'gini', 'max_depth': 3, 'max_features': 'log2', 'n_estimators': 100}
030,1,0,58,32.794673442840576,{'criterion': 'entropy', 'max_depth': 3, 'max_features': 'log2', 'n_estimators': 25}
030,2,0,57,32.78301763534546,{'criterion': 'gini', 'max_depth': 3, 'max_features': 'sqrt', 'n_estimators': 50}
030,3,0,63,32.74822402000427,{'criterion': 'entropy', 'max_depth': 3, 'max_features': 'sqrt', 'n_estimators': 25}
030,4,0,64,32.82198643684387,{'criterion': 'gini', 'max_depth': 3, 'max_features': 'sqrt', 'n_estimators': 100}
060,0,0,62,33.78800630569458,{'criterion': 'entropy', 'max_depth': 3, 'max_features': 'log2', 'n_estimators': 100}
060,1,0,58,33.727569818496704,{'criterion': 'entropy', 'max_depth': 3, 'max_features': 'log2', 'n_estimators': 25}
060,2,0,60,33.89942169189453,{'criterion': 'gini', 'max_depth': 5, 'max_features': 'sqrt', 'n_estimators': 125}
060,3,0,58,33.744078397750854,{'criterion': 'gini', 'max_depth': 3, 'max_features': 'log2', 'n_estimators': 75}
060,4,0,61,33.77821469306946,{'criterion': 'gini', 'max_depth': 3, 'max_features': 'sqrt', 'n_estimators': 125}
100,0,0,60,35.11383128166199,{'criterion': 'entropy', 'max_depth': 3, 'max_features': 'sqrt', 'n_estimators': 25}
100,1,0,62,35.11980724334717,{'criterion': 'entropy', 'max_depth': 3, 'max_features': 'log2', 'n_estimators': 100}
100,2,0,63,35.11175489425659,{'criterion': 'gini', 'max_depth': 3, 'max_features': 'log2', 'n_estimators': 25}
100,3,0,62,35.07811784744263,{'criterion': 'gini', 'max_depth': 3, 'max_features': 'sqrt', 'n_estimators': 100}
100,4,0,60,35.09787178039551,{'criterion': 'gini', 'max_depth': 3, 'max_features': 'log2', 'n_estimators': 150}
005,0,0,63,32.20882296562195,{'criterion': 'gini', 'max_depth': 3, 'max_features': 'sqrt', 'n_estimators': 75}
005,1,0,56,32.214823484420776,{'criterion': 'entropy', 'max_depth': 5, 'max_features': 'sqrt', 'n_estimators': 25}
005,2,0,59,32.20942568778992,{'criterion': 'gini', 'max_depth': 3, 'max_features': 'sqrt', 'n_estimators': 25}
005,3,0,60,32.1787633895874,{'criterion': 'gini', 'max_depth': 3, 'max_features': 'log2', 'n_estimators': 25}
005,4,0,54,32.069275856018066,{'criterion': 'entropy', 'max_depth': 7, 'max_features': 'sqrt', 'n_estimators': 25}
010,0,0,56,32.13532114028931,{'criterion': 'entropy', 'max_depth': 7, 'max_features': 'sqrt', 'n_estimators': 50}
010,1,0,55,32.37525153160095,{'criterion': 'gini', 'max_depth': 3, 'max_features': 'log2', 'n_estimators': 100}
010,2,0,60,32.319955587387085,{'criterion': 'gini', 'max_depth': 3, 'max_features': 'log2', 'n_estimators': 100}
010,3,0,55,32.35490798950195,{'criterion': 'entropy', 'max_depth': 3, 'max_features': 'sqrt', 'n_estimators': 25}
010,4,0,64,32.43921446800232,{'criterion': 'gini', 'max_depth': 3, 'max_features': 'log2', 'n_estimators': 100}
015,0,0,54,32.46518516540527,{'criterion': 'entropy', 'max_depth': 3, 'max_features': 'sqrt', 'n_estimators': 25}
015,1,0,56,32.594005823135376,{'criterion': 'entropy', 'max_depth': 3, 'max_features': 'sqrt', 'n_estimators': 125}
015,2,0,51,32.36349534988403,{'criterion': 'gini', 'max_depth': 3, 'max_features': 'sqrt', 'n_estimators': 25}
015,3,0,55,32.58052372932434,{'criterion': 'entropy', 'max_depth': 7, 'max_features': 'log2', 'n_estimators': 100}
015,4,0,60,32.398465156555176,{'criterion': 'gini', 'max_depth': 5, 'max_features': 'sqrt', 'n_estimators': 25}
020,0,0,62,32.76955842971802,{'criterion': 'gini', 'max_depth': 3, 'max_features': 'sqrt', 'n_estimators': 150}
020,1,0,56,32.73133420944214,{'criterion': 'gini', 'max_depth': 3, 'max_features': 'log2', 'n_estimators': 50}
020,2,0,55,32.60568332672119,{'criterion': 'entropy', 'max_depth': 3, 'max_features': 'sqrt', 'n_estimators': 125}
020,3,0,64,32.47197246551514,{'criterion': 'entropy', 'max_depth': 7, 'max_features': 'sqrt', 'n_estimators': 100}
020,4,0,57,32.525697231292725,{'criterion': 'entropy', 'max_depth': 3, 'max_features': 'sqrt', 'n_estimators': 100}
030,0,0,62,32.85695481300354,{'criterion': 'gini', 'max_depth': 3, 'max_features': 'log2', 'n_estimators': 150}
030,1,0,60,32.882221937179565,{'criterion': 'gini', 'max_depth': 3, 'max_features': 'sqrt', 'n_estimators': 100}
030,2,0,59,32.87901830673218,{'criterion': 'gini', 'max_depth': 7, 'max_features': 'sqrt', 'n_estimators': 75}
030,3,0,63,32.96630001068115,{'criterion': 'gini', 'max_depth': 3, 'max_features': 'sqrt', 'n_estimators': 125}
030,4,0,57,32.87730836868286,{'criterion': 'gini', 'max_depth': 3, 'max_features': 'sqrt', 'n_estimators': 50}
060,0,0,60,33.61442708969116,{'criterion': 'gini', 'max_depth': 3, 'max_features': 'log2', 'n_estimators': 125}
060,1,0,61,33.674752950668335,{'criterion': 'entropy', 'max_depth': 5, 'max_features': 'log2', 'n_estimators': 100}
060,2,0,59,33.63661050796509,{'criterion': 'entropy', 'max_depth': 7, 'max_features': 'log2', 'n_estimators': 75}
060,3,0,59,33.728517293930054,{'criterion': 'entropy', 'max_depth': 3, 'max_features': 'log2', 'n_estimators': 100}
060,4,0,59,33.611098766326904,{'criterion': 'entropy', 'max_depth': 5, 'max_features': 'sqrt', 'n_estimators': 75}
100,0,0,58,34.95555019378662,{'criterion': 'gini', 'max_depth': 3, 'max_features': 'log2', 'n_estimators': 25}
100,1,0,62,35.02037954330444,{'criterion': 'gini', 'max_depth': 3, 'max_features': 'sqrt', 'n_estimators': 25}
100,2,0,64,34.908626317977905,{'criterion': 'gini', 'max_depth': 3, 'max_features': 'log2', 'n_estimators': 50}
100,3,0,62,35.177903175354004,{'criterion': 'gini', 'max_depth': 3, 'max_features': 'sqrt', 'n_estimators': 150}
100,4,0,61,35.11927890777588,{'criterion': 'entropy', 'max_depth': 3, 'max_features': 'log2', 'n_estimators': 100}
005,0,0,62,32.37785243988037,{'criterion': 'entropy', 'max_depth': 3, 'max_features': 'sqrt', 'n_estimators': 150}
005,1,0,65,32.41115212440491,{'criterion': 'entropy', 'max_depth': 3, 'max_features': 'log2', 'n_estimators': 100}
005,2,0,55,32.31175255775452,{'criterion': 'gini', 'max_depth': 7, 'max_features': 'sqrt', 'n_estimators': 25}
005,3,0,60,32.21588206291199,{'criterion': 'gini', 'max_depth': 3, 'max_features': 'log2', 'n_estimators': 50}
005,4,0,56,32.18523907661438,{'criterion': 'gini', 'max_depth': 5, 'max_features': 'sqrt', 'n_estimators': 25}
010,0,0,56,32.40196204185486,{'criterion': 'entropy', 'max_depth': 5, 'max_features': 'sqrt', 'n_estimators': 75}
010,1,0,54,32.34104871749878,{'criterion': 'entropy', 'max_depth': 3, 'max_features': 'log2', 'n_estimators': 25}
010,2,0,63,32.389445304870605,{'criterion': 'gini', 'max_depth': 3, 'max_features': 'sqrt', 'n_estimators': 75}
010,3,0,57,32.271066188812256,{'criterion': 'gini', 'max_depth': 5, 'max_features': 'sqrt', 'n_estimators': 50}
010,4,0,61,32.48626184463501,{'criterion': 'gini', 'max_depth': 3, 'max_features': 'log2', 'n_estimators': 100}
015,0,0,54,32.449843645095825,{'criterion': 'gini', 'max_depth': 3, 'max_features': 'sqrt', 'n_estimators': 25}
015,1,0,57,32.538589000701904,{'criterion': 'gini', 'max_depth': 3, 'max_features': 'log2', 'n_estimators': 125}
015,2,0,52,32.50350332260132,{'criterion': 'gini', 'max_depth': 5, 'max_features': 'sqrt', 'n_estimators': 25}
015,3,0,53,32.446521282196045,{'criterion': 'gini', 'max_depth': 7, 'max_features': 'sqrt', 'n_estimators': 25}
015,4,0,61,32.630311012268066,{'criterion': 'gini', 'max_depth': 5, 'max_features': 'log2', 'n_estimators': 100}
020,0,0,61,32.67124962806702,{'criterion': 'gini', 'max_depth': 3, 'max_features': 'log2', 'n_estimators': 50}
020,1,0,53,32.602519273757935,{'criterion': 'entropy', 'max_depth': 5, 'max_features': 'log2', 'n_estimators': 75}
020,2,0,54,32.71192646026611,{'criterion': 'entropy', 'max_depth': 3, 'max_features': 'sqrt', 'n_estimators': 150}
020,3,0,62,32.64467763900757,{'criterion': 'gini', 'max_depth': 5, 'max_features': 'log2', 'n_estimators': 125}
020,4,0,60,32.685466051101685,{'criterion': 'gini', 'max_depth': 3, 'max_features': 'sqrt', 'n_estimators': 100}
030,0,0,61,32.91103792190552,{'criterion': 'gini', 'max_depth': 3, 'max_features': 'log2', 'n_estimators': 50}
030,1,0,63,32.94825625419617,{'criterion': 'entropy', 'max_depth': 3, 'max_features': 'sqrt', 'n_estimators': 50}
030,2,0,58,33.03665375709534,{'criterion': 'gini', 'max_depth': 3, 'max_features': 'log2', 'n_estimators': 150}
030,3,0,63,32.945518016815186,{'criterion': 'gini', 'max_depth': 3, 'max_features': 'log2', 'n_estimators': 150}
030,4,0,60,32.91706681251526,{'criterion': 'entropy', 'max_depth': 3, 'max_features': 'log2', 'n_estimators': 100}
060,0,0,57,33.82149410247803,{'criterion': 'entropy', 'max_depth': 5, 'max_features': 'log2', 'n_estimators': 75}
060,1,0,59,33.781299352645874,{'criterion': 'gini', 'max_depth': 3, 'max_features': 'sqrt', 'n_estimators': 25}
060,2,0,60,33.865811586380005,{'criterion': 'entropy', 'max_depth': 7, 'max_features': 'sqrt', 'n_estimators': 125}
060,3,0,59,33.76532053947449,{'criterion': 'entropy', 'max_depth': 3, 'max_features': 'sqrt', 'n_estimators': 25}
060,4,0,61,33.778605222702026,{'criterion': 'gini', 'max_depth': 3, 'max_features': 'log2', 'n_estimators': 75}
100,0,0,61,35.1693274974823,{'criterion': 'gini', 'max_depth': 3, 'max_features': 'sqrt', 'n_estimators': 50}
100,1,0,61,35.07387852668762,{'criterion': 'entropy', 'max_depth': 3, 'max_features': 'sqrt', 'n_estimators': 25}
100,2,0,62,35.248732566833496,{'criterion': 'gini', 'max_depth': 3, 'max_features': 'sqrt', 'n_estimators': 150}
100,3,0,61,35.24603199958801,{'criterion': 'entropy', 'max_depth': 3, 'max_features': 'log2', 'n_estimators': 50}
100,4,0,62,35.12075686454773,{'criterion': 'gini', 'max_depth': 3, 'max_features': 'sqrt', 'n_estimators': 75}
005,0,0,62,32.08645510673523,{'criterion': 'gini', 'max_depth': 3, 'max_features': 'sqrt', 'n_estimators': 75}
005,1,0,65,32.142672538757324,{'criterion': 'gini', 'max_depth': 3, 'max_features': 'sqrt', 'n_estimators': 75}
005,2,0,59,32.10098481178284,{'criterion': 'gini', 'max_depth': 3, 'max_features': 'sqrt', 'n_estimators': 25}
005,3,0,59,32.171642780303955,{'criterion': 'entropy', 'max_depth': 5, 'max_features': 'sqrt', 'n_estimators': 125}
005,4,0,57,31.97807288169861,{'criterion': 'gini', 'max_depth': 5, 'max_features': 'sqrt', 'n_estimators': 25}
010,0,0,57,32.31623363494873,{'criterion': 'gini', 'max_depth': 3, 'max_features': 'sqrt', 'n_estimators': 150}
010,1,0,52,32.30879044532776,{'criterion': 'gini', 'max_depth': 3, 'max_features': 'log2', 'n_estimators': 125}
010,2,0,62,32.24236249923706,{'criterion': 'entropy', 'max_depth': 3, 'max_features': 'log2', 'n_estimators': 75}
010,3,0,60,32.21635866165161,{'criterion': 'gini', 'max_depth': 3, 'max_features': 'sqrt', 'n_estimators': 50}
010,4,0,59,32.259392499923706,{'criterion': 'entropy', 'max_depth': 7, 'max_features': 'sqrt', 'n_estimators': 50}
015,0,0,55,32.30352330207825,{'criterion': 'entropy', 'max_depth': 3, 'max_features': 'log2', 'n_estimators': 50}
015,1,0,53,32.29070687294006,{'criterion': 'entropy', 'max_depth': 3, 'max_features': 'sqrt', 'n_estimators': 25}
015,2,0,49,32.40320038795471,{'criterion': 'gini', 'max_depth': 7, 'max_features': 'sqrt', 'n_estimators': 50}
015,3,0,53,32.33979797363281,{'criterion': 'gini', 'max_depth': 5, 'max_features': 'sqrt', 'n_estimators': 50}
015,4,0,59,32.41077446937561,{'criterion': 'entropy', 'max_depth': 3, 'max_features': 'log2', 'n_estimators': 50}
020,0,0,61,32.58824276924133,{'criterion': 'gini', 'max_depth': 3, 'max_features': 'log2', 'n_estimators': 25}
020,1,0,56,32.54176211357117,{'criterion': 'entropy', 'max_depth': 3, 'max_features': 'log2', 'n_estimators': 50}
020,2,0,52,32.678438663482666,{'criterion': 'gini', 'max_depth': 5, 'max_features': 'log2', 'n_estimators': 125}
020,3,0,59,32.50740647315979,{'criterion': 'gini', 'max_depth': 5, 'max_features': 'log2', 'n_estimators': 50}
020,4,0,58,32.56206035614014,{'criterion': 'entropy', 'max_depth': 3, 'max_features': 'log2', 'n_estimators': 50}
030,0,0,63,32.820072174072266,{'criterion': 'gini', 'max_depth': 3, 'max_features': 'sqrt', 'n_estimators': 25}
030,1,0,58,32.84894585609436,{'criterion': 'gini', 'max_depth': 3, 'max_features': 'log2', 'n_estimators': 25}
030,2,0,58,32.85937285423279,{'criterion': 'entropy', 'max_depth': 7, 'max_features': 'log2', 'n_estimators': 75}
030,3,0,64,32.78569054603577,{'criterion': 'gini', 'max_depth': 3, 'max_features': 'sqrt', 'n_estimators': 100}
030,4,0,59,32.78963232040405,{'criterion': 'gini', 'max_depth': 3, 'max_features': 'log2', 'n_estimators': 75}
060,0,0,61,33.67745041847229,{'criterion': 'gini', 'max_depth': 3, 'max_features': 'sqrt', 'n_estimators': 50}
060,1,0,64,33.82814145088196,{'criterion': 'entropy', 'max_depth': 3, 'max_features': 'log2', 'n_estimators': 75}
060,2,0,60,33.851476430892944,{'criterion': 'gini', 'max_depth': 5, 'max_features': 'log2', 'n_estimators': 25}
060,3,0,57,33.59585189819336,{'criterion': 'gini', 'max_depth': 3, 'max_features': 'log2', 'n_estimators': 25}
060,4,0,59,33.64801573753357,{'criterion': 'entropy', 'max_depth': 3, 'max_features': 'log2', 'n_estimators': 50}
100,0,0,59,35.11353611946106,{'criterion': 'gini', 'max_depth': 3, 'max_features': 'sqrt', 'n_estimators': 150}
100,1,0,60,34.988216400146484,{'criterion': 'entropy', 'max_depth': 5, 'max_features': 'sqrt', 'n_estimators': 25}
100,2,0,61,34.94729280471802,{'criterion': 'entropy', 'max_depth': 7, 'max_features': 'sqrt', 'n_estimators': 75}
100,3,0,65,35.06531858444214,{'criterion': 'gini', 'max_depth': 3, 'max_features': 'sqrt', 'n_estimators': 25}
100,4,0,61,34.9330997467041,{'criterion': 'entropy', 'max_depth': 5, 'max_features': 'sqrt', 'n_estimators': 50}
