005,0,0,60,42.67963933944702,{'criterion': 'entropy', 'max_depth': 3, 'max_features': 'sqrt', 'n_estimators': 50}
005,1,0,61,42.62373328208923,{'criterion': 'gini', 'max_depth': 7, 'max_features': 'sqrt', 'n_estimators': 75}
005,2,0,56,42.90502333641052,{'criterion': 'gini', 'max_depth': 7, 'max_features': 'sqrt', 'n_estimators': 25}
005,3,0,61,42.47593069076538,{'criterion': 'entropy', 'max_depth': 3, 'max_features': 'log2', 'n_estimators': 100}
005,4,0,58,43.29195547103882,{'criterion': 'entropy', 'max_depth': 3, 'max_features': 'sqrt', 'n_estimators': 25}
010,0,0,69,44.34675359725952,{'criterion': 'entropy', 'max_depth': 5, 'max_features': 'sqrt', 'n_estimators': 150}
010,1,0,68,44.332451581954956,{'criterion': 'gini', 'max_depth': 3, 'max_features': 'sqrt', 'n_estimators': 150}
010,2,0,70,43.05480241775513,{'criterion': 'entropy', 'max_depth': 3, 'max_features': 'sqrt', 'n_estimators': 50}
010,3,0,71,43.914504051208496,{'criterion': 'gini', 'max_depth': 3, 'max_features': 'log2', 'n_estimators': 100}
010,4,0,63,43.48041272163391,{'criterion': 'entropy', 'max_depth': 5, 'max_features': 'log2', 'n_estimators': 25}
015,0,0,72,45.081947803497314,{'criterion': 'entropy', 'max_depth': 3, 'max_features': 'sqrt', 'n_estimators': 75}
015,1,0,69,45.487531900405884,{'criterion': 'entropy', 'max_depth': 5, 'max_features': 'sqrt', 'n_estimators': 150}
015,2,0,70,44.57702946662903,{'criterion': 'gini', 'max_depth': 7, 'max_features': 'log2', 'n_estimators': 75}
015,3,0,64,44.98313236236572,{'criterion': 'gini', 'max_depth': 5, 'max_features': 'sqrt', 'n_estimators': 100}
015,4,0,70,44.726208448410034,{'criterion': 'gini', 'max_depth': 7, 'max_features': 'sqrt', 'n_estimators': 75}
020,0,0,72,46.33586144447327,{'criterion': 'gini', 'max_depth': 7, 'max_features': 'sqrt', 'n_estimators': 50}
020,1,0,72,46.198676109313965,{'criterion': 'entropy', 'max_depth': 5, 'max_features': 'log2', 'n_estimators': 125}
020,2,0,62,46.975746154785156,{'criterion': 'gini', 'max_depth': 5, 'max_features': 'sqrt', 'n_estimators': 25}
020,3,0,70,46.582655906677246,{'criterion': 'gini', 'max_depth': 3, 'max_features': 'log2', 'n_estimators': 100}
020,4,0,66,46.72162365913391,{'criterion': 'entropy', 'max_depth': 5, 'max_features': 'sqrt', 'n_estimators': 75}
030,0,0,72,49.5454785823822,{'criterion': 'entropy', 'max_depth': 3, 'max_features': 'sqrt', 'n_estimators': 100}
030,1,0,72,49.918458700180054,{'criterion': 'gini', 'max_depth': 7, 'max_features': 'log2', 'n_estimators': 100}
030,2,0,70,50.204505443573,{'criterion': 'entropy', 'max_depth': 3, 'max_features': 'sqrt', 'n_estimators': 100}
030,3,0,74,49.272178411483765,{'criterion': 'gini', 'max_depth': 3, 'max_features': 'sqrt', 'n_estimators': 100}
030,4,0,70,49.508214473724365,{'criterion': 'gini', 'max_depth': 3, 'max_features': 'sqrt', 'n_estimators': 25}
060,0,0,74,58.64010524749756,{'criterion': 'gini', 'max_depth': 3, 'max_features': 'sqrt', 'n_estimators': 75}
060,1,0,72,58.898520946502686,{'criterion': 'entropy', 'max_depth': 5, 'max_features': 'log2', 'n_estimators': 125}
060,2,0,70,59.230891942977905,{'criterion': 'gini', 'max_depth': 3, 'max_features': 'log2', 'n_estimators': 25}
060,3,0,71,58.86628580093384,{'criterion': 'gini', 'max_depth': 7, 'max_features': 'sqrt', 'n_estimators': 75}
060,4,0,76,59.14498591423035,{'criterion': 'entropy', 'max_depth': 3, 'max_features': 'sqrt', 'n_estimators': 125}
100,0,0,72,71.55727195739746,{'criterion': 'entropy', 'max_depth': 5, 'max_features': 'log2', 'n_estimators': 100}
100,1,0,72,71.41324424743652,{'criterion': 'gini', 'max_depth': 3, 'max_features': 'sqrt', 'n_estimators': 150}
100,2,0,70,71.3355827331543,{'criterion': 'entropy', 'max_depth': 3, 'max_features': 'log2', 'n_estimators': 125}
100,3,0,73,71.50197172164917,{'criterion': 'gini', 'max_depth': 3, 'max_features': 'sqrt', 'n_estimators': 150}
100,4,0,75,71.82248282432556,{'criterion': 'gini', 'max_depth': 7, 'max_features': 'sqrt', 'n_estimators': 125}
005,0,0,61,42.52837681770325,{'criterion': 'gini', 'max_depth': 3, 'max_features': 'sqrt', 'n_estimators': 75}
005,1,0,63,42.582308292388916,{'criterion': 'entropy', 'max_depth': 3, 'max_features': 'sqrt', 'n_estimators': 150}
005,2,0,59,42.64630317687988,{'criterion': 'gini', 'max_depth': 5, 'max_features': 'sqrt', 'n_estimators': 100}
005,3,0,61,42.336156129837036,{'criterion': 'entropy', 'max_depth': 5, 'max_features': 'sqrt', 'n_estimators': 100}
005,4,0,53,42.99737310409546,{'criterion': 'gini', 'max_depth': 7, 'max_features': 'sqrt', 'n_estimators': 50}
010,0,0,62,44.05182075500488,{'criterion': 'entropy', 'max_depth': 7, 'max_features': 'log2', 'n_estimators': 100}
010,1,0,70,44.16553997993469,{'criterion': 'gini', 'max_depth': 5, 'max_features': 'log2', 'n_estimators': 150}
010,2,0,72,43.13994908332825,{'criterion': 'entropy', 'max_depth': 3, 'max_features': 'sqrt', 'n_estimators': 75}
010,3,0,72,44.22085690498352,{'criterion': 'entropy', 'max_depth': 7, 'max_features': 'sqrt', 'n_estimators': 150}
010,4,0,59,43.57431173324585,{'criterion': 'entropy', 'max_depth': 5, 'max_features': 'log2', 'n_estimators': 25}
015,0,0,68,45.10535955429077,{'criterion': 'gini', 'max_depth': 7, 'max_features': 'sqrt', 'n_estimators': 100}
015,1,0,72,45.18143916130066,{'criterion': 'gini', 'max_depth': 3, 'max_features': 'sqrt', 'n_estimators': 50}
015,2,0,72,44.713592767715454,{'criterion': 'entropy', 'max_depth': 7, 'max_features': 'log2', 'n_estimators': 100}
015,3,0,66,45.338135957717896,{'criterion': 'gini', 'max_depth': 3, 'max_features': 'log2', 'n_estimators': 125}
015,4,0,69,45.12207341194153,{'criterion': 'entropy', 'max_depth': 3, 'max_features': 'sqrt', 'n_estimators': 50}
020,0,0,69,46.612483739852905,{'criterion': 'gini', 'max_depth': 7, 'max_features': 'sqrt', 'n_estimators': 25}
020,1,0,74,46.24990701675415,{'criterion': 'entropy', 'max_depth': 3, 'max_features': 'sqrt', 'n_estimators': 75}
020,2,0,69,47.684574365615845,{'criterion': 'gini', 'max_depth': 7, 'max_features': 'sqrt', 'n_estimators': 150}
020,3,0,70,46.91363024711609,{'criterion': 'entropy', 'max_depth': 3, 'max_features': 'log2', 'n_estimators': 50}
020,4,0,68,47.11181831359863,{'criterion': 'gini', 'max_depth': 5, 'max_features': 'sqrt', 'n_estimators': 100}
030,0,0,72,49.58341073989868,{'criterion': 'entropy', 'max_depth': 3, 'max_features': 'sqrt', 'n_estimators': 50}
030,1,0,72,50.268494606018066,{'criterion': 'gini', 'max_depth': 5, 'max_features': 'sqrt', 'n_estimators': 50}
030,2,0,68,50.40533947944641,{'criterion': 'gini', 'max_depth': 5, 'max_features': 'log2', 'n_estimators': 75}
030,3,0,72,49.4405460357666,{'criterion': 'gini', 'max_depth': 3, 'max_features': 'sqrt', 'n_estimators': 125}
030,4,0,69,49.7842915058136,{'criterion': 'gini', 'max_depth': 5, 'max_features': 'log2', 'n_estimators': 50}
060,0,0,73,58.57036471366882,{'criterion': 'entropy', 'max_depth': 3, 'max_features': 'sqrt', 'n_estimators': 25}
060,1,0,73,58.69527220726013,{'criterion': 'gini', 'max_depth': 3, 'max_features': 'sqrt', 'n_estimators': 125}
060,2,0,72,59.586453437805176,{'criterion': 'gini', 'max_depth': 3, 'max_features': 'sqrt', 'n_estimators': 50}
060,3,0,71,59.06504511833191,{'criterion': 'gini', 'max_depth': 3, 'max_features': 'log2', 'n_estimators': 100}
060,4,0,76,59.33340334892273,{'criterion': 'entropy', 'max_depth': 3, 'max_features': 'sqrt', 'n_estimators': 125}
100,0,0,71,71.9705581665039,{'criterion': 'entropy', 'max_depth': 5, 'max_features': 'log2', 'n_estimators': 25}
100,1,0,75,71.96302199363708,{'criterion': 'entropy', 'max_depth': 7, 'max_features': 'sqrt', 'n_estimators': 100}
100,2,0,73,71.93003416061401,{'criterion': 'entropy', 'max_depth': 7, 'max_features': 'sqrt', 'n_estimators': 75}
100,3,0,75,72.23053431510925,{'criterion': 'entropy', 'max_depth': 7, 'max_features': 'sqrt', 'n_estimators': 150}
100,4,0,73,71.93482708930969,{'criterion': 'entropy', 'max_depth': 5, 'max_features': 'sqrt', 'n_estimators': 50}
005,0,0,58,41.9099018573761,{'criterion': 'entropy', 'max_depth': 3, 'max_features': 'log2', 'n_estimators': 100}
005,1,0,62,42.06304693222046,{'criterion': 'entropy', 'max_depth': 3, 'max_features': 'log2', 'n_estimators': 75}
005,2,0,55,42.33313703536987,{'criterion': 'gini', 'max_depth': 5, 'max_features': 'log2', 'n_estimators': 100}
005,3,0,61,41.63573241233826,{'criterion': 'entropy', 'max_depth': 5, 'max_features': 'sqrt', 'n_estimators': 25}
005,4,0,56,42.74244737625122,{'criterion': 'gini', 'max_depth': 7, 'max_features': 'log2', 'n_estimators': 75}
010,0,0,65,43.59267830848694,{'criterion': 'gini', 'max_depth': 5, 'max_features': 'log2', 'n_estimators': 50}
010,1,0,68,43.78366780281067,{'criterion': 'entropy', 'max_depth': 3, 'max_features': 'log2', 'n_estimators': 50}
010,2,0,71,42.88269400596619,{'criterion': 'entropy', 'max_depth': 3, 'max_features': 'sqrt', 'n_estimators': 100}
010,3,0,68,43.62326526641846,{'criterion': 'gini', 'max_depth': 7, 'max_features': 'log2', 'n_estimators': 25}
010,4,0,64,43.32910895347595,{'criterion': 'entropy', 'max_depth': 5, 'max_features': 'log2', 'n_estimators': 75}
015,0,0,70,44.60386371612549,{'criterion': 'gini', 'max_depth': 3, 'max_features': 'log2', 'n_estimators': 100}
015,1,0,71,44.961506843566895,{'criterion': 'gini', 'max_depth': 7, 'max_features': 'sqrt', 'n_estimators': 125}
015,2,0,70,44.301806688308716,{'criterion': 'entropy', 'max_depth': 5, 'max_features': 'sqrt', 'n_estimators': 50}
015,3,0,68,44.60536003112793,{'criterion': 'gini', 'max_depth': 5, 'max_features': 'log2', 'n_estimators': 75}
015,4,0,69,44.62356352806091,{'criterion': 'entropy', 'max_depth': 5, 'max_features': 'log2', 'n_estimators': 125}
020,0,0,71,46.182387590408325,{'criterion': 'gini', 'max_depth': 3, 'max_features': 'sqrt', 'n_estimators': 50}
020,1,0,74,45.691365480422974,{'criterion': 'entropy', 'max_depth': 3, 'max_features': 'sqrt', 'n_estimators': 50}
020,2,0,67,46.92788791656494,{'criterion': 'entropy', 'max_depth': 7, 'max_features': 'sqrt', 'n_estimators': 125}
020,3,0,69,46.22440004348755,{'criterion': 'entropy', 'max_depth': 3, 'max_features': 'log2', 'n_estimators': 50}
020,4,0,64,46.62919044494629,{'criterion': 'entropy', 'max_depth': 3, 'max_features': 'log2', 'n_estimators': 100}
030,0,0,76,49.27439570426941,{'criterion': 'entropy', 'max_depth': 7, 'max_features': 'sqrt', 'n_estimators': 125}
030,1,0,72,49.54603886604309,{'criterion': 'entropy', 'max_depth': 5, 'max_features': 'sqrt', 'n_estimators': 75}
030,2,0,68,50.007824182510376,{'criterion': 'gini', 'max_depth': 3, 'max_features': 'log2', 'n_estimators': 100}
030,3,0,71,48.70327091217041,{'criterion': 'gini', 'max_depth': 5, 'max_features': 'log2', 'n_estimators': 75}
030,4,0,71,49.736719608306885,{'criterion': 'entropy', 'max_depth': 7, 'max_features': 'sqrt', 'n_estimators': 150}
060,0,0,72,57.91052603721619,{'criterion': 'entropy', 'max_depth': 5, 'max_features': 'sqrt', 'n_estimators': 25}
060,1,0,71,58.62439322471619,{'criterion': 'entropy', 'max_depth': 7, 'max_features': 'log2', 'n_estimators': 75}
060,2,0,73,59.13195538520813,{'criterion': 'entropy', 'max_depth': 7, 'max_features': 'log2', 'n_estimators': 100}
060,3,0,72,58.56272912025452,{'criterion': 'gini', 'max_depth': 7, 'max_features': 'sqrt', 'n_estimators': 75}
060,4,0,71,58.49876809120178,{'criterion': 'gini', 'max_depth': 3, 'max_features': 'log2', 'n_estimators': 25}
100,0,0,72,71.14190578460693,{'criterion': 'gini', 'max_depth': 7, 'max_features': 'log2', 'n_estimators': 50}
100,1,0,70,71.23842096328735,{'criterion': 'gini', 'max_depth': 3, 'max_features': 'log2', 'n_estimators': 75}
100,2,0,71,71.24354124069214,{'criterion': 'entropy', 'max_depth': 7, 'max_features': 'sqrt', 'n_estimators': 25}
100,3,0,72,70.81127882003784,{'criterion': 'gini', 'max_depth': 3, 'max_features': 'sqrt', 'n_estimators': 25}
100,4,0,72,71.21202802658081,{'criterion': 'gini', 'max_depth': 3, 'max_features': 'sqrt', 'n_estimators': 75}
005,0,0,57,42.13961601257324,{'criterion': 'gini', 'max_depth': 3, 'max_features': 'log2', 'n_estimators': 25}
005,1,0,65,41.897523164749146,{'criterion': 'gini', 'max_depth': 5, 'max_features': 'sqrt', 'n_estimators': 50}
005,2,0,56,42.65596652030945,{'criterion': 'entropy', 'max_depth': 5, 'max_features': 'log2', 'n_estimators': 150}
005,3,0,61,42.041314125061035,{'criterion': 'entropy', 'max_depth': 5, 'max_features': 'sqrt', 'n_estimators': 50}
005,4,0,52,43.01062512397766,{'criterion': 'entropy', 'max_depth': 5, 'max_features': 'log2', 'n_estimators': 125}
010,0,0,60,43.869131565093994,{'criterion': 'entropy', 'max_depth': 5, 'max_features': 'log2', 'n_estimators': 25}
010,1,0,69,44.086700677871704,{'criterion': 'gini', 'max_depth': 3, 'max_features': 'sqrt', 'n_estimators': 125}
010,2,0,73,43.00920820236206,{'criterion': 'entropy', 'max_depth': 7, 'max_features': 'sqrt', 'n_estimators': 75}
010,3,0,70,43.92820119857788,{'criterion': 'gini', 'max_depth': 3, 'max_features': 'log2', 'n_estimators': 100}
010,4,0,63,43.5917432308197,{'criterion': 'entropy', 'max_depth': 7, 'max_features': 'log2', 'n_estimators': 150}
015,0,0,65,44.86060190200806,{'criterion': 'entropy', 'max_depth': 5, 'max_features': 'sqrt', 'n_estimators': 25}
015,1,0,67,45.0184166431427,{'criterion': 'entropy', 'max_depth': 3, 'max_features': 'sqrt', 'n_estimators': 25}
015,2,0,69,44.413718700408936,{'criterion': 'gini', 'max_depth': 7, 'max_features': 'sqrt', 'n_estimators': 25}
015,3,0,65,45.03508520126343,{'criterion': 'gini', 'max_depth': 5, 'max_features': 'sqrt', 'n_estimators': 150}
015,4,0,68,44.92411231994629,{'criterion': 'gini', 'max_depth': 3, 'max_features': 'sqrt', 'n_estimators': 150}
020,0,0,74,46.18400192260742,{'criterion': 'entropy', 'max_depth': 7, 'max_features': 'sqrt', 'n_estimators': 100}
020,1,0,73,45.88629388809204,{'criterion': 'entropy', 'max_depth': 5, 'max_features': 'sqrt', 'n_estimators': 75}
020,2,0,70,47.35107469558716,{'criterion': 'entropy', 'max_depth': 7, 'max_features': 'sqrt', 'n_estimators': 150}
020,3,0,72,46.70461344718933,{'criterion': 'gini', 'max_depth': 7, 'max_features': 'sqrt', 'n_estimators': 150}
020,4,0,63,46.580931186676025,{'criterion': 'gini', 'max_depth': 7, 'max_features': 'log2', 'n_estimators': 75}
030,0,0,74,49.336217164993286,{'criterion': 'entropy', 'max_depth': 5, 'max_features': 'sqrt', 'n_estimators': 75}
030,1,0,69,49.7234423160553,{'criterion': 'gini', 'max_depth': 5, 'max_features': 'sqrt', 'n_estimators': 25}
030,2,0,67,49.92025446891785,{'criterion': 'gini', 'max_depth': 7, 'max_features': 'log2', 'n_estimators': 25}
030,3,0,73,48.97986388206482,{'criterion': 'gini', 'max_depth': 3, 'max_features': 'log2', 'n_estimators': 100}
030,4,0,70,49.39420008659363,{'criterion': 'gini', 'max_depth': 3, 'max_features': 'sqrt', 'n_estimators': 75}
060,0,0,74,58.03132915496826,{'criterion': 'entropy', 'max_depth': 3, 'max_features': 'sqrt', 'n_estimators': 25}
060,1,0,70,58.41657304763794,{'criterion': 'gini', 'max_depth': 5, 'max_features': 'log2', 'n_estimators': 75}
060,2,0,71,58.82608246803284,{'criterion': 'entropy', 'max_depth': 7, 'max_features': 'sqrt', 'n_estimators': 50}
060,3,0,70,58.54155158996582,{'criterion': 'gini', 'max_depth': 5, 'max_features': 'log2', 'n_estimators': 125}
060,4,0,74,58.4432909488678,{'criterion': 'gini', 'max_depth': 5, 'max_features': 'log2', 'n_estimators': 75}
100,0,0,74,71.15861225128174,{'criterion': 'entropy', 'max_depth': 7, 'max_features': 'sqrt', 'n_estimators': 25}
100,1,0,73,70.58148288726807,{'criterion': 'gini', 'max_depth': 5, 'max_features': 'sqrt', 'n_estimators': 25}
100,2,0,72,71.09780621528625,{'criterion': 'gini', 'max_depth': 3, 'max_features': 'sqrt', 'n_estimators': 75}
100,3,0,74,71.0296003818512,{'criterion': 'entropy', 'max_depth': 7, 'max_features': 'sqrt', 'n_estimators': 125}
100,4,0,73,70.42560005187988,{'criterion': 'entropy', 'max_depth': 3, 'max_features': 'sqrt', 'n_estimators': 50}
005,0,0,57,42.525492906570435,{'criterion': 'entropy', 'max_depth': 5, 'max_features': 'log2', 'n_estimators': 100}
005,1,0,63,42.65203094482422,{'criterion': 'entropy', 'max_depth': 3, 'max_features': 'log2', 'n_estimators': 100}
005,2,0,61,42.78018593788147,{'criterion': 'entropy', 'max_depth': 5, 'max_features': 'sqrt', 'n_estimators': 50}
005,3,0,62,42.471973180770874,{'criterion': 'entropy', 'max_depth': 7, 'max_features': 'sqrt', 'n_estimators': 75}
005,4,0,52,43.134438276290894,{'criterion': 'entropy', 'max_depth': 7, 'max_features': 'log2', 'n_estimators': 75}
010,0,0,65,44.35598969459534,{'criterion': 'entropy', 'max_depth': 7, 'max_features': 'log2', 'n_estimators': 150}
010,1,0,66,44.35034728050232,{'criterion': 'entropy', 'max_depth': 7, 'max_features': 'log2', 'n_estimators': 100}
010,2,0,69,43.087276220321655,{'criterion': 'gini', 'max_depth': 3, 'max_features': 'sqrt', 'n_estimators': 25}
010,3,0,68,43.98952579498291,{'criterion': 'entropy', 'max_depth': 3, 'max_features': 'sqrt', 'n_estimators': 25}
010,4,0,68,43.873955488204956,{'criterion': 'entropy', 'max_depth': 7, 'max_features': 'sqrt', 'n_estimators': 50}
015,0,0,72,45.15592288970947,{'criterion': 'entropy', 'max_depth': 3, 'max_features': 'sqrt', 'n_estimators': 50}
015,1,0,69,45.48802638053894,{'criterion': 'gini', 'max_depth': 3, 'max_features': 'sqrt', 'n_estimators': 125}
015,2,0,70,44.941680669784546,{'criterion': 'gini', 'max_depth': 3, 'max_features': 'log2', 'n_estimators': 75}
015,3,0,66,45.187050580978394,{'criterion': 'entropy', 'max_depth': 7, 'max_features': 'log2', 'n_estimators': 150}
015,4,0,68,45.121830224990845,{'criterion': 'entropy', 'max_depth': 3, 'max_features': 'sqrt', 'n_estimators': 100}
020,0,0,75,46.701109170913696,{'criterion': 'entropy', 'max_depth': 3, 'max_features': 'sqrt', 'n_estimators': 50}
020,1,0,74,46.218311071395874,{'criterion': 'entropy', 'max_depth': 7, 'max_features': 'sqrt', 'n_estimators': 75}
020,2,0,69,47.445576190948486,{'criterion': 'entropy', 'max_depth': 3, 'max_features': 'sqrt', 'n_estimators': 25}
020,3,0,68,46.72957372665405,{'criterion': 'gini', 'max_depth': 3, 'max_features': 'sqrt', 'n_estimators': 25}
020,4,0,65,47.106839179992676,{'criterion': 'gini', 'max_depth': 5, 'max_features': 'sqrt', 'n_estimators': 150}
030,0,0,72,49.47094106674194,{'criterion': 'entropy', 'max_depth': 3, 'max_features': 'sqrt', 'n_estimators': 25}
030,1,0,72,50.194284439086914,{'criterion': 'entropy', 'max_depth': 3, 'max_features': 'sqrt', 'n_estimators': 50}
030,2,0,69,50.53048515319824,{'criterion': 'gini', 'max_depth': 3, 'max_features': 'log2', 'n_estimators': 100}
030,3,0,73,49.879156827926636,{'criterion': 'gini', 'max_depth': 5, 'max_features': 'sqrt', 'n_estimators': 125}
030,4,0,71,50.11207318305969,{'criterion': 'gini', 'max_depth': 7, 'max_features': 'sqrt', 'n_estimators': 100}
060,0,0,72,58.84636974334717,{'criterion': 'gini', 'max_depth': 7, 'max_features': 'log2', 'n_estimators': 50}
060,1,0,70,59.18817090988159,{'criterion': 'gini', 'max_depth': 7, 'max_features': 'log2', 'n_estimators': 100}
060,2,0,72,59.31760239601135,{'criterion': 'gini', 'max_depth': 5, 'max_features': 'sqrt', 'n_estimators': 25}
060,3,0,73,59.010825634002686,{'criterion': 'gini', 'max_depth': 5, 'max_features': 'sqrt', 'n_estimators': 100}
060,4,0,76,59.3949921131134,{'criterion': 'entropy', 'max_depth': 7, 'max_features': 'sqrt', 'n_estimators': 150}
100,0,0,72,71.57896041870117,{'criterion': 'gini', 'max_depth': 3, 'max_features': 'log2', 'n_estimators': 50}
100,1,0,70,71.39149069786072,{'criterion': 'gini', 'max_depth': 3, 'max_features': 'log2', 'n_estimators': 25}
100,2,0,72,71.73795199394226,{'criterion': 'gini', 'max_depth': 5, 'max_features': 'sqrt', 'n_estimators': 125}
100,3,0,75,71.26081681251526,{'criterion': 'entropy', 'max_depth': 5, 'max_features': 'sqrt', 'n_estimators': 50}
100,4,0,73,71.62126326560974,{'criterion': 'gini', 'max_depth': 7, 'max_features': 'log2', 'n_estimators': 125}
005,0,0,58,42.44093132019043,{'criterion': 'entropy', 'max_depth': 3, 'max_features': 'log2', 'n_estimators': 75}
005,1,0,65,42.633949279785156,{'criterion': 'entropy', 'max_depth': 3, 'max_features': 'sqrt', 'n_estimators': 50}
005,2,0,58,42.85753035545349,{'criterion': 'gini', 'max_depth': 3, 'max_features': 'log2', 'n_estimators': 150}
005,3,0,64,42.39644384384155,{'criterion': 'entropy', 'max_depth': 3, 'max_features': 'sqrt', 'n_estimators': 50}
005,4,0,54,43.290358781814575,{'criterion': 'gini', 'max_depth': 7, 'max_features': 'log2', 'n_estimators': 75}
010,0,0,66,44.18280339241028,{'criterion': 'gini', 'max_depth': 3, 'max_features': 'log2', 'n_estimators': 75}
010,1,0,68,44.35892701148987,{'criterion': 'gini', 'max_depth': 5, 'max_features': 'sqrt', 'n_estimators': 125}
010,2,0,69,43.4085648059845,{'criterion': 'entropy', 'max_depth': 7, 'max_features': 'sqrt', 'n_estimators': 150}
010,3,0,72,44.22063851356506,{'criterion': 'gini', 'max_depth': 3, 'max_features': 'sqrt', 'n_estimators': 125}
010,4,0,67,43.807063817977905,{'criterion': 'entropy', 'max_depth': 5, 'max_features': 'log2', 'n_estimators': 75}
015,0,0,71,45.18303394317627,{'criterion': 'entropy', 'max_depth': 3, 'max_features': 'sqrt', 'n_estimators': 75}
015,1,0,70,45.41853451728821,{'criterion': 'entropy', 'max_depth': 5, 'max_features': 'sqrt', 'n_estimators': 100}
015,2,0,71,44.86414361000061,{'criterion': 'entropy', 'max_depth': 3, 'max_features': 'log2', 'n_estimators': 150}
015,3,0,65,45.000521183013916,{'criterion': 'gini', 'max_depth': 3, 'max_features': 'log2', 'n_estimators': 25}
015,4,0,68,45.12580728530884,{'criterion': 'gini', 'max_depth': 3, 'max_features': 'sqrt', 'n_estimators': 100}
020,0,0,74,46.677858114242554,{'criterion': 'gini', 'max_depth': 3, 'max_features': 'sqrt', 'n_estimators': 150}
020,1,0,75,46.410775899887085,{'criterion': 'entropy', 'max_depth': 3, 'max_features': 'sqrt', 'n_estimators': 150}
020,2,0,66,47.36988925933838,{'criterion': 'entropy', 'max_depth': 3, 'max_features': 'sqrt', 'n_estimators': 25}
020,3,0,71,46.88688349723816,{'criterion': 'entropy', 'max_depth': 5, 'max_features': 'sqrt', 'n_estimators': 100}
020,4,0,62,46.84840726852417,{'criterion': 'entropy', 'max_depth': 3, 'max_features': 'log2', 'n_estimators': 25}
030,0,0,74,49.54409313201904,{'criterion': 'entropy', 'max_depth': 5, 'max_features': 'sqrt', 'n_estimators': 50}
030,1,0,70,50.20962333679199,{'criterion': 'entropy', 'max_depth': 7, 'max_features': 'sqrt', 'n_estimators': 100}
030,2,0,67,50.55739974975586,{'criterion': 'entropy', 'max_depth': 7, 'max_features': 'sqrt', 'n_estimators': 150}
030,3,0,73,49.19258379936218,{'criterion': 'entropy', 'max_depth': 3, 'max_features': 'sqrt', 'n_estimators': 25}
030,4,0,68,49.7486367225647,{'criterion': 'gini', 'max_depth': 5, 'max_features': 'log2', 'n_estimators': 100}
060,0,0,75,58.57649612426758,{'criterion': 'entropy', 'max_depth': 7, 'max_features': 'sqrt', 'n_estimators': 25}
060,1,0,69,58.67655324935913,{'criterion': 'entropy', 'max_depth': 3, 'max_features': 'log2', 'n_estimators': 25}
060,2,0,73,59.11644005775452,{'criterion': 'gini', 'max_depth': 3, 'max_features': 'sqrt', 'n_estimators': 50}
060,3,0,72,58.755329847335815,{'criterion': 'entropy', 'max_depth': 3, 'max_features': 'sqrt', 'n_estimators': 50}
060,4,0,76,58.81401968002319,{'criterion': 'gini', 'max_depth': 3, 'max_features': 'sqrt', 'n_estimators': 100}
100,0,0,74,71.64603638648987,{'criterion': 'gini', 'max_depth': 7, 'max_features': 'sqrt', 'n_estimators': 125}
100,1,0,72,71.09734177589417,{'criterion': 'entropy', 'max_depth': 5, 'max_features': 'sqrt', 'n_estimators': 50}
100,2,0,70,70.99721455574036,{'criterion': 'entropy', 'max_depth': 3, 'max_features': 'log2', 'n_estimators': 75}
100,3,0,75,71.28677463531494,{'criterion': 'entropy', 'max_depth': 5, 'max_features': 'sqrt', 'n_estimators': 125}
100,4,0,75,71.37694907188416,{'criterion': 'entropy', 'max_depth': 3, 'max_features': 'sqrt', 'n_estimators': 50}
005,0,0,60,42.50162649154663,{'criterion': 'entropy', 'max_depth': 7, 'max_features': 'sqrt', 'n_estimators': 75}
005,1,0,60,42.4534215927124,{'criterion': 'gini', 'max_depth': 7, 'max_features': 'sqrt', 'n_estimators': 25}
005,2,0,60,42.74078941345215,{'criterion': 'entropy', 'max_depth': 7, 'max_features': 'sqrt', 'n_estimators': 100}
005,3,0,60,42.36973214149475,{'criterion': 'gini', 'max_depth': 5, 'max_features': 'log2', 'n_estimators': 75}
005,4,0,55,43.13687753677368,{'criterion': 'entropy', 'max_depth': 5, 'max_features': 'sqrt', 'n_estimators': 50}
010,0,0,64,44.062055587768555,{'criterion': 'gini', 'max_depth': 5, 'max_features': 'log2', 'n_estimators': 50}
010,1,0,66,44.37426471710205,{'criterion': 'entropy', 'max_depth': 3, 'max_features': 'log2', 'n_estimators': 100}
010,2,0,69,43.1206636428833,{'criterion': 'gini', 'max_depth': 5, 'max_features': 'sqrt', 'n_estimators': 75}
010,3,0,68,44.07014989852905,{'criterion': 'gini', 'max_depth': 7, 'max_features': 'sqrt', 'n_estimators': 25}
010,4,0,61,43.826611280441284,{'criterion': 'gini', 'max_depth': 3, 'max_features': 'log2', 'n_estimators': 75}
015,0,0,67,45.081045389175415,{'criterion': 'entropy', 'max_depth': 7, 'max_features': 'sqrt', 'n_estimators': 25}
015,1,0,72,45.40829253196716,{'criterion': 'gini', 'max_depth': 3, 'max_features': 'sqrt', 'n_estimators': 150}
015,2,0,70,44.77846050262451,{'criterion': 'gini', 'max_depth': 3, 'max_features': 'log2', 'n_estimators': 125}
015,3,0,66,45.14219903945923,{'criterion': 'gini', 'max_depth': 5, 'max_features': 'sqrt', 'n_estimators': 75}
015,4,0,68,45.049771785736084,{'criterion': 'gini', 'max_depth': 5, 'max_features': 'sqrt', 'n_estimators': 50}
020,0,0,72,46.629491090774536,{'criterion': 'entropy', 'max_depth': 7, 'max_features': 'sqrt', 'n_estimators': 50}
020,1,0,72,46.23962092399597,{'criterion': 'entropy', 'max_depth': 3, 'max_features': 'log2', 'n_estimators': 125}
020,2,0,67,47.418912410736084,{'criterion': 'gini', 'max_depth': 3, 'max_features': 'sqrt', 'n_estimators': 75}
020,3,0,73,47.00364446640015,{'criterion': 'entropy', 'max_depth': 3, 'max_features': 'sqrt', 'n_estimators': 150}
020,4,0,67,47.02691602706909,{'criterion': 'entropy', 'max_depth': 7, 'max_features': 'sqrt', 'n_estimators': 75}
030,0,0,74,49.3312783241272,{'criterion': 'gini', 'max_depth': 3, 'max_features': 'sqrt', 'n_estimators': 50}
030,1,0,70,50.17708921432495,{'criterion': 'gini', 'max_depth': 7, 'max_features': 'sqrt', 'n_estimators': 150}
030,2,0,69,50.34074544906616,{'criterion': 'entropy', 'max_depth': 3, 'max_features': 'sqrt', 'n_estimators': 50}
030,3,0,73,49.01538038253784,{'criterion': 'gini', 'max_depth': 3, 'max_features': 'sqrt', 'n_estimators': 150}
030,4,0,74,49.976895570755005,{'criterion': 'entropy', 'max_depth': 3, 'max_features': 'sqrt', 'n_estimators': 150}
060,0,0,74,58.78378772735596,{'criterion': 'gini', 'max_depth': 7, 'max_features': 'sqrt', 'n_estimators': 150}
060,1,0,71,58.80008316040039,{'criterion': 'gini', 'max_depth': 3, 'max_features': 'log2', 'n_estimators': 100}
060,2,0,71,59.19933199882507,{'criterion': 'gini', 'max_depth': 7, 'max_features': 'log2', 'n_estimators': 75}
060,3,0,74,58.72727704048157,{'criterion': 'gini', 'max_depth': 3, 'max_features': 'sqrt', 'n_estimators': 50}
060,4,0,76,58.629297733306885,{'criterion': 'entropy', 'max_depth': 5, 'max_features': 'log2', 'n_estimators': 125}
100,0,0,73,71.21137309074402,{'criterion': 'gini', 'max_depth': 5, 'max_features': 'log2', 'n_estimators': 100}
100,1,0,74,71.01723194122314,{'criterion': 'entropy', 'max_depth': 7, 'max_features': 'sqrt', 'n_estimators': 50}
100,2,0,72,70.98105931282043,{'criterion': 'gini', 'max_depth': 3, 'max_features': 'sqrt', 'n_estimators': 75}
100,3,0,73,70.93780517578125,{'criterion': 'entropy', 'max_depth': 3, 'max_features': 'sqrt', 'n_estimators': 125}
100,4,0,74,71.24822759628296,{'criterion': 'entropy', 'max_depth': 3, 'max_features': 'sqrt', 'n_estimators': 75}
005,0,0,56,42.47397041320801,{'criterion': 'entropy', 'max_depth': 7, 'max_features': 'log2', 'n_estimators': 100}
005,1,0,64,42.05738186836243,{'criterion': 'gini', 'max_depth': 3, 'max_features': 'log2', 'n_estimators': 25}
005,2,0,58,42.723769664764404,{'criterion': 'gini', 'max_depth': 5, 'max_features': 'sqrt', 'n_estimators': 125}
005,3,0,59,42.35025405883789,{'criterion': 'entropy', 'max_depth': 5, 'max_features': 'sqrt', 'n_estimators': 75}
005,4,0,54,43.19975781440735,{'criterion': 'entropy', 'max_depth': 7, 'max_features': 'log2', 'n_estimators': 100}
010,0,0,66,44.233516693115234,{'criterion': 'entropy', 'max_depth': 7, 'max_features': 'log2', 'n_estimators': 150}
010,1,0,61,44.14560532569885,{'criterion': 'gini', 'max_depth': 7, 'max_features': 'sqrt', 'n_estimators': 25}
010,2,0,67,43.37278485298157,{'criterion': 'gini', 'max_depth': 5, 'max_features': 'sqrt', 'n_estimators': 125}
010,3,0,73,44.15529227256775,{'criterion': 'gini', 'max_depth': 3, 'max_features': 'sqrt', 'n_estimators': 75}
010,4,0,62,43.78184700012207,{'criterion': 'gini', 'max_depth': 7, 'max_features': 'log2', 'n_estimators': 75}
015,0,0,69,45.168373346328735,{'criterion': 'gini', 'max_depth': 5, 'max_features': 'sqrt', 'n_estimators': 50}
015,1,0,70,45.299670696258545,{'criterion': 'gini', 'max_depth': 3, 'max_features': 'sqrt', 'n_estimators': 150}
015,2,0,64,44.530821561813354,{'criterion': 'entropy', 'max_depth': 5, 'max_features': 'log2', 'n_estimators': 25}
015,3,0,64,44.8929967880249,{'criterion': 'gini', 'max_depth': 7, 'max_features': 'sqrt', 'n_estimators': 25}
015,4,0,70,45.03835654258728,{'criterion': 'entropy', 'max_depth': 3, 'max_features': 'sqrt', 'n_estimators': 75}
020,0,0,72,46.44140982627869,{'criterion': 'entropy', 'max_depth': 7, 'max_features': 'sqrt', 'n_estimators': 50}
020,1,0,74,46.104825496673584,{'criterion': 'entropy', 'max_depth': 5, 'max_features': 'sqrt', 'n_estimators': 100}
020,2,0,69,47.18271517753601,{'criterion': 'entropy', 'max_depth': 5, 'max_features': 'log2', 'n_estimators': 100}
020,3,0,71,46.82077503204346,{'criterion': 'gini', 'max_depth': 5, 'max_features': 'sqrt', 'n_estimators': 100}
020,4,0,65,46.90090489387512,{'criterion': 'gini', 'max_depth': 7, 'max_features': 'log2', 'n_estimators': 100}
030,0,0,73,49.39945888519287,{'criterion': 'gini', 'max_depth': 7, 'max_features': 'sqrt', 'n_estimators': 100}
030,1,0,70,50.10159754753113,{'criterion': 'entropy', 'max_depth': 5, 'max_features': 'sqrt', 'n_estimators': 75}
030,2,0,68,50.30178618431091,{'criterion': 'gini', 'max_depth': 5, 'max_features': 'log2', 'n_estimators': 50}
030,3,0,71,49.12946677207947,{'criterion': 'gini', 'max_depth': 7, 'max_features': 'sqrt', 'n_estimators': 50}
030,4,0,68,49.58007836341858,{'criterion': 'gini', 'max_depth': 7, 'max_features': 'log2', 'n_estimators': 100}
060,0,0,69,58.42962908744812,{'criterion': 'entropy', 'max_depth': 5, 'max_features': 'sqrt', 'n_estimators': 25}
060,1,0,70,58.054438829422,{'criterion': 'entropy', 'max_depth': 3, 'max_features': 'log2', 'n_estimators': 50}
060,2,0,73,59.16132593154907,{'criterion': 'entropy', 'max_depth': 7, 'max_features': 'sqrt', 'n_estimators': 75}
060,3,0,72,58.77626943588257,{'criterion': 'gini', 'max_depth': 7, 'max_features': 'log2', 'n_estimators': 150}
060,4,0,74,58.39781451225281,{'criterion': 'entropy', 'max_depth': 7, 'max_features': 'log2', 'n_estimators': 75}
100,0,0,72,71.23778820037842,{'criterion': 'entropy', 'max_depth': 3, 'max_features': 'sqrt', 'n_estimators': 75}
100,1,0,72,70.89436912536621,{'criterion': 'entropy', 'max_depth': 3, 'max_features': 'log2', 'n_estimators': 150}
100,2,0,70,70.80056738853455,{'criterion': 'gini', 'max_depth': 3, 'max_features': 'sqrt', 'n_estimators': 25}
100,3,0,73,70.82055020332336,{'criterion': 'gini', 'max_depth': 3, 'max_features': 'sqrt', 'n_estimators': 100}
100,4,0,72,71.1278727054596,{'criterion': 'gini', 'max_depth': 5, 'max_features': 'log2', 'n_estimators': 50}
005,0,0,57,42.74886441230774,{'criterion': 'entropy', 'max_depth': 7, 'max_features': 'log2', 'n_estimators': 75}
005,1,0,63,42.859957218170166,{'criterion': 'entropy', 'max_depth': 3, 'max_features': 'sqrt', 'n_estimators': 100}
005,2,0,58,43.1844756603241,{'criterion': 'entropy', 'max_depth': 7, 'max_features': 'sqrt', 'n_estimators': 125}
005,3,0,62,42.561649560928345,{'criterion': 'gini', 'max_depth': 7, 'max_features': 'log2', 'n_estimators': 100}
005,4,0,53,43.43365454673767,{'criterion': 'entropy', 'max_depth': 7, 'max_features': 'log2', 'n_estimators': 75}
010,0,0,66,44.56281781196594,{'criterion': 'entropy', 'max_depth': 5, 'max_features': 'sqrt', 'n_estimators': 150}
010,1,0,69,44.60373330116272,{'criterion': 'entropy', 'max_depth': 7, 'max_features': 'sqrt', 'n_estimators': 75}
010,2,0,70,43.53368043899536,{'criterion': 'entropy', 'max_depth': 3, 'max_features': 'sqrt', 'n_estimators': 100}
010,3,0,71,44.36333680152893,{'criterion': 'entropy', 'max_depth': 5, 'max_features': 'sqrt', 'n_estimators': 50}
010,4,0,66,44.09166979789734,{'criterion': 'gini', 'max_depth': 5, 'max_features': 'sqrt', 'n_estimators': 75}
015,0,0,68,45.4310564994812,{'criterion': 'entropy', 'max_depth': 3, 'max_features': 'log2', 'n_estimators': 125}
015,1,0,72,45.44164252281189,{'criterion': 'gini', 'max_depth': 3, 'max_features': 'log2', 'n_estimators': 50}
015,2,0,70,45.03042221069336,{'criterion': 'entropy', 'max_depth': 3, 'max_features': 'log2', 'n_estimators': 100}
015,3,0,66,45.33891415596008,{'criterion': 'gini', 'max_depth': 3, 'max_features': 'sqrt', 'n_estimators': 125}
015,4,0,68,45.29881000518799,{'criterion': 'gini', 'max_depth': 5, 'max_features': 'sqrt', 'n_estimators': 100}
020,0,0,71,46.817965507507324,{'criterion': 'entropy', 'max_depth': 3, 'max_features': 'sqrt', 'n_estimators': 100}
020,1,0,71,46.361027002334595,{'criterion': 'entropy', 'max_depth': 7, 'max_features': 'log2', 'n_estimators': 100}
020,2,0,65,47.49842953681946,{'criterion': 'gini', 'max_depth': 5, 'max_features': 'sqrt', 'n_estimators': 100}
020,3,0,70,47.10762000083923,{'criterion': 'entropy', 'max_depth': 3, 'max_features': 'log2', 'n_estimators': 100}
020,4,0,64,47.1793372631073,{'criterion': 'gini', 'max_depth': 3, 'max_features': 'sqrt', 'n_estimators': 100}
030,0,0,74,49.76092576980591,{'criterion': 'entropy', 'max_depth': 3, 'max_features': 'sqrt', 'n_estimators': 100}
030,1,0,70,50.32025861740112,{'criterion': 'gini', 'max_depth': 5, 'max_features': 'sqrt', 'n_estimators': 125}
030,2,0,67,50.448854207992554,{'criterion': 'entropy', 'max_depth': 7, 'max_features': 'sqrt', 'n_estimators': 100}
030,3,0,73,49.3511905670166,{'criterion': 'entropy', 'max_depth': 7, 'max_features': 'sqrt', 'n_estimators': 75}
030,4,0,70,49.97918224334717,{'criterion': 'gini', 'max_depth': 7, 'max_features': 'log2', 'n_estimators': 100}
060,0,0,71,58.526206493377686,{'criterion': 'gini', 'max_depth': 3, 'max_features': 'sqrt', 'n_estimators': 25}
060,1,0,70,58.895920753479004,{'criterion': 'entropy', 'max_depth': 3, 'max_features': 'log2', 'n_estimators': 75}
060,2,0,72,59.44990420341492,{'criterion': 'entropy', 'max_depth': 5, 'max_features': 'log2', 'n_estimators': 50}
060,3,0,71,58.86224818229675,{'criterion': 'entropy', 'max_depth': 5, 'max_features': 'sqrt', 'n_estimators': 25}
060,4,0,72,58.77581429481506,{'criterion': 'entropy', 'max_depth': 5, 'max_features': 'log2', 'n_estimators': 50}
100,0,0,70,71.54708075523376,{'criterion': 'gini', 'max_depth': 3, 'max_features': 'sqrt', 'n_estimators': 25}
100,1,0,72,71.06054520606995,{'criterion': 'gini', 'max_depth': 5, 'max_features': 'sqrt', 'n_estimators': 75}
100,2,0,71,71.00695586204529,{'criterion': 'gini', 'max_depth': 3, 'max_features': 'sqrt', 'n_estimators': 25}
100,3,0,72,71.20275521278381,{'criterion': 'entropy', 'max_depth': 3, 'max_features': 'sqrt', 'n_estimators': 100}
100,4,0,72,71.2722430229187,{'criterion': 'gini', 'max_depth': 3, 'max_features': 'sqrt', 'n_estimators': 25}
005,0,0,61,42.55215358734131,{'criterion': 'gini', 'max_depth': 7, 'max_features': 'log2', 'n_estimators': 75}
005,1,0,62,42.62933015823364,{'criterion': 'gini', 'max_depth': 7, 'max_features': 'sqrt', 'n_estimators': 25}
005,2,0,56,42.94552564620972,{'criterion': 'entropy', 'max_depth': 7, 'max_features': 'sqrt', 'n_estimators': 75}
005,3,0,59,42.33536434173584,{'criterion': 'entropy', 'max_depth': 3, 'max_features': 'log2', 'n_estimators': 25}
005,4,0,53,43.21832609176636,{'criterion': 'entropy', 'max_depth': 5, 'max_features': 'log2', 'n_estimators': 25}
010,0,0,66,44.256619930267334,{'criterion': 'gini', 'max_depth': 5, 'max_features': 'log2', 'n_estimators': 25}
010,1,0,64,44.244932889938354,{'criterion': 'entropy', 'max_depth': 5, 'max_features': 'log2', 'n_estimators': 25}
010,2,0,72,43.30611991882324,{'criterion': 'gini', 'max_depth': 7, 'max_features': 'sqrt', 'n_estimators': 50}
010,3,0,71,44.345823764801025,{'criterion': 'entropy', 'max_depth': 3, 'max_features': 'sqrt', 'n_estimators': 150}
010,4,0,64,43.934704065322876,{'criterion': 'gini', 'max_depth': 3, 'max_features': 'log2', 'n_estimators': 125}
015,0,0,68,45.131871461868286,{'criterion': 'entropy', 'max_depth': 3, 'max_features': 'sqrt', 'n_estimators': 25}
015,1,0,67,45.39805793762207,{'criterion': 'gini', 'max_depth': 3, 'max_features': 'sqrt', 'n_estimators': 25}
015,2,0,72,44.92081379890442,{'criterion': 'gini', 'max_depth': 7, 'max_features': 'sqrt', 'n_estimators': 50}
015,3,0,66,45.34644937515259,{'criterion': 'entropy', 'max_depth': 5, 'max_features': 'log2', 'n_estimators': 125}
015,4,0,69,45.39666199684143,{'criterion': 'entropy', 'max_depth': 5, 'max_features': 'log2', 'n_estimators': 150}
020,0,0,70,46.72858476638794,{'criterion': 'entropy', 'max_depth': 3, 'max_features': 'sqrt', 'n_estimators': 25}
020,1,0,72,46.38498830795288,{'criterion': 'entropy', 'max_depth': 7, 'max_features': 'sqrt', 'n_estimators': 50}
020,2,0,69,47.631598711013794,{'criterion': 'entropy', 'max_depth': 3, 'max_features': 'sqrt', 'n_estimators': 125}
020,3,0,71,46.933149337768555,{'criterion': 'gini', 'max_depth': 3, 'max_features': 'sqrt', 'n_estimators': 50}
020,4,0,64,47.01621198654175,{'criterion': 'entropy', 'max_depth': 3, 'max_features': 'log2', 'n_estimators': 25}
030,0,0,72,49.77481508255005,{'criterion': 'entropy', 'max_depth': 3, 'max_features': 'sqrt', 'n_estimators': 50}
030,1,0,71,50.56273794174194,{'criterion': 'gini', 'max_depth': 7, 'max_features': 'sqrt', 'n_estimators': 150}
030,2,0,70,50.47819662094116,{'criterion': 'gini', 'max_depth': 7, 'max_features': 'sqrt', 'n_estimators': 50}
030,3,0,72,49.438618898391724,{'criterion': 'entropy', 'max_depth': 3, 'max_features': 'sqrt', 'n_estimators': 50}
030,4,0,72,50.13557696342468,{'criterion': 'entropy', 'max_depth': 5, 'max_features': 'log2', 'n_estimators': 125}
060,0,0,72,58.903083086013794,{'criterion': 'gini', 'max_depth': 3, 'max_features': 'sqrt', 'n_estimators': 75}
060,1,0,71,59.10804629325867,{'criterion': 'gini', 'max_depth': 3, 'max_features': 'log2', 'n_estimators': 50}
060,2,0,73,59.5650269985199,{'criterion': 'gini', 'max_depth': 7, 'max_features': 'log2', 'n_estimators': 75}
060,3,0,72,58.44231677055359,{'criterion': 'entropy', 'max_depth': 7, 'max_features': 'log2', 'n_estimators': 50}
060,4,0,74,58.89098286628723,{'criterion': 'gini', 'max_depth': 3, 'max_features': 'log2', 'n_estimators': 50}
100,0,0,72,71.66774892807007,{'criterion': 'entropy', 'max_depth': 3, 'max_features': 'log2', 'n_estimators': 150}
100,1,0,75,71.2422137260437,{'criterion': 'entropy', 'max_depth': 5, 'max_features': 'sqrt', 'n_estimators': 75}
100,2,0,72,71.13741850852966,{'criterion': 'gini', 'max_depth': 3, 'max_features': 'sqrt', 'n_estimators': 100}
100,3,0,73,71.46072554588318,{'criterion': 'entropy', 'max_depth': 7, 'max_features': 'sqrt', 'n_estimators': 125}
100,4,0,74,71.38495373725891,{'criterion': 'gini', 'max_depth': 3, 'max_features': 'log2', 'n_estimators': 100}
